blink_rate_per_min,ear_mean,ear_std,gaze_x_mean,gaze_x_std,gaze_y_mean,gaze_y_std,gaze_variance,yaw_mean,yaw_range,pitch_mean,pitch_range,head_movement,emotion_neutral,emotion_focused,emotion_confused,emotion_stressed,emotion_bored,label
15.914151,0.3254019,0.008801353,0.44986778,0.033037424,0.49205685,0.034259222,0.043666612,-2.3450115,7.6749535,-2.7089286,3.1061487,15.362073,0.39727795,0.2775098,0.25147915,0.045317996,0.028415084,0
11.880048,0.32823944,0.00918587,0.5101282,0.0468757,0.48744845,0.03248394,0.06309606,0.0917214,4.133155,1.2607135,8.876096,13.139628,0.106485546,0.8634523,0.0017295032,0.020249644,0.008082984,0
17.251354,0.3571899,0.009940295,0.53580874,0.041024666,0.5243528,0.033336025,0.0505778,-3.1590493,3.205227,0.73095244,5.1036897,9.988204,0.22846837,0.47498927,0.001393831,0.03814455,0.25700396,0
17.821693,0.32937106,0.00803277,0.51093286,0.01939846,0.4966229,0.04236343,0.07738599,-1.8070236,5.380425,3.344758,2.0,5.171068,0.60270166,0.3911596,0.005643632,0.00014655718,0.00034856636,0
9.146894,0.33315775,0.012073188,0.58955324,0.03795721,0.4726728,0.042158294,0.021280905,7.3575025,6.1204724,3.9118378,5.65548,7.0325346,0.12138006,0.7539181,0.09183825,0.025959477,0.006904086,0
11.093461,0.37421492,0.014307935,0.5571915,0.038923733,0.49483445,0.025490431,0.06150023,4.4160957,3.5184882,-10.0,7.4123435,15.167441,0.6785648,0.28485602,0.021069968,0.00069083256,0.014818404,0
15.383521,0.3157239,0.008606859,0.48769888,0.033149675,0.5154435,0.031940173,0.042418055,-2.7433107,3.2244928,-7.7744823,5.3128695,9.9552765,0.26949552,0.65410405,0.055523288,5.6648798e-08,0.0208771,0
14.051272,0.30404234,0.011455595,0.4872789,0.041314244,0.46448836,0.01135898,0.051807284,-1.8782661,6.3645954,-10.0,3.196813,10.784528,0.6238826,0.1612947,0.04638,0.1684326,1.0133121e-05,0
14.949596,0.32855594,0.009281148,0.51878786,0.03188074,0.450613,0.03099093,0.06609253,-5.108016,4.484439,-0.47227836,3.0178514,11.850605,0.06309524,0.81422764,0.06495512,0.057712067,9.944391e-06,0
12.440868,0.32877982,0.011096462,0.46647924,0.032004677,0.55978227,0.022060106,0.03765384,2.8199751,3.0949767,-5.772327,3.1653621,7.091483,0.4460334,0.30567586,0.20449053,0.0013696019,0.042430624,0
17.638193,0.3094657,0.014697338,0.54665154,0.031212406,0.4807272,0.028136175,0.06328464,-0.9989698,7.9306827,-4.9567213,8.043316,12.22187,0.44170693,0.5581362,2.4786019e-05,6.087999e-06,0.00012598642,0
17.333376,0.29935205,0.011525978,0.514464,0.009817559,0.4958794,0.013146281,0.055753235,-7.8658657,4.7364106,-3.8663898,4.856672,9.741154,0.53458273,0.2581157,0.007054754,0.20011365,0.000133161,0
15.198092,0.3661969,0.0046797562,0.5102584,0.029196016,0.48806614,0.03404872,0.046788264,0.40313438,8.2996235,-1.4697173,2.0,11.881108,0.20707542,0.38284805,0.048332885,0.008059992,0.35368365,0
18.381723,0.32653686,0.011361987,0.52747816,0.023317493,0.51644266,0.013034313,0.050588552,1.7559155,6.0569415,-8.941284,5.7682676,9.265847,0.5475471,0.31562257,0.06795483,0.068002045,0.0008734319,0
16.402529,0.3053543,0.013698591,0.5689132,0.01813552,0.5531837,0.031482846,0.05690896,3.8525639,6.5895176,-8.035454,5.2820735,6.280652,0.5306696,0.21435471,0.0028353373,0.24063274,0.01150755,0
12.422123,0.33831862,0.0093352115,0.5068382,0.044340182,0.517398,0.017734945,0.044643268,-0.29341918,5.5770006,-2.994815,4.102209,9.717882,0.5628876,0.36507827,0.05729396,0.004642545,0.010097597,0
16.106253,0.3178171,0.012986904,0.4954784,0.035042074,0.45444906,0.02150359,0.06014189,-1.4906846,2.0,1.7949837,2.9591866,12.922333,0.49598956,0.35459474,8.229183e-05,0.0005964463,0.14873695,0
12.123352,0.31494236,0.007929653,0.5603488,0.02970169,0.4584763,0.04154732,0.054436468,7.945059,3.726427,-3.1015897,2.8722103,12.18218,0.50290847,0.24401207,0.006127135,0.0004646427,0.24648769,0
17.635351,0.33124545,0.0055433824,0.538702,0.024351966,0.48803106,0.03587918,0.04777435,0.026344625,5.748581,-6.166639,7.173268,11.0927925,0.65989333,0.2260068,0.103843875,0.010255233,7.538651e-07,0
14.850223,0.29416236,0.010423507,0.4871608,0.032961696,0.49195302,0.04149203,0.091796845,2.8782473,6.7294583,-10.0,5.4950256,13.694396,0.31998986,0.41302884,0.24008174,3.4992958e-05,0.026864553,0
14.445413,0.32705253,0.0047305697,0.5002075,0.039914362,0.44834146,0.04559727,0.0683048,-2.1581585,2.420652,0.8107023,5.9572873,10.389218,0.724502,0.27099705,0.00185796,0.0005926611,0.0020502748,0
12.9572115,0.35825908,0.009280687,0.50781524,0.021730341,0.52458024,0.022271613,0.052345756,2.7596385,5.8927965,-5.9437265,5.4895177,11.168829,0.41121158,0.46625176,0.0010954068,0.046755612,0.07468564,0
18.667624,0.32932356,0.0138605265,0.51447254,0.029951716,0.4674104,0.044989716,0.06291721,-5.822516,3.7554717,-7.5897474,5.6553774,9.560699,0.43014982,0.52103996,0.04325625,0.005551439,2.5196357e-06,0
14.536411,0.31247577,0.0042707114,0.44573602,0.038680665,0.54479903,0.015344944,0.0394636,-1.8482702,6.46924,-9.8613,4.0632105,13.869854,0.31810138,0.3057939,0.22085446,0.00041985497,0.1548304,0
13.715016,0.3098579,0.0061615095,0.4383006,0.010639989,0.55461895,0.037461005,0.05126457,-4.833097,5.9611983,-8.756403,4.588341,11.874586,0.55357206,0.43499315,0.0006608108,0.00033150945,0.010442506,0
13.9436,0.3117932,0.006903903,0.4645044,0.029424302,0.4925524,0.025066623,0.053598452,-2.4198933,7.4870033,-6.8448567,7.3298235,9.329125,0.06784031,0.69554335,0.023921078,0.21267411,2.114507e-05,0
16.596928,0.31492075,0.009810041,0.46141046,0.025707087,0.51316917,0.020696998,0.035064124,5.00188,8.133646,-3.955395,7.8291802,6.532911,0.81876385,0.045143545,4.00833e-05,8.141685e-06,0.13604438,0
16.096333,0.31244388,0.00890285,0.47424704,0.028661702,0.46304157,0.0361447,0.06774708,-2.4493036,6.9179797,-7.8349667,2.555816,14.314884,0.2385895,0.12915598,0.11870588,0.00041142153,0.5131372,0
16.238197,0.33832622,0.014197409,0.5253884,0.024983715,0.5187103,0.039449517,0.049887747,2.8730245,7.720787,-2.2571678,4.5834823,8.767805,0.92891496,0.053231817,0.009174582,0.008144349,0.00053427706,0
16.292463,0.2853358,0.012863045,0.49324283,0.031376246,0.48505422,0.039152686,0.052890666,6.069061,5.299315,-3.985791,6.6785707,11.216193,0.48602822,0.44521138,0.00049693853,0.0059775356,0.062285945,0
21.424942,0.33724,0.011485819,0.5078558,0.04923627,0.46738294,0.0321486,0.048625603,-0.11030926,11.6462345,5.887969,8.764159,18.057798,0.29000297,0.59116626,0.000820279,0.11163051,0.0063799494,0
13.780755,0.31240627,0.010436891,0.45102787,0.026760776,0.49131995,0.031319574,0.11918181,3.9750683,3.5623617,-9.817773,8.563919,13.404529,0.3220809,0.5953633,3.2729014e-05,0.025938181,0.056584883,0
13.463272,0.32753897,0.011179689,0.4815343,0.03291711,0.48602757,0.035268664,0.046747696,2.1243439,4.9444885,-2.3540823,3.4084845,15.833448,0.44501346,0.5203961,0.00080896664,0.0025321743,0.031249281,0
12.5586815,0.29746023,0.0074140527,0.5234903,0.049947463,0.49024522,0.03303764,0.01862646,0.4657477,7.802717,-2.30398,7.550092,9.385626,0.6332272,0.36205116,0.0021865591,0.00029010026,0.0022449861,0
16.847939,0.3465726,0.012571631,0.5237981,0.024499845,0.5284904,0.03541356,0.02800136,3.0012624,7.5054426,-7.1222296,5.1172724,14.212929,0.25348067,0.2299072,0.3653812,0.07185322,0.07937769,0
18.386917,0.3449127,0.0066638673,0.47101703,0.048146755,0.47644076,0.032039996,0.07518605,7.359752,6.974778,-2.6189904,7.0888333,11.080007,0.9023577,0.049537912,9.602663e-07,0.007948797,0.040154617,0
14.658157,0.33919182,0.012506131,0.5064665,0.03005323,0.5520507,0.038427837,0.08672906,-2.5490756,7.3506374,0.07837746,6.576557,12.098051,0.50090146,0.10684482,0.000838304,0.33221123,0.059204195,0
12.47953,0.28970492,0.013558428,0.5879539,0.047818962,0.4602482,0.013727922,0.046364058,-3.8368037,2.0,-2.6140342,2.472072,17.062525,0.31946233,0.571405,0.0040874123,4.4245596e-07,0.105044805,0
12.526556,0.33658242,0.010632594,0.49929607,0.03750201,0.5484629,0.028687265,0.08557899,-4.071658,9.178597,2.5378516,6.099948,10.1640625,0.4973394,0.41900814,0.051754322,0.005429004,0.026469141,0
16.951778,0.3280971,0.009471361,0.47227252,0.033071082,0.46950468,0.016161535,0.0748318,3.977712,5.592218,-10.0,7.011393,11.057763,0.55548537,0.20586865,0.0033351763,1.1882306e-06,0.23530962,0
17.229763,0.28789458,0.01120093,0.4930495,0.029343693,0.4999696,0.03276702,0.0562104,4.5174704,8.491788,-6.3689337,4.9596896,8.290356,0.7196609,0.1835028,5.6228635e-09,0.096833706,2.6137013e-06,0
16.629463,0.31951407,0.0014154449,0.5036871,0.023759585,0.4852941,0.0464193,0.054791074,-2.1481478,2.0,2.9002242,4.507367,13.665405,0.4372407,0.2835305,0.21978268,0.053819243,0.0056268927,0
13.00347,0.32729068,0.010906775,0.49395326,0.030757915,0.48968813,0.025259152,0.0636174,-8.544054,6.513137,0.6481053,2.0,9.318119,0.38041583,0.6021063,0.017475206,2.7077972e-06,1.8178614e-08,0
15.696484,0.3311215,0.009659938,0.4987458,0.038973615,0.5240407,0.03127252,0.077549115,-2.699027,4.8729954,-0.83795315,6.367235,14.068131,0.3990078,0.5026017,0.042837135,0.04584117,0.009712232,0
15.350058,0.32354522,0.009848116,0.44226214,0.029868886,0.54499483,0.037564866,0.06794589,2.1914167,7.1442404,1.9328616,5.4174967,6.05026,0.1925485,0.2740342,0.088340126,0.44338372,0.0016934396,0
15.656066,0.32582462,0.012119598,0.46149477,0.026833773,0.53571576,0.009322771,0.046463832,-0.26689255,6.634141,-10.0,3.1556323,12.645914,0.53163964,0.35048667,0.023096353,0.0035618017,0.09121558,0
17.614286,0.34947222,0.0097756935,0.4940266,0.027492175,0.4878543,0.024778895,0.056515858,0.72139096,6.7320957,0.18244265,4.34832,9.06892,0.8987829,0.09750544,0.0035783881,0.00012707141,6.2004615e-06,0
15.670787,0.3445207,0.0065793796,0.49338928,0.039924767,0.5055277,0.033645157,0.09962527,-2.0933776,3.8821166,1.2574806,5.3090067,13.191553,0.39431927,0.60392797,0.0015934795,0.00014385005,1.5463438e-05,0
17.036741,0.2626589,0.009575792,0.47735244,0.042251613,0.47653767,0.0010300528,0.06502428,4.0563564,5.8860617,-5.6348004,3.8827283,10.959323,0.4912708,0.4592482,0.020997845,2.6587068e-07,0.028482897,0
15.202737,0.31365123,0.010202667,0.49291945,0.023328494,0.4702535,0.020231916,0.077386506,1.3727672,5.639666,7.5169487,5.0053544,9.393983,0.2517231,0.707197,0.00072005455,0.04011007,0.00024972565,0
15.867358,0.316707,0.0103448015,0.5024406,0.023314122,0.46561098,0.04100858,0.0707977,2.3458538,6.99062,-2.2146041,2.0,9.840322,0.9364566,0.032155693,0.005688343,0.0011252286,0.02457412,0
16.893866,0.28495803,0.010485758,0.5355765,0.03379359,0.4868728,0.04002997,0.06546716,0.6362627,7.978594,-10.0,7.6988435,8.448835,0.50158274,0.31143713,0.115761995,0.06891673,0.0023014243,0
10.628532,0.32188365,0.013118107,0.49603152,0.04527532,0.5074882,0.033743184,0.062173977,2.0974727,6.300952,-1.474912,5.0318184,13.513363,0.6120086,0.3839694,9.4568e-06,0.0030691011,0.0009434816,0
14.040986,0.34497514,0.0067418963,0.51596415,0.041459903,0.44264555,0.038821977,0.07794781,1.8342868,3.4476554,-5.8794403,2.801293,7.854088,0.63297546,0.3382203,0.002555446,0.00018941425,0.026059398,0
13.588882,0.29826865,0.010527101,0.47833598,0.017481478,0.4986094,0.032151043,0.07437284,-3.7122986,6.2151575,1.6599811,2.0,10.198764,0.5451441,0.45285922,0.0019614405,3.1752975e-08,3.5220506e-05,0
13.083366,0.32672802,0.013869789,0.52288383,0.02735924,0.5454807,0.03555395,0.06527787,1.4922523,11.222153,-0.80822384,7.05827,12.035719,0.5494901,0.23144726,4.220656e-05,1.2753335e-07,0.2190203,0
14.174573,0.30168355,0.0047961655,0.5150292,0.020693965,0.5336573,0.026843462,0.04612475,3.1660328,9.29201,-5.3916883,6.1161833,15.840484,0.506821,0.15964115,0.3309636,9.7091586e-05,0.0024771907,0
19.484823,0.30656177,0.01053894,0.5346327,0.027324874,0.48244447,0.031158127,0.067711174,4.620566,2.0,3.0098076,5.4213715,10.972104,0.4536876,0.33314297,0.21207266,4.6004963e-05,0.0010507676,0
12.402507,0.34954786,0.008243864,0.5285384,0.0460441,0.45809382,0.023676297,0.05865984,1.6644286,6.126686,0.7578052,6.727296,10.272469,0.39368075,0.47272065,0.10094773,0.032639444,1.1419412e-05,0
17.904835,0.30914885,0.008887869,0.52354944,0.015773993,0.5137949,0.042634834,0.05383488,-3.861002,7.864239,-6.31168,6.721797,11.820905,0.41987368,0.5608357,0.009594415,0.009696186,3.8390016e-09,0
9.95139,0.32924426,0.0072855777,0.4960633,0.013811347,0.43047714,0.045215596,0.11357552,-3.2452693,5.635346,-3.6081803,5.388876,4.7796073,0.39262718,0.15272368,0.18217805,0.03682443,0.23564665,0
13.995345,0.28257564,0.009491348,0.5097976,0.021714458,0.53330463,0.04379913,0.029218974,-1.7405924,5.0798182,-0.9323328,4.4915714,7.4040627,0.51529855,0.33466846,0.018105272,0.13162264,0.00030507988,0
15.488259,0.35724634,0.015523767,0.5425404,0.032873105,0.49359238,0.025918912,0.07917026,0.75785565,5.4660716,-4.457053,4.1657166,9.8739,0.86418796,0.11969744,1.766376e-05,0.0101534985,0.0059434697,0
16.758667,0.33205304,0.006206709,0.473917,0.03620755,0.55493903,0.02046226,0.04274658,-0.4889444,7.104379,-4.337598,5.841884,8.861093,0.37423947,0.29636934,0.17887908,0.05730573,0.09320638,0
17.13368,0.31635,0.00649117,0.47486368,0.034374483,0.44819105,0.042769738,0.06262391,-4.4949284,3.7030602,-2.8530998,7.7940626,6.1975,0.44545656,0.38440114,0.063961394,0.00087383244,0.10530705,0
17.380041,0.33151093,0.0060941963,0.5072573,0.041756853,0.5275444,0.03543907,0.11137175,-4.5188804,8.3773775,-7.2631946,4.7941937,13.573336,0.1375337,0.5407533,0.028199855,0.2462259,0.047287267,0
13.953825,0.2918036,0.015182255,0.51661116,0.012369144,0.49698472,0.033285845,0.04075262,-8.394087,5.888014,-10.0,7.952955,11.77927,0.52374613,0.1633302,0.10500066,0.18234493,0.025578065,0
13.612945,0.3436506,0.008612981,0.46703574,0.041883364,0.4900685,0.02366368,0.04552255,-10.0,4.1299515,-2.0434606,5.746305,11.420795,0.53751975,0.2541677,0.002358123,1.4347193e-05,0.20594011,0
17.573927,0.3135203,0.009923083,0.4970095,0.026879046,0.45890468,0.034256637,0.059649725,-0.52712727,8.2487,-10.0,5.761382,8.918027,0.88184595,0.024987828,0.03375859,0.054950602,0.0044570486,0
14.426087,0.31591862,0.008791652,0.49624005,0.037314944,0.51787245,0.01914722,0.04305566,9.280922,2.9097383,-6.9721546,9.810219,11.238179,0.49690983,0.46161315,0.0035464712,0.036571495,0.0013590766,0
11.172941,0.3101669,0.007166731,0.41138878,0.016765745,0.5202841,0.036340624,0.077681124,7.187118,4.88958,-10.0,8.305356,12.543348,0.7623723,0.2318836,0.0044738725,0.0012700469,1.6439107e-07,0
11.600139,0.30838698,0.009294548,0.49121624,0.030049566,0.5535538,0.043788865,0.04930941,-3.9129257,4.85665,-9.593778,8.357219,10.205312,0.8251528,0.100004435,0.047663335,0.00034623072,0.026833175,0
12.241643,0.33389342,0.017374732,0.4937073,0.032362707,0.5302415,0.046310455,0.07308019,0.5996132,10.287884,-1.2945793,3.4047728,12.333716,0.6264229,0.23087509,0.09045399,0.049687613,0.002560418,0
16.491482,0.32511812,0.014176213,0.49358827,0.04155751,0.48218313,0.03708524,0.03341622,-5.858318,4.6299586,-3.8892326,9.384365,8.611818,0.14925495,0.7572425,0.00040664762,0.049320973,0.04377491,0
15.427278,0.33303496,0.0074411863,0.5566366,0.014147454,0.46988413,0.016179785,0.02386337,-5.2484384,2.0,-4.0336018,4.8355665,11.292456,0.30414426,0.6656365,0.0007773751,0.008485333,0.02095652,0
17.071457,0.3198241,0.011942722,0.45136806,0.030307526,0.45894524,0.031973302,0.0554203,-4.7898903,4.83637,-8.263607,4.5450177,14.427495,0.74641585,0.24944821,1.1057121e-05,0.0025555594,0.0015693106,0
13.718242,0.330264,0.007505432,0.4670151,0.019147648,0.5441967,0.051396817,0.028629843,-0.90199476,6.911101,-5.6233964,2.0,14.696059,0.6494472,0.34769967,0.0021620994,0.0006850674,5.968838e-06,0
15.475619,0.31162304,0.004670897,0.39551216,0.03505496,0.47665477,0.021313883,0.09036538,-0.72983843,7.568169,-1.4941794,5.6525817,14.982766,0.53766847,0.34781206,0.002681918,0.11183469,2.8551533e-06,0
16.876772,0.36459464,0.013058533,0.48076335,0.037772164,0.5444069,0.029408185,0.02940393,1.0108079,10.55308,-3.208349,2.833292,11.856706,0.7160612,0.048702743,0.044899315,0.16635877,0.02397798,0
14.07196,0.2886414,0.013480279,0.48417425,0.042871702,0.51575214,0.044135243,0.039246265,2.6528656,8.813795,0.29069623,5.816508,11.094842,0.81368494,0.14322999,0.038382195,0.0038966546,0.0008062529,0
16.370325,0.34521875,0.013138156,0.4796009,0.024649706,0.5098971,0.03617134,0.0682724,-1.3475237,6.375845,0.8603681,2.6768696,9.653633,0.16443668,0.70325965,3.6855351e-07,0.13229522,8.107919e-06,0
13.014222,0.34735814,0.008590404,0.5443071,0.039272264,0.49079394,0.054801565,0.04827272,0.14480789,4.2171693,-4.0088797,8.5954,5.5775456,0.50740546,0.28771788,0.14194499,0.00021076578,0.06272087,0
13.910838,0.30295682,0.009499673,0.5344247,0.043609016,0.5198202,0.022671307,0.02963224,-4.37525,9.2480545,-10.0,6.103148,6.965301,0.77878225,0.17104907,1.4550809e-05,0.050090533,6.3586434e-05,0
13.854786,0.36458546,0.0122492965,0.5031143,0.013567531,0.4995359,0.020102441,0.100799285,-5.377988,5.2628727,-6.0265794,9.559743,10.495835,0.38852113,0.36153534,0.17705882,0.023385998,0.049498707,0
11.412481,0.3399098,0.011174488,0.4851755,0.03612345,0.4889236,0.042241253,0.039967325,-5.995889,4.6836853,-3.390757,2.9539518,10.675135,0.5097356,0.425606,0.00016510686,0.045980167,0.0185131,0
16.460917,0.3394228,0.008819087,0.5410476,0.039585114,0.52088016,0.018041214,0.056074843,2.5969913,5.1658525,-6.105948,8.098358,15.23667,0.5589708,0.37296614,5.7381653e-06,0.012745985,0.055311345,0
13.591793,0.32056046,0.0051427847,0.49920967,0.027412737,0.49568084,0.02803232,0.05581615,-1.3516314,3.4954236,-7.218497,2.0,14.944397,0.6850535,0.25226313,0.007111148,0.054356635,0.0012155661,0
15.037482,0.31565547,0.010341626,0.4672692,0.017892264,0.47604996,0.029343534,0.07420618,-7.484481,5.0699596,-2.720991,5.416151,8.940541,0.28539526,0.6065346,0.0833539,0.008170433,0.016545834,0
16.44224,0.3158118,0.013237029,0.43135005,0.039429557,0.5179948,0.040359896,0.06924705,-0.2523558,5.5337834,6.7212124,3.7367537,13.454977,0.42655534,0.40901983,0.00011208252,0.06946416,0.09484862,0
16.339594,0.32781062,0.0064072353,0.48234743,0.018004911,0.49808043,0.03614268,0.04346398,-4.9952855,7.4613132,-4.952752,4.104087,9.568793,0.32026863,0.13702863,0.076059334,5.8731068e-05,0.46658468,0
16.996155,0.3480237,0.011916278,0.53018576,0.028216485,0.5146673,0.03457065,0.053483456,6.6415153,5.2238235,-3.0112233,3.9670072,13.047849,0.50875837,0.085873745,3.335161e-06,1.6010942e-07,0.4053644,0
14.704543,0.32362628,0.010994625,0.59106153,0.02959876,0.4863842,0.025975691,0.055461552,-2.3152869,3.4650815,-8.248143,3.1705675,13.418054,0.24007697,0.6543003,0.0029203892,0.10270231,4.107985e-08,0
13.730105,0.30177113,0.012250445,0.5024644,0.037155382,0.46372637,0.04215004,0.07497919,2.726024,2.7924557,1.9736042,2.4806235,14.726278,0.50741166,0.48957974,0.0007171256,2.6274762e-08,0.0022914466,0
14.760845,0.33648854,0.012615927,0.46938577,0.023733685,0.5520522,0.07025824,0.036633562,4.355852,6.4191394,0.49897218,4.115146,9.52207,0.41178748,0.35942584,0.19448924,0.009745346,0.024552105,0
9.937997,0.338423,0.007916604,0.4526014,0.023154164,0.54639834,0.03691282,0.10036221,-3.8197138,6.1452518,0.22293656,5.2320566,14.042912,0.32018304,0.23415971,0.0023504393,0.44330466,2.1443327e-06,0
10.658663,0.3330932,0.005149122,0.5220782,0.030989155,0.5265136,0.030996721,0.044816334,0.30418846,4.8913746,2.4391832,7.327389,5.381558,0.49557304,0.21731547,0.09912518,0.18549179,0.0024945498,0
11.031901,0.33490998,0.008399442,0.42941535,0.040063906,0.48836568,0.017021371,0.05982501,2.2138717,5.065087,-4.7093654,5.5907006,14.888647,0.39782345,0.51874065,0.01295999,0.07047591,2.635976e-08,0
12.00826,0.31458142,0.012667382,0.5220138,0.0528745,0.49099046,0.023625186,0.03680021,0.4621847,6.7769737,-4.2096715,7.3330803,10.92495,0.3333486,0.37137777,2.220421e-05,0.29522598,2.5412835e-05,0
16.199322,0.3014202,0.008373988,0.53270847,0.014925188,0.5414698,0.027862897,0.03403682,1.444403,8.781093,3.839514,2.0436463,10.988816,0.42381468,0.5112644,0.025341228,0.0307178,0.008861945,0
12.283563,0.30263612,0.00791787,0.51745117,0.03315342,0.4893851,0.024653997,0.042511433,-5.3185177,4.4397106,-0.4690876,4.1340613,4.8876905,0.60648793,0.30612427,0.029574523,0.02770859,0.03010469,0
13.865512,0.28729072,0.004535949,0.49121353,0.01913465,0.4810233,0.029839221,0.040589537,2.2161448,6.177806,-10.0,6.42201,9.8340025,0.7060681,0.08183641,0.008796762,0.20327592,2.2818924e-05,0
18.897684,0.32473898,0.0152579425,0.5225976,0.04018811,0.55616707,0.04778016,0.05171486,-1.9446567,7.9165406,-1.1807162,5.6863813,15.066439,0.5963164,0.34692952,0.0069682817,0.049741406,4.43882e-05,0
13.931208,0.31833103,0.012477141,0.50683755,0.020614555,0.49856967,0.04247167,0.0404207,1.3978049,4.4477715,-5.3267922,3.2776499,9.719894,0.77833813,0.20881368,2.4826719e-05,1.2595276e-10,0.012823342,0
17.212547,0.31120023,0.012309688,0.46887505,0.023253517,0.5530528,0.028411673,0.07391105,3.6799555,5.9687357,0.5926873,6.868138,13.1403885,0.805181,0.111958876,0.015644146,0.037463572,0.029752387,0
12.199147,0.26088762,0.012903176,0.5740165,0.024107292,0.45804825,0.0179172,0.044340324,2.675234,5.924009,-1.3672382,3.9374537,11.103665,0.25224978,0.441536,0.19376475,0.061445218,0.051004227,0
14.383687,0.29505366,0.011730125,0.48593283,0.02923801,0.51554555,0.043373678,0.04212369,1.3948789,3.3774095,-9.962171,3.445273,14.188007,0.5745054,0.42519137,2.2438257e-06,0.00028658492,1.4399223e-05,0
12.149934,0.34241682,0.0092670135,0.5310301,0.033231977,0.5621325,0.029509457,0.052140623,2.5685132,6.3369975,-1.9246793,5.9738955,11.574503,0.07951808,0.52561903,0.005382788,6.664675e-08,0.38948005,0
13.982901,0.30670747,0.009508708,0.40325543,0.034837015,0.5008925,0.012734996,0.079856776,2.7536442,6.0630894,-2.157489,5.0123386,8.204565,0.32025442,0.39411226,0.16043347,0.038489815,0.08671006,0
17.520924,0.32721183,0.008717307,0.5510588,0.029942324,0.49207985,0.037124302,0.06429753,5.9820046,7.1101685,-1.5461501,3.9541752,11.169352,0.37588668,0.62230384,7.177073e-05,0.0016632795,7.4432166e-05,0
9.818039,0.2921863,0.017904222,0.55875057,0.01670109,0.46496743,0.040256865,0.05800621,-0.1362028,3.6262271,-0.6978846,3.886263,15.803651,0.33231357,0.5667328,0.0005022748,0.09456434,0.0058870222,0
16.30327,0.3487741,0.011667736,0.50119334,0.037277862,0.5324703,0.005740916,0.031339105,0.655828,6.019941,2.9838638,2.8604064,12.492935,0.6736372,0.32059053,5.822552e-09,0.005527724,0.00024455696,0
15.713207,0.31711945,0.008608598,0.52235085,0.029470414,0.47689617,0.021754453,0.03714583,3.7282672,8.763468,-1.344444,4.2085037,10.650661,0.5729883,0.38431957,0.042116787,0.00036826442,0.00020709063,0
13.21755,0.3258008,0.01139649,0.5223406,0.04161735,0.49715576,0.02889546,0.0344318,-1.9615505,10.155,-2.9084063,7.200019,17.767231,0.24086066,0.3030869,0.42417097,8.549246e-20,0.031881467,0
10.661826,0.3665156,0.006967393,0.47428864,0.022922613,0.46296492,0.037345108,0.08613703,-5.3410697,8.560259,1.5918702,5.489101,14.477647,0.2489462,0.4123986,0.019617232,0.112894215,0.20614374,0
15.216389,0.3503288,0.0145135205,0.5218849,0.013977253,0.54670686,0.024842534,0.07061126,1.9729207,3.645857,5.970963,6.917188,13.450202,0.102124706,0.33458152,0.5167002,0.0008095574,0.045784026,0
13.411522,0.3138687,0.008016793,0.4676548,0.02965974,0.5346466,0.021678582,0.042767588,-0.8240947,6.9021053,0.660283,6.032137,11.952027,0.43688986,0.4232116,0.10498079,0.030711064,0.004206684,0
15.698029,0.3081356,0.011503256,0.4756497,0.042959526,0.49905246,0.037271693,0.048712566,-4.8301096,5.0337067,-2.1751754,3.7755077,13.190822,0.9229551,0.05473349,0.011307756,0.010756444,0.00024720025,0
15.065557,0.3134891,0.013197933,0.54507774,0.03160942,0.46537554,0.025316777,0.043494195,2.0021677,6.567801,-1.2698778,2.0,13.288197,0.69228536,0.2098944,0.07806934,0.00063981226,0.01911112,0
19.805336,0.33019796,0.011154305,0.5389863,0.028003301,0.5460772,0.03542055,0.042282775,5.724532,4.4555664,-1.975825,3.1462913,4.451554,0.7308377,0.20269643,0.0034790302,0.05697356,0.0060132975,0
14.281933,0.31789553,0.01028341,0.47174498,0.02129653,0.48902205,0.018884843,0.06920602,-6.51897,2.5730531,-2.9259264,3.6575284,12.184809,0.5562254,0.4254701,2.0660146e-17,0.016363135,0.001941325,0
11.929507,0.3120951,0.010032406,0.47065693,0.047577664,0.46684384,0.01647667,0.054249275,4.0893,5.3109655,5.660683,3.5028343,10.517583,0.296884,0.41912663,0.026576977,0.23991728,0.017495122,0
15.537827,0.34934363,0.009830677,0.47417614,0.019703975,0.44713646,0.037552692,0.10162336,-10.0,7.445205,-5.9962134,6.96204,9.500671,0.42500502,0.5252548,0.012054527,9.2865175e-06,0.03767638,0
15.65999,0.3177158,0.008269904,0.5293056,0.022746058,0.48062104,0.0325252,0.0850072,-1.6011466,6.5759997,1.6196233,6.941177,10.413688,0.43948317,0.47916043,0.014677449,0.0008825711,0.06579639,0
19.077562,0.36599177,0.00865155,0.4600006,0.035700344,0.45636085,0.039224558,0.086189605,7.362064,6.805896,-3.5034277,9.423759,6.3324537,0.39091355,0.59574294,0.013341436,2.5612474e-07,1.8342853e-06,0
17.505333,0.32181486,0.014438771,0.5142685,0.011439793,0.48131537,0.02467407,0.07342714,-1.3132962,6.4327006,-8.921677,3.4725575,5.5861697,0.16969194,0.45947376,0.0989877,0.27173817,0.00010842192,0
16.070614,0.35570636,0.00967439,0.52987385,0.042745907,0.52233225,0.022048946,0.05154682,0.35975358,6.809055,-3.7532709,8.194897,14.739508,0.6320591,0.23235807,0.067826554,0.06459858,0.0031577162,0
19.389908,0.32714638,0.0076426114,0.49647018,0.03624193,0.488738,0.04360719,0.071955815,3.0514648,7.0590234,-5.1871033,8.182534,12.386474,0.6952849,0.21763165,5.6814177e-05,0.0007435457,0.08628311,0
11.433711,0.3392592,0.008451107,0.54040253,0.03899231,0.5106708,0.014770413,0.053023346,-6.865894,5.4506373,-0.6896907,4.5354724,4.0,0.433132,0.45695347,0.056717828,0.0011131668,0.05208355,0
13.080746,0.30550778,0.013301112,0.4878276,0.03558117,0.47829995,0.042514607,0.092605524,0.2883792,6.165781,-2.634799,5.9471107,9.270846,0.31199893,0.25382006,0.001489472,2.5668773e-05,0.43266588,0
12.220272,0.3029248,0.01202682,0.49144578,0.028388765,0.5019551,0.04320505,0.06808559,0.2568523,9.486517,-7.0881076,7.4814663,13.641655,0.8785181,0.03936157,0.020292386,0.0016166661,0.06021124,0
13.83057,0.32919413,0.011680988,0.46091014,0.019368513,0.557627,0.038600896,0.06524721,7.449284,6.284062,2.8840318,4.8821507,10.159957,0.44089672,0.35464084,0.059911717,0.0007906818,0.14376001,0
10.869942,0.33977106,0.009227436,0.5406871,0.028599245,0.4895454,0.023121925,0.062541455,-4.942963,6.085127,1.360536,4.7272162,14.735015,0.6743814,0.20445848,0.017137384,0.0002360407,0.10378672,0
16.905453,0.32080513,0.011720087,0.4693392,0.020247636,0.5115329,0.02183476,0.09480533,-1.5261573,6.205769,3.344222,3.745325,14.149256,0.44645378,0.15506443,0.19335623,0.0035193954,0.20160615,0
14.333332,0.29427212,0.008069317,0.5139909,0.034861553,0.4530342,0.027899442,0.031324994,-3.7134233,5.5641828,-2.0521414,2.0,6.9298663,0.8088052,0.06815936,0.11189952,0.0029500087,0.008185918,0
10.587581,0.29279482,0.009221158,0.49714735,0.0380678,0.54560316,0.017049603,0.09676576,-4.137647,5.129288,-3.1429322,5.140943,10.570027,0.2628821,0.24810009,0.041710846,0.4379256,0.009381325,0
11.953262,0.29145727,0.012909413,0.45788866,0.044768088,0.4856838,0.02038306,0.056276925,4.509611,6.417357,-0.18575807,3.5802612,9.655732,0.88866454,0.10242072,0.0009991021,0.004933724,0.002981923,0
15.940541,0.28464755,0.012622833,0.4756359,0.033717677,0.531516,0.036447342,0.031877022,0.10660601,4.9885697,-5.3099003,2.8493028,6.832285,0.5562479,0.20258658,0.10886789,0.043630622,0.08866702,0
17.51438,0.32218972,0.0070542702,0.5553149,0.039245754,0.4963046,0.03649349,0.044955805,-2.2222688,5.70897,-2.4797618,5.8443832,6.637177,0.30357414,0.65514326,0.027155288,0.014127281,2.313444e-08,0
20.990192,0.34250087,0.0074334205,0.5080663,0.027028553,0.5183474,0.019504251,0.026983855,-2.0713837,4.4189706,-3.7027116,2.0973756,8.581935,0.28887537,0.6252333,0.07673918,0.0012224183,0.007929747,0
23.741587,0.31973168,0.010326106,0.45963398,0.02521723,0.5201304,0.03676122,0.073073134,-2.2529082,6.2160234,-8.844137,6.6121597,9.077224,0.7021143,0.26074177,0.03712245,2.0465552e-05,1.0384657e-06,0
16.243229,0.27479172,0.015178397,0.5122131,0.03473672,0.4864268,0.034543034,0.039234143,-1.8952127,7.16839,-2.4901779,5.967199,11.8496895,0.7053887,0.28116202,2.842573e-08,0.0089026755,0.00454654,0
12.031385,0.3161848,0.0042533046,0.49415544,0.026135271,0.5327572,0.045098864,0.06337335,-5.057781,5.5761704,-4.7638674,4.1996136,14.132641,0.81202006,0.10294242,0.0829232,0.002113588,7.204517e-07,0
8.603861,0.31674403,0.010834998,0.63816184,0.03269186,0.47723046,0.035691366,0.08268434,-1.0349182,2.0,-3.9702086,4.8733797,12.540935,0.16287126,0.6616314,0.002819641,0.014987183,0.15769053,0
15.803134,0.36191997,0.00587187,0.51140493,0.019388078,0.523338,0.040585812,0.04655966,-1.4368268,7.180743,-1.5448602,2.6195579,13.251117,0.3970993,0.58449626,0.00022570882,0.018171834,6.9508073e-06,0
12.561176,0.29085726,0.008097007,0.484775,0.021183724,0.48829383,0.034770776,0.054637928,-3.0311868,6.240368,2.0901325,6.500677,10.200147,0.3717724,0.5754771,0.016976468,0.03480216,0.00097182055,0
13.753928,0.31218645,0.008906715,0.55680114,0.036354095,0.5104867,0.03979929,0.033932667,0.620185,4.013537,-6.3950806,5.3747287,12.809001,0.19988385,0.6742451,0.0004185102,0.0527404,0.0727121,0
13.16371,0.35411707,0.008738475,0.42635855,0.0388669,0.48614022,0.017128829,0.052232858,0.9595579,7.5465403,-4.346233,5.5236998,10.554875,0.79731286,0.08855163,0.054049548,0.007325405,0.052760575,0
14.577627,0.32899958,0.008398612,0.5037728,0.020143438,0.5014993,0.028782556,0.111480474,-2.226589,3.2031496,-6.060331,6.003781,9.675583,0.51992154,0.38922775,0.00041858052,0.00042790765,0.090004206,0
18.19794,0.33126625,0.010021621,0.5797771,0.036706142,0.4677592,0.029610172,0.07555866,-0.5765366,8.090816,-6.3207226,3.7151692,16.691303,0.8097236,0.060774807,0.00052844686,0.109489515,0.01948363,0
15.471146,0.3222917,0.008394233,0.49535203,0.024672642,0.50742674,0.0275625,0.054705393,8.634495,5.885267,-5.378276,2.0,4.008572,0.6947569,0.28678322,0.0079234075,6.6317074e-07,0.010535793,0
14.524096,0.32659888,0.005612628,0.43066797,0.030165052,0.5013256,0.034438867,0.04776624,8.481733,2.0,-3.7858012,6.9146366,5.380087,0.6195288,0.36100072,0.0026142532,0.0026087468,0.014247513,0
11.893039,0.3355522,0.012339609,0.48416328,0.044169445,0.4837954,0.036343798,0.059147332,-4.2163606,6.3566594,-0.6565134,6.3774366,12.148099,0.5046877,0.302268,0.10251648,0.0313539,0.05917388,0
9.975951,0.30381027,0.012258616,0.55818075,0.038074873,0.49834916,0.03392257,0.062601015,-3.6577902,5.1876154,-1.7182169,3.9292824,10.205053,0.6927835,0.118233114,0.07762278,0.10741333,0.0039473046,0
13.541077,0.33756116,0.012529523,0.5150428,0.03795872,0.50402015,0.028230561,0.051618606,-4.237613,4.8863015,-7.227428,5.8182206,6.689047,0.22185667,0.44357273,0.30759594,1.4645061e-05,0.026960008,0
14.838653,0.29253995,0.0053777965,0.46644574,0.049087904,0.4815093,0.0226427,0.07060118,4.2282157,4.5245485,2.1766412,7.515947,7.8361673,0.7656262,0.15631364,2.927074e-07,0.05489382,0.023166033,0
20.30379,0.32656735,0.010896754,0.4725903,0.022961207,0.49613723,0.04097186,0.04093105,-1.5941172,5.7455683,0.7776492,7.2774014,8.226783,0.4886713,0.44110963,0.032221913,0.036429252,0.0015678874,0
15.390823,0.3235748,0.012027937,0.477612,0.02014125,0.46983343,0.03349733,0.040832248,0.95869696,5.0296226,-6.6047425,3.8708823,13.67701,0.13693151,0.46154687,0.00018960376,0.16144347,0.23988855,0
17.94822,0.30767414,0.006906394,0.5144479,0.022778777,0.570372,0.019813862,0.06740391,7.9878693,2.2866194,1.8964436,2.0224779,14.637231,0.57328534,0.023223115,4.5535676e-06,0.4021575,0.0013295241,0
13.502113,0.31954628,0.010027519,0.55352783,0.027454989,0.53177357,0.028063124,0.036627166,-0.041859176,8.544136,-1.6922463,2.3655698,15.918688,0.4165775,0.46502617,0.10060754,0.009854541,0.007934256,0
11.4451685,0.3075492,0.0096512,0.5420969,0.006454494,0.50819284,0.012567003,0.07458034,2.8249948,5.511285,-3.625821,4.376548,6.2329664,0.29471663,0.08761359,0.20510833,0.2864666,0.12609486,0
12.10465,0.29856598,0.015526452,0.5182405,0.027925717,0.5351634,0.030353706,0.059714388,2.081683,4.53613,-1.5676798,7.9246345,6.898629,0.22913872,0.37091514,0.06520423,2.4342241e-06,0.33473945,0
12.824322,0.3129277,0.015773488,0.44673422,0.024554294,0.44062242,0.0280162,0.023441816,-2.3528695,3.7431526,-3.1030831,3.5431092,6.6931205,0.24462506,0.6838696,0.01628649,0.0011687019,0.05405014,0
21.385408,0.29792023,0.005006931,0.4468827,0.0378376,0.4232696,0.02425533,0.06218998,4.236647,7.5414643,-0.8196854,3.8073442,14.866571,0.47929603,0.42193767,0.007791965,0.012083347,0.07889097,0
12.53584,0.32645595,0.017481782,0.52133006,0.033524193,0.48802125,0.045846,0.026297068,-3.3988032,3.403136,-2.250738,3.766178,12.251674,0.16604935,0.39594153,0.1467469,0.0898976,0.2013646,0
17.515467,0.2969983,0.007254323,0.44618115,0.023993034,0.45864308,0.018438458,0.07386724,5.359519,6.2679744,-4.3497043,3.9365385,11.240598,0.61748344,0.14352165,0.05694946,0.021978337,0.16006711,0
12.291219,0.33423954,0.01294202,0.49097732,0.03589961,0.49290183,0.03706393,0.05502571,-2.349804,4.832702,-10.0,4.977546,11.688886,0.34726885,0.65198165,2.6948105e-06,0.00016210601,0.0005846957,0
17.79472,0.29637042,0.012911494,0.512166,0.03723263,0.5061697,0.051867083,0.097021684,-1.9118708,4.9491606,-0.89126986,2.4398997,10.829665,0.42907652,0.39741993,0.009975543,0.025261348,0.13826665,0
16.154854,0.3086741,0.0070129293,0.45449623,0.022314543,0.52761245,0.04077268,0.081426255,-4.3539515,3.792881,-4.4946213,7.16872,7.636574,0.7209646,0.2715867,0.001350094,0.0050331955,0.0010654316,0
14.5300865,0.30750793,0.011479803,0.4590295,0.025069758,0.46585208,0.029684613,0.03878615,-3.6970377,4.7593613,0.11178644,4.7103577,12.539518,0.36036083,0.2726104,0.004017848,0.3607512,0.0022597217,0
14.877712,0.34650293,0.009677399,0.49623516,0.007746368,0.51198894,0.018659314,0.019585203,-1.7070572,6.017625,-1.0732998,9.958269,10.441585,0.659543,0.06619745,0.19730629,0.00020942026,0.07674385,0
13.035637,0.3266058,0.01166299,0.520146,0.0190934,0.5004317,0.016379379,0.044897974,-9.725394,6.4706244,-4.390657,2.652858,7.3990355,0.59376323,0.3048826,0.0052410862,0.04738777,0.048725333,0
16.338217,0.31576532,0.010692017,0.54246074,0.022575304,0.51042527,0.025884483,0.035574827,-0.93332934,4.428815,1.0919528,8.179732,12.7228565,0.17432818,0.33693102,0.36364365,0.0001997146,0.12489745,0
13.63505,0.32997438,0.013589018,0.52428216,0.030741662,0.48440683,0.023129992,0.09651476,-2.031897,5.818131,-2.1806333,7.782691,9.722637,0.83832335,0.11620874,0.0074167764,0.000106476735,0.03794463,0
11.323183,0.27785614,0.0102261985,0.50294626,0.020546174,0.5414941,0.02280453,0.059793707,3.1600444,7.776909,-2.3454287,4.176632,11.68245,0.35549816,0.35185114,0.0015026724,0.24118668,0.04996136,0
11.166187,0.31913733,0.009496378,0.4701522,0.02486548,0.49689475,0.026736865,0.07866838,1.6919229,2.674743,-3.5524428,4.209879,10.625063,0.5531286,0.19099672,0.2403128,0.012819691,0.0027422018,0
15.517764,0.35995027,0.013288192,0.45716372,0.017746693,0.55322546,0.028977528,0.05429938,-2.8305497,5.987462,3.734223,3.1574044,13.674136,0.42968804,0.56702,0.0024763409,0.00060840085,0.00020721173,0
19.737274,0.32264692,0.011741188,0.4795649,0.03171114,0.47628835,0.03485212,0.05640665,-1.834203,4.098432,-5.853067,3.1803572,11.660489,0.6352847,0.25008282,0.11434267,0.0002869478,2.8759116e-06,0
15.479975,0.32135826,0.01219544,0.5163974,0.034257147,0.5222848,0.017622039,0.05934746,-0.93847215,3.8946316,-4.290698,4.998788,8.3489,0.28568536,0.3026011,0.39034656,0.01948898,0.0018780151,0
14.644085,0.33096257,0.00800624,0.5134649,0.034023654,0.49820995,0.023177562,0.08213079,5.943826,6.522023,-7.9493403,5.041392,11.96601,0.3521829,0.60326654,0.0035865686,0.039162144,0.0018018597,0
15.857478,0.3379121,0.0068642115,0.4160039,0.030123612,0.49016774,0.028403278,0.066232495,-3.2892187,4.9094973,-0.09307569,2.0,12.064066,0.08947363,0.028148081,7.781305e-05,0.16447417,0.7178263,0
18.918005,0.28005067,0.008296833,0.4685729,0.01458927,0.5189695,0.028045148,0.038853325,-2.8790426,3.5663939,-5.328596,9.58701,12.5339985,0.85332865,0.11815861,0.00061180803,6.6536764e-08,0.027900849,0
15.658148,0.28635347,0.008137536,0.5481803,0.023800462,0.4910248,0.048364237,0.09245028,-4.5143366,8.648566,-4.880142,4.480966,14.107623,0.61450267,0.3401317,0.037805233,0.0030120844,0.00454831,0
13.767219,0.32420582,0.0123585975,0.5031686,0.025926933,0.42014104,0.032322466,0.05414369,-5.928158,7.840179,-5.0677466,5.1312246,9.152052,0.9414869,0.034888163,0.022840405,0.00078440155,1.3657923e-07,0
18.318867,0.30570248,0.012927952,0.44331965,0.025967047,0.40811396,0.013864102,0.050889596,1.2280145,2.1353881,-2.7491124,3.7475252,13.003807,0.8521054,0.09176037,2.61712e-05,0.043267537,0.012840522,0
16.28627,0.3462405,0.0095346095,0.59423286,0.030749813,0.53817266,0.034181815,0.003409894,0.8116133,3.0511436,-8.003038,4.465981,5.825548,0.95654476,0.020434765,0.00029054625,0.022729954,3.8306545e-09,0
19.607267,0.3136965,0.014292757,0.49884233,0.044255413,0.53690773,0.03545664,0.07268799,5.1310472,7.186914,-10.0,4.2842436,10.640045,0.4014674,0.3294739,0.26552346,0.003516287,1.8925346e-05,0
15.549704,0.2813094,0.014105408,0.51537335,0.038120963,0.55662024,0.028748719,0.062020253,4.165636,5.4302526,-1.1691839,4.994139,10.176021,0.34746644,0.3905458,4.3266522e-05,0.18512453,0.076819986,0
11.326592,0.29463974,0.010730197,0.515981,0.020124823,0.49947414,0.017866034,0.061998513,9.588467,9.001149,-10.0,4.97082,15.343535,0.87170386,0.0869052,0.015329869,0.026057048,4.0425007e-06,0
10.895522,0.26500648,0.0075343247,0.4852962,0.03678403,0.46122095,0.047580548,0.051943507,-0.29549107,7.2326727,0.41655114,6.6097326,10.530993,0.21553814,0.78167975,0.0026094127,7.0587776e-06,0.00016564735,0
19.952784,0.31531748,0.01472613,0.47089705,0.036403023,0.48741248,0.019301161,0.048495643,-1.0421183,6.598931,3.234111,5.4544396,12.823966,0.7042225,0.098067224,0.00026878325,0.16089964,0.03654186,0
20.170998,0.31623232,0.009816948,0.584867,0.021939326,0.5003427,0.036607724,0.052608393,-5.2009053,3.9562745,-3.6568952,6.408566,5.714664,0.3364467,0.5019237,0.13079575,0.00076761196,0.030066287,0
14.461442,0.31151074,0.010378496,0.54012823,0.03848866,0.46978885,0.032000504,0.06926322,2.7863126,6.9828806,2.1979718,4.980378,9.944726,0.57334757,0.39669767,0.0091637205,0.001873639,0.018917412,0
13.850438,0.3415776,0.008981185,0.5328775,0.028396234,0.54945725,0.036008105,0.07278235,0.47413698,3.448472,-3.0970256,5.4625053,8.46092,0.11753684,0.83233595,0.0002474044,0.048998848,0.00088098075,0
19.384333,0.3439704,0.007330629,0.52305156,0.015900465,0.5671851,0.04706858,0.05537937,2.605065,8.610489,3.3969646,4.517389,18.426533,0.3062542,0.66964686,0.008521749,0.00030996872,0.015267187,0
11.678863,0.31659225,0.0055940817,0.4598673,0.034552027,0.51434845,0.03561639,0.07897875,-4.556497,6.8442774,-4.8248715,7.0062237,8.99961,0.45580226,0.29402852,0.20423524,0.006000765,0.03993323,0
12.315819,0.27730614,0.011898605,0.5511012,0.032169618,0.49967408,0.024413358,0.058420517,1.4064168,4.350339,-10.0,5.645245,11.219837,0.25252333,0.6331965,0.00012871508,0.0988922,0.015259307,0
16.929981,0.33234563,0.007649797,0.4662747,0.027723223,0.461151,0.041059922,0.04991547,0.82079846,7.609355,-3.319647,4.6838503,11.379727,0.16676769,0.8188661,0.0030503809,0.01049528,0.00082054967,0
13.816185,0.3311072,0.019178594,0.5113315,0.02962547,0.54639304,0.023689006,0.06396831,0.5561402,10.483049,3.8318527,4.62418,6.231565,0.13571467,0.7383479,0.0030782588,0.008333014,0.11452615,0
14.984634,0.32618782,0.0067417794,0.4344244,0.022809146,0.5022892,0.03163558,0.03281227,-2.7330637,5.564766,-0.8601268,4.7815213,9.421894,0.26899168,0.197601,0.3397924,0.1647204,0.028894516,0
14.509671,0.3396296,0.006227853,0.41836566,0.036101304,0.49132508,0.017069165,0.064654365,4.7572985,7.1008263,-5.061293,5.060888,12.214299,0.6687032,0.32870492,3.7292895e-05,1.0695455e-05,0.0025438855,0
16.012724,0.29670343,0.011530416,0.5127317,0.029565495,0.51443523,0.019667188,0.029156357,8.20123,5.1363416,-1.6843953,4.8872776,11.257167,0.30125022,0.48754364,2.1880394e-06,0.18943822,0.021765713,0
19.222446,0.3601751,0.014587941,0.46763602,0.031664487,0.48242864,0.030513866,0.03944546,-4.441376,6.1707044,0.8844994,3.8823166,4.0987673,0.16532502,0.66955495,0.00048667617,0.16439402,0.00023929603,0
15.271754,0.30081144,0.010193769,0.42043328,0.03357142,0.5044063,0.033680867,0.019626172,2.8817759,2.9855309,-3.3424656,6.529801,9.299026,0.6699608,0.25385717,3.622162e-11,0.00033397015,0.07584809,0
16.931816,0.33498445,0.011716727,0.5216244,0.018454144,0.45672598,0.012976094,0.05649766,-10.0,5.998941,7.5055604,6.656152,14.062465,0.5781218,0.21626098,0.10957993,0.00043018442,0.0956071,0
8.8494835,0.28625304,0.004469358,0.5848032,0.02105717,0.5326126,0.034972873,0.09219267,2.67444,6.087155,-5.0696716,8.567714,12.764668,0.47294885,0.36268768,0.021614373,0.12734464,0.015404465,0
14.853845,0.3013947,0.007967466,0.5555824,0.007900556,0.49686766,0.021805711,0.057658467,-7.4806185,9.597996,1.0100429,3.7927406,14.6541,0.42696467,0.4931263,0.030858714,0.039939284,0.009111035,0
12.470309,0.35032737,0.006779153,0.4897073,0.035647422,0.53476405,0.04279688,0.07287171,-2.0998695,2.409994,0.047748946,6.3328776,8.043058,0.6859309,0.19226827,0.0069419034,0.114350356,0.00050856965,0
11.343561,0.314782,0.0043148627,0.5003538,0.0178779,0.49396592,0.026480356,0.10704628,-5.2520986,5.438233,-5.7993097,2.0,14.842789,0.8962704,0.03568003,0.028603215,0.00012101343,0.039325353,0
12.365543,0.33679846,0.010350941,0.5355083,0.031325698,0.495914,0.018763777,0.06808112,-0.86244595,8.576235,-4.697761,6.6580863,10.866782,0.11641108,0.49990574,0.00022326002,0.3749215,0.008538444,0
13.99763,0.3247391,0.003271517,0.5448851,0.033709884,0.46363047,0.030758046,0.044695757,3.3551748,5.516457,1.0723946,2.0868359,15.776668,0.16136678,0.53117186,0.0020274715,0.25064713,0.054786764,0
17.747707,0.31790084,0.006033412,0.48625857,0.036023527,0.5227927,0.02083765,0.047448628,-7.429253,5.657317,-2.4208484,3.0313377,11.009913,0.6995123,0.2748674,0.007839102,0.010100752,0.007680431,0
11.020822,0.34727702,0.008388419,0.5013671,0.017959831,0.4737248,0.04268945,0.060013164,-1.4379188,4.333482,-1.6477131,5.6644506,4.8575735,0.75941557,0.21088131,0.00031411037,3.4806803e-07,0.02938868,0
15.091894,0.31526682,0.0075061424,0.5120246,0.029348385,0.48540732,0.030005302,0.047342107,-2.0534751,4.1347895,-9.543869,3.7570019,13.547764,0.5403875,0.32700595,0.00875039,0.1056479,0.018208254,0
13.547492,0.28438523,0.011189225,0.52215505,0.046702806,0.5000314,0.028483234,0.04883826,6.324195,2.3482924,-0.37600538,3.483293,9.669459,0.7431732,0.25194287,9.373218e-05,1.7297281e-05,0.004772938,0
14.016981,0.3039352,0.010916741,0.49467695,0.047143146,0.5036367,0.03591801,0.07970508,1.727044,4.7415695,-1.8508127,4.030368,9.871311,0.4961593,0.35176513,0.1469046,0.0022942468,0.0028767313,0
18.008274,0.33102384,0.012681397,0.49519658,0.03987323,0.4488171,0.019950526,0.080523126,-4.7088685,4.02129,-3.25564,6.459252,6.640711,0.15035646,0.50009054,0.30336362,0.04573364,0.00045576505,0
16.614346,0.32791018,0.012257151,0.5551933,0.03337493,0.49307582,0.017108463,0.02706215,-1.8851775,6.236078,-1.5564326,3.1342192,15.866598,0.36046618,0.5537162,0.06997699,1.8118464e-10,0.01584063,0
19.012194,0.28865883,0.013422438,0.54838085,0.019948937,0.5238569,0.034083515,0.04363661,6.2244167,4.4246635,-4.636871,4.8916903,9.436696,0.5000904,0.45682576,5.8653945e-06,0.043076493,1.4510169e-06,0
14.536483,0.30551314,0.009994245,0.51909643,0.037186217,0.48864985,0.019003293,0.050719913,2.8574612,5.040818,-5.36761,4.242687,15.725107,0.048801847,0.9122698,0.037350502,3.1901996e-05,0.0015460063,0
12.912172,0.30836558,0.010910401,0.5687644,0.028419787,0.49325806,0.018999899,0.07198178,-3.6729338,5.095589,-3.9675422,6.6397815,9.70627,0.27710333,0.66527295,0.02214162,5.443775e-07,0.035481542,0
14.3284235,0.31269062,0.011534541,0.48454216,0.03560528,0.5048722,0.038367562,0.08286151,-1.0682821,5.90367,-4.8568125,6.6958437,8.216764,0.3594093,0.5469023,0.027029313,0.06407727,0.0025818255,0
15.72749,0.29248172,0.01042497,0.56491894,0.023671566,0.49622118,0.03525064,0.11403936,-0.9404366,4.9429555,5.7221184,2.0,14.958588,0.617687,0.32551748,4.828737e-05,3.8172922e-05,0.05670911,0
15.52972,0.3074326,0.008808417,0.5217006,0.02827067,0.46908453,0.017461704,0.050686534,-2.1519277,3.876428,0.64748293,7.090219,10.779996,0.345668,0.5662328,0.036578532,0.012378291,0.03914242,0
11.746836,0.3054278,0.0090026725,0.630841,0.031641472,0.49890962,0.02380864,0.051685426,-6.8408484,6.171533,-6.8738756,3.7784882,10.809284,0.48839235,0.13500495,0.020004643,0.35611185,0.00048619343,0
15.271469,0.33543065,0.007547325,0.45230073,0.03246278,0.5298222,0.020962685,0.0717714,-2.710487,8.134967,5.145184,5.4725842,7.1551223,0.34386557,0.11472607,0.02978386,0.465717,0.045907516,0
15.684685,0.33618242,0.01126485,0.47242618,0.034937225,0.46846473,0.04776319,0.046355665,5.556797,6.2569323,-4.7314262,3.1221826,9.62713,0.53549397,0.24256183,0.14745027,0.072977304,0.001516615,0
22.552422,0.31708378,0.009717954,0.5167519,0.02420805,0.48876554,0.039060105,0.057180762,-1.524578,4.7803593,-2.8821785,5.742269,12.286087,0.7864149,0.14527684,0.0005101374,0.005939214,0.061858863,0
20.630533,0.3121592,0.008010479,0.51588935,0.016567156,0.45855105,0.025791552,0.051699236,-0.41301453,5.7537074,0.58966875,10.102698,7.10246,0.3005182,0.6892531,0.00029975714,2.8615398e-06,0.00992608,0
12.44027,0.3227985,0.008013265,0.57800555,0.04624785,0.52824146,0.03576195,0.0075669214,0.5621026,2.0,-10.0,5.254331,9.382737,0.7314961,0.21522607,0.052163217,0.0002559302,0.0008587067,0
14.13785,0.3036685,0.006368804,0.47326502,0.05489254,0.49722925,0.016438138,0.062464666,8.872565,5.7211943,-3.9481034,4.0803046,9.738661,0.5549062,0.3841073,6.5467375e-06,0.06098,3.8632313e-12,0
10.609674,0.29706335,0.012936524,0.53619677,0.03447421,0.474494,0.023273539,0.05635278,0.035499085,5.199291,-5.2933354,4.5356774,11.199323,0.68052083,0.25087616,6.568924e-05,6.0273683e-06,0.06853129,0
13.227879,0.30119556,0.010235853,0.54649854,0.01676008,0.502768,0.031048633,0.085424624,4.3757815,4.133079,-2.1796796,2.0619402,15.438679,0.7134314,0.22899939,0.055237997,0.0023289598,2.257635e-06,0
15.946815,0.30730373,0.0074116,0.5281859,0.02226805,0.46389198,0.034522306,0.06010981,-2.3927207,4.4958034,-1.5198013,7.897927,10.100141,0.7279618,0.11392759,0.008861622,0.00027633357,0.14897265,0
18.617561,0.29673052,0.012425643,0.46156016,0.035091177,0.46899512,0.02902541,0.03490505,-1.0375971,5.179531,-3.3090374,5.6257663,8.928498,0.42244884,0.026924629,0.34659395,0.20270704,0.0013255441,0
12.812749,0.3232412,0.008318653,0.55631036,0.043411154,0.45619598,0.032480136,0.054838024,0.050210893,7.9849167,-3.494589,2.9022043,19.23911,0.41220322,0.4959282,3.4621295e-05,0.09181869,1.5269685e-05,0
13.03756,0.3345943,0.005780498,0.549173,0.017871093,0.46799663,0.030783365,0.018178344,-3.0965319,8.184121,1.2605255,2.9673634,9.700444,0.3924495,0.48910236,0.008530527,0.0027688786,0.10714875,0
8.558133,0.28825805,0.013063666,0.52398336,0.028756673,0.5407201,0.028364226,0.035781644,-0.81487113,4.1437497,-1.7940563,5.030565,10.428025,0.35275948,0.5972877,0.048709366,0.0012419295,1.5034999e-06,0
14.512002,0.32050258,0.008388709,0.5081739,0.03195932,0.47800645,0.027038544,0.07271012,3.5522037,4.9638453,-2.8343,6.863991,9.926461,0.49553555,0.34329724,2.3198371e-08,0.16010444,0.0010627577,0
11.812757,0.3156013,0.008773303,0.50904435,0.038645785,0.51398677,0.02573735,0.05505319,-3.2014582,5.01482,-2.4085176,2.6980202,10.169693,0.2446112,0.54689765,0.03978651,0.0004991868,0.16820548,0
13.411682,0.32683018,0.01012354,0.49685058,0.026563989,0.47491094,0.032319374,0.078450166,0.00035612384,7.619091,4.343556,7.2268186,11.233265,0.26548195,0.71934634,6.325294e-05,0.010940851,0.004167588,0
12.369417,0.31974122,0.013427768,0.5256314,0.014361853,0.522786,0.034108154,0.020662155,2.8349342,6.2910132,-2.309304,4.816733,13.762389,0.3013188,0.36747482,0.31384933,0.016708527,0.00064853794,0
14.717213,0.290928,0.010060112,0.5012454,0.036211975,0.46921754,0.03198359,0.055150773,-3.2978642,6.18558,-5.057794,3.1395133,12.211963,0.36373502,0.38681674,1.300038e-05,0.15165861,0.09777664,0
9.726815,0.2947522,0.0064026485,0.466059,0.04124796,0.50117683,0.01821403,0.05048975,4.381655,7.072525,-10.0,4.064619,14.231287,0.4092975,0.36409363,0.000917588,0.05043128,0.17526,0
10.598865,0.32058847,0.011631631,0.45805633,0.029174086,0.50158554,0.020010721,0.07911697,0.29153392,4.8071733,-8.735749,8.4971075,14.132086,0.48647964,0.34464747,0.005295728,0.15865807,0.0049190875,0
21.387741,0.3405756,0.008545031,0.46991855,0.0340524,0.5698342,0.03398882,0.07345525,-0.6604903,8.727773,-4.8681035,2.2235732,11.625656,0.38270685,0.50927126,0.00032458178,0.0001321236,0.10756519,0
11.1377325,0.27571625,0.015663773,0.50888526,0.025255088,0.51891273,0.044716734,0.07284504,-8.032591,5.9965105,-3.4335074,3.536214,12.128936,0.562122,0.132817,0.00013587257,0.22470212,0.080223046,0
11.709643,0.32691452,0.0099966405,0.49892175,0.021542272,0.48221287,0.031524155,0.0908282,-1.4944497,4.288175,-5.222486,6.905167,14.32621,0.8053442,0.10133401,7.745588e-06,0.09049635,0.0028176834,0
20.51074,0.34379244,0.0032948935,0.50861377,0.040264256,0.52055144,0.025883315,0.05263826,1.4863696,5.5407195,-1.595424,5.4329143,7.6663704,0.58952385,0.39657745,0.009388962,0.0045025796,7.1625373e-06,0
23.715202,0.31693947,0.011072095,0.5200325,0.03387496,0.5641452,0.032243405,0.08670162,6.98138,8.463857,-5.274032,3.4175184,18.494633,0.81839854,0.14802581,0.028662212,0.00025820942,0.004655254,0
11.4853,0.33100405,0.015833793,0.47490716,0.034903686,0.45111093,0.018631786,0.039115876,2.2715566,5.149716,-6.657957,6.9295864,9.462245,0.57996255,0.317117,0.00059154496,5.23434e-05,0.102276534,0
13.895253,0.30593863,0.014727761,0.5586264,0.04502115,0.47472554,0.04308943,0.038382445,4.5048647,7.8991156,-0.54942465,7.0245914,9.947105,0.6909535,0.116553076,0.00032717548,0.035591215,0.15657505,0
16.024666,0.31761268,0.015492863,0.48929158,0.019451577,0.49289307,0.031865943,0.07505493,-4.836418,4.7493086,2.477578,5.6627812,7.364297,0.37721986,0.43736222,0.17224817,0.0060686073,0.0071011186,0
20.186092,0.28758174,0.0069407197,0.48266292,0.024479738,0.48748735,0.023305427,0.029905185,-0.50729,4.4686728,-7.4286704,3.7752068,7.4535475,0.7651911,0.21286553,0.014411575,0.0027358632,0.004795963,0
12.039429,0.27311313,0.012736457,0.51929545,0.031579334,0.4900173,0.028332045,0.071455315,4.8829856,7.319195,-2.0251365,4.0833907,13.922102,0.4953404,0.3181505,2.0604944e-06,0.18647246,3.457105e-05,0
14.264167,0.33885533,0.007834016,0.4265396,0.024356868,0.46087304,0.024729637,0.062026262,-3.5509343,4.2520547,-10.0,5.569352,17.81058,0.83553696,0.1275427,0.03650661,0.0004116794,2.0476264e-06,0
17.332012,0.3003001,0.010672868,0.46837863,0.037831366,0.54211867,0.0431167,0.08143705,3.8608906,7.6450806,-8.898152,2.3761418,9.29828,0.7383398,0.0758732,0.021854594,0.13245566,0.031476777,0
16.304298,0.31088945,0.0061811428,0.5392429,0.028126007,0.45732173,0.027977599,0.05881112,2.9332714,6.703252,-5.3550634,7.6555696,12.041949,0.8486193,0.12458661,0.018184371,0.0056968993,0.002912858,0
13.8715315,0.29227117,0.008066633,0.43050313,0.020074671,0.4939936,0.031553656,0.06112098,1.0988946,4.252812,1.5396417,8.400418,11.6605,0.73189056,0.2678976,8.677827e-05,0.00012423852,7.81482e-07,0
14.598531,0.29180062,0.00797126,0.54470295,0.030657716,0.53137493,0.035737265,0.070185296,-1.3148105,5.8571143,-6.1148243,4.5280905,14.000733,0.58367956,0.14649679,0.0062221675,0.19802843,0.065573044,0
10.875313,0.31652325,0.0126956655,0.5604455,0.031703386,0.49909446,0.022592334,0.04674701,-3.9451807,4.9024515,-6.264402,5.7122087,17.656143,0.5548838,0.414905,0.018101294,0.01210433,5.6005656e-06,0
14.285479,0.30540845,0.012402157,0.48522177,0.03934682,0.4706182,0.031937096,0.045875873,7.101517,6.697953,-2.855651,7.371604,15.562921,0.2055018,0.5387236,0.0040261103,0.019474154,0.23227432,0
14.200837,0.3275594,0.010830459,0.5116725,0.033931408,0.45953974,0.032744355,0.06948859,2.52745,9.775597,-2.8516655,8.911121,10.284022,0.87284577,0.09172842,0.017752346,7.2145745e-06,0.017666247,0
15.696509,0.32905078,0.005948736,0.5447635,0.034611464,0.49310002,0.014459211,0.059414245,1.3624645,5.2585907,-6.140526,8.113963,12.586303,0.64694345,0.26789287,6.541154e-05,0.04188506,0.043213237,0
13.334019,0.326417,0.009065081,0.48132843,0.033202916,0.4772891,0.032526966,0.05185372,-1.651399,7.0675526,4.944886,2.0,12.884173,0.20681216,0.7121685,1.223583e-07,0.008187722,0.072831504,0
16.414616,0.32477203,0.0077616507,0.534711,0.028117774,0.5061569,0.02954238,0.05834432,0.15148652,6.048881,-4.0614533,4.3688927,10.939728,0.7241903,0.2562923,0.01824045,0.000975594,0.0003013647,0
18.038147,0.35155538,0.012609027,0.47315404,0.022837808,0.45795646,0.03129966,0.09189119,0.6588691,6.0481153,-2.54566,6.0013766,7.7121916,0.62122065,0.36497954,0.0028733,8.633425e-09,0.01092653,0
15.466288,0.29864812,0.013534554,0.4808959,0.032888383,0.52439106,0.030356297,0.05113963,1.5995027,5.66959,-4.607118,4.011565,8.603671,0.8492829,0.08283885,0.0429674,0.02490255,8.275282e-06,0
16.05527,0.3189013,0.013169156,0.46802655,0.026668752,0.5034665,0.0325917,0.050559606,2.9373612,4.2851653,-1.2401137,8.565534,14.444458,0.6679605,0.06270573,0.23551376,0.0013253312,0.03249462,0
15.159466,0.3426538,0.0077343415,0.5137059,0.046898227,0.5056951,0.043373432,0.025851116,-3.1298862,6.67028,1.9398302,8.25875,14.753924,0.3746216,0.39789158,0.1874119,0.013040825,0.027034093,0
15.000253,0.3452908,0.0017814006,0.54631877,0.043421824,0.5432323,0.018204926,0.059152942,-5.866388,5.4225163,3.6546547,3.3681397,10.377298,0.6424398,0.1724428,0.16638961,0.012144125,0.006583696,0
12.835326,0.29156473,0.0046991142,0.4926355,0.03632839,0.48686615,0.026578477,0.07313767,0.3371234,4.1903996,-6.0490627,4.6752,11.783166,0.8228813,0.16537912,0.00024749464,0.008489945,0.0030021542,0
15.949483,0.3137529,0.014264881,0.44915003,0.03378467,0.4782255,0.036666185,0.07672396,-6.988869,8.028346,1.4031807,3.5008917,14.591791,0.76406235,0.13027869,0.09741089,0.00097344554,0.0072746314,0
14.70814,0.34716243,0.008796236,0.45669174,0.02912041,0.4835671,0.034809258,0.06216435,-1.294644,6.198019,-0.80127674,4.609743,5.887193,0.44040227,0.5229451,5.220948e-05,0.00014336896,0.03645704,0
21.279505,0.33016157,0.007747826,0.51578397,0.017388763,0.4942242,0.034594055,0.07911667,-2.0367594,5.5438023,0.89814645,4.549135,9.660943,0.106774,0.8762139,0.0017395758,0.015262577,9.956178e-06,0
19.720064,0.32390526,0.0149279805,0.5737647,0.027838279,0.49727106,0.05753577,0.074624605,1.9669927,8.680113,-3.367517,6.908516,17.053614,0.46915832,0.2583704,4.9723312e-05,0.0012873916,0.27113417,0
16.15754,0.31564632,0.01379548,0.515749,0.031014001,0.47507906,0.036141355,0.08225901,7.930388,2.327837,-3.748163,3.2230706,11.897923,0.6023289,0.25272638,0.087069534,0.02466147,0.03321371,0
12.710829,0.312324,0.010073346,0.48452413,0.032294564,0.43930745,0.04130938,0.07968605,-7.7783623,8.545642,0.7428586,2.0,7.612352,0.6581466,0.04876258,0.22388405,1.1397665e-05,0.06919538,0
11.6627655,0.3257644,0.009119791,0.53064734,0.034695365,0.48317212,0.02692928,0.091399565,9.09674,4.239624,0.81877005,2.0,11.351847,0.521228,0.15399143,0.28898144,0.00036549158,0.035433605,0
18.57343,0.31495252,0.009603696,0.49042004,0.039213303,0.51079476,0.020070877,0.056606136,-0.9323006,6.423065,3.2628822,2.9433968,14.064307,0.7437808,0.18534437,0.00020615332,0.025841858,0.044826824,0
15.788248,0.31914842,0.010681489,0.4848686,0.023078458,0.50408775,0.026856827,0.03345884,1.3912348,4.8238726,-2.2058098,3.6886168,4.0,0.4146153,0.5051025,0.009763719,0.067423254,0.0030951814,0
16.44043,0.32157198,0.014800142,0.46166164,0.023169244,0.53598666,0.0371196,0.073274374,-5.6593285,4.153998,-3.4276586,5.3743486,11.528857,0.5548697,0.2549039,6.0980274e-06,0.061316848,0.12890339,0
9.766242,0.30643857,0.011267402,0.55633795,0.044508565,0.5586646,0.03406828,0.07561106,3.9874864,8.627773,-10.0,2.8404121,9.882756,0.8851609,0.04065007,0.008926292,0.06505838,0.00020430371,0
17.782316,0.33064258,0.012178087,0.3984317,0.037709817,0.52278,0.034032512,0.09139991,0.16589014,9.712433,-9.445043,2.5777988,6.0740056,0.476751,0.47642225,0.04673745,5.6494275e-07,8.873405e-05,0
16.36326,0.3782849,0.01350781,0.53191435,0.02609229,0.5414756,0.027856557,0.085625805,-0.24586965,5.5575485,-4.5770063,3.1411052,11.245782,0.49143475,0.5076654,2.7666067e-05,0.00019397768,0.0006782049,0
11.668708,0.28446028,0.006490972,0.4814502,0.028927889,0.5230032,0.026261974,0.09890945,-7.7495403,6.6709495,-7.404236,2.768692,10.590559,0.1814591,0.6288082,0.0037759687,0.18563958,0.00031717337,0
13.585425,0.32648024,0.012264586,0.48358637,0.02897286,0.55129695,0.028201427,0.07239708,0.29518726,6.1139827,0.25652227,3.8910124,10.92773,0.71468693,0.2806434,0.0020107431,0.00200498,0.00065391546,0
15.791152,0.3047962,0.009116294,0.5676926,0.030315742,0.5555256,0.037244756,0.06457621,3.3833132,9.461014,-8.240084,3.8054252,9.955218,0.5272014,0.42409545,0.015664995,5.462467e-09,0.033038147,0
15.1574,0.33154806,0.0024517144,0.47143474,0.034726832,0.52853495,0.038407274,0.03230034,-0.94511455,2.0,-5.005217,6.3781137,7.9359875,0.69485724,0.12580073,0.07047496,0.10490856,0.003958546,0
14.1234865,0.32093114,0.0036154913,0.47279724,0.055349927,0.5211914,0.019937584,0.06616193,4.6967974,6.7542467,-4.848106,3.0209413,6.6355915,0.47000363,0.27139625,1.7506935e-10,0.005258982,0.25334114,0
14.689535,0.3352371,0.0069456473,0.49478424,0.031897567,0.49384305,0.037623424,0.048949935,4.531581,4.5457473,1.8189723,4.2848067,8.92793,0.15143703,0.4715391,0.11241314,0.23903958,0.02557113,0
14.244068,0.34351012,0.01159367,0.5165539,0.03662598,0.4987599,0.023492787,0.0642302,-2.5643816,2.0,-5.432955,3.9099545,13.577756,0.79275274,0.15411074,0.01121374,0.033459425,0.008463347,0
15.457687,0.32384843,0.010341398,0.48232576,0.013135233,0.4898649,0.034689218,0.061090264,6.3804555,5.2789397,-1.1903515,6.6177697,11.699211,0.28423738,0.43064448,0.15406796,2.1233768e-06,0.13104802,0
19.414476,0.34264106,0.0105531,0.43704563,0.025151,0.51863754,0.028080342,0.06943467,0.18117985,9.696097,-2.2171755,4.6914415,10.79248,0.74176556,0.23162675,0.0012327096,2.7720944e-05,0.025347276,0
8.0,0.27311406,0.015852831,0.4653721,0.04228815,0.47838956,0.045657884,0.058053385,0.198981,4.6879015,0.61315393,7.101393,7.8806953,0.49232334,0.4310427,0.012348155,0.008176936,0.05610888,0
14.289449,0.35180905,0.006192731,0.5512534,0.034023155,0.4942668,0.025819253,0.0787004,0.3959249,7.581531,0.40086022,2.6952596,9.878255,0.808344,0.122421205,0.01858761,0.049866654,0.00078054075,0
15.529537,0.32750124,0.0099177,0.5029911,0.0,0.4293449,0.031786118,0.005536914,0.27726302,8.397345,-3.1337605,4.9012666,13.2114725,0.6531596,0.19564863,0.06696994,0.028656233,0.055565573,0
15.887982,0.34155688,0.010913307,0.5180435,0.036740232,0.5516927,0.036065932,0.06379987,-10.0,5.9746065,-9.785178,3.848218,12.514351,0.67862034,0.09622121,0.00034564204,0.18589772,0.03891507,0
13.884256,0.29560247,0.0077911806,0.48954314,0.049181644,0.49338576,0.021260412,0.0840498,-0.7420256,6.240911,-3.9269636,2.5479078,9.568403,0.38208166,0.43941844,0.0023547977,0.17406803,0.0020770673,0
9.729835,0.3033846,0.01008498,0.4736201,0.010040924,0.5136674,0.02927143,0.09740097,-5.4557858,2.5674043,-3.0798225,4.864978,4.0,0.09696109,0.6495441,0.10947531,0.14401259,6.8944382e-06,0
15.983987,0.32291877,0.005200152,0.5671028,0.045193877,0.5437336,0.027334152,0.07463922,6.505343,4.5676723,-1.8559631,8.465856,8.975457,0.69755584,0.07777837,0.0004136937,0.023694888,0.20055723,0
20.18205,0.31965923,0.014229719,0.49247232,0.0022804437,0.5090088,0.024861865,0.09369766,6.3443317,7.8140154,-5.9502206,3.2941823,9.551916,0.7088131,0.1317186,0.00017070054,0.024527114,0.1347705,0
10.398416,0.32566136,0.007955156,0.4822652,0.039379988,0.5433303,0.02560277,0.06337872,3.4077532,6.1213584,1.5636045,4.74509,8.278682,0.15306331,0.67362326,0.16384017,0.007293909,0.002179358,0
17.591484,0.3416903,0.0160942,0.5438457,0.029913513,0.46274787,0.041120145,0.060057253,-0.95386976,6.734683,-2.9455223,2.3755367,9.760472,0.5390115,0.46081123,4.7666895e-06,0.00012229821,5.024544e-05,0
14.014424,0.2846956,0.009902577,0.47110558,0.006500288,0.5719213,0.024014493,0.07058831,-4.0320597,6.266315,-6.681989,2.0815444,13.449651,0.5413317,0.2727339,0.18107074,0.0037005297,0.0011631314,0
14.816027,0.33947638,0.013084161,0.4762109,0.03446138,0.5326133,0.035664078,0.059936114,-2.630324,10.384007,-4.8329115,3.4254954,10.888111,0.602128,0.29770258,0.08685029,2.1500984e-05,0.013297582,0
11.841305,0.32016563,0.009840092,0.50040984,0.0415084,0.5062761,0.03314595,0.04435285,7.7705674,5.1389604,4.7141705,4.1000338,13.969089,0.81824344,0.17201146,0.00019402271,1.8929167e-07,0.009550887,0
13.996632,0.31592438,0.009907768,0.5000108,0.03363887,0.5427524,0.016030198,0.049695194,-2.7687895,9.21082,-0.34248844,4.1888337,6.4748836,0.6235309,0.2943615,0.07645231,0.0011157712,0.0045395033,0
18.900133,0.2905777,0.008247912,0.51038444,0.035848275,0.46494097,0.035191696,0.037756942,-9.422381,6.2670064,1.1938262,4.54795,10.084807,0.501956,0.313742,0.013785048,0.1517858,0.018731143,0
16.747965,0.33006096,0.0103573715,0.58366674,0.025883239,0.49134156,0.015864868,0.07056754,4.120662,9.388398,-7.166348,2.0,5.182934,0.2925607,0.45814297,0.024458023,0.013517316,0.21132098,0
20.196936,0.27171785,0.010953996,0.5134499,0.011386102,0.5433275,0.03628092,0.060227837,6.0020123,3.5500438,-5.7553186,3.7481077,9.720267,0.86619306,0.12686887,0.0043589245,1.0392162e-05,0.0025687406,0
18.532236,0.33296788,0.0076472247,0.40487784,0.03691864,0.4439882,0.024928084,0.052794278,6.6368628,6.369304,-5.7256894,6.003517,7.8630276,0.40833727,0.3890694,0.0004957052,0.0001465154,0.2019511,0
16.31726,0.29015788,0.009624867,0.513052,0.04749754,0.51681376,0.030083673,0.048666324,4.153392,5.2126265,-2.262425,2.28351,14.843759,0.32715878,0.66320723,0.00011886995,0.0007670538,0.008748065,0
20.231804,0.32106915,0.008169703,0.5015152,0.041295808,0.5159653,0.0170572,0.07010113,4.806079,6.2789445,-3.6960073,4.2897086,12.229136,0.7189575,0.25847438,9.817824e-05,2.8039269e-08,0.022469964,0
16.31698,0.3176166,0.016898992,0.501738,0.010121242,0.5590768,0.031223822,0.07560896,0.21173629,8.444753,-4.957978,5.5856876,14.044489,0.35537747,0.47466257,0.16789556,0.0016380086,0.00042642074,0
17.483965,0.34339076,0.0097308075,0.50983787,0.014851056,0.45251134,0.039269503,0.03738972,-8.305182,6.7576194,-4.4562783,3.435466,9.711957,0.7594018,0.07895487,1.7937546e-05,0.16136764,0.00025774701,0
14.110287,0.3164269,0.014635696,0.49885288,0.021540323,0.54828894,0.021930346,0.034246307,0.111524165,8.440765,-6.176141,5.6830487,7.9408455,0.3259935,0.5649044,0.0028273507,0.104373194,0.0019015542,0
15.199637,0.30611724,0.009413133,0.4978955,0.014070245,0.48321587,0.02392833,0.0790902,2.4862912,4.659558,-3.7193573,2.0,7.845311,0.7911249,0.187523,0.00022761532,0.021124182,3.234045e-07,0
12.907728,0.30986795,0.010777863,0.52452177,0.030441899,0.48658973,0.03454621,0.032497335,-0.54108024,4.354331,1.4528624,6.7768993,11.796318,0.7994237,0.16394983,0.018110951,0.0070489882,0.011466559,0
17.968752,0.34545764,0.0060359077,0.47831675,0.033934157,0.46333987,0.034796182,0.07094973,-0.72334445,6.0322104,-9.052557,5.731601,16.430485,0.33852562,0.28067884,0.009813853,0.37050176,0.00047993107,0
11.465089,0.33072594,0.008658783,0.46209255,0.015697468,0.46736443,0.005658207,0.09233818,-3.8564723,5.9226956,-1.6140822,5.111331,12.237147,0.8923094,0.08872269,0.018766258,1.9132794e-06,0.00019972195,0
17.347052,0.3122874,0.010631604,0.62095124,0.037771285,0.51210564,0.050154064,0.092384696,-4.006955,5.628281,2.5203707,7.249636,9.875697,0.2703272,0.48954767,0.0071761366,0.05046063,0.18248834,0
14.428047,0.31527108,0.014758011,0.4713657,0.03601104,0.46663004,0.035285536,0.07475745,7.352594,4.0827365,-3.7327485,4.341302,10.433687,0.66574234,0.2773373,0.013323065,2.9975303e-05,0.043567292,0
18.51374,0.28865644,0.0106659485,0.50400573,0.024518408,0.5222085,0.036969185,0.07417619,7.4973855,8.397304,-5.1155043,3.7642877,10.906099,0.50392985,0.40218425,0.0006057159,0.09328019,2.3127633e-10,0
17.252607,0.3277695,0.014151162,0.4401736,0.02827478,0.48011103,0.028564595,0.10503815,-0.010588525,5.2743254,0.69692594,7.7450886,17.079927,0.6605967,0.2817116,8.341317e-06,0.023487536,0.034195825,0
20.461939,0.2848037,0.011922187,0.50465876,0.010501988,0.46360898,0.011446465,0.013312086,1.1260945,8.852157,-6.9368877,8.681532,14.700826,0.55231553,0.08787996,0.16097784,0.104926676,0.09390001,0
17.192324,0.33503592,0.014882204,0.46267098,0.026677378,0.48416573,0.03674722,0.050713286,-3.923432,6.025487,-3.0907662,3.6131246,11.779877,0.74164087,0.1799933,0.05410922,0.004672517,0.0195841,0
10.283879,0.32257244,0.009822873,0.4823011,0.03007385,0.5101012,0.02434812,0.07696984,2.5702994,7.296858,-7.1593766,4.7725134,11.329196,0.3532283,0.26330134,0.25631174,0.11796999,0.009188598,0
14.799141,0.36773902,0.017170668,0.5418026,0.031687476,0.4916794,0.035439316,0.05325426,7.0385966,7.1154194,-10.0,7.090085,11.89806,0.43323603,0.37015948,0.012096088,0.008345896,0.1761625,0
11.483978,0.2979973,0.008543812,0.51888037,0.03378877,0.50102633,0.02781199,0.084795564,-6.1169233,4.3514504,-3.607937,4.84371,12.482827,0.08192811,0.85707545,7.825385e-08,4.298666e-06,0.06099207,0
13.445161,0.31794676,0.0077006146,0.5227364,0.032442417,0.52088624,0.032380395,0.05921292,1.8555332,6.734406,-8.05358,6.189177,9.7604065,0.74835306,0.21072412,0.004357565,0.0361589,0.00040633974,0
19.533686,0.35596576,0.0063698413,0.4291518,0.027356563,0.53247267,0.022250036,0.06263488,2.156089,9.856666,-3.0466821,6.560807,8.467763,0.3919731,0.40268895,0.20419249,0.00025751974,0.00088793924,0
16.912601,0.34382778,0.016993074,0.5734758,0.032861948,0.49069715,0.03864389,0.054506507,2.110426,6.5032244,1.4601185,3.8753908,14.096661,0.62380415,0.325028,0.050926782,6.536175e-05,0.00017568927,0
12.903209,0.30607575,0.012458343,0.45232475,0.04002032,0.46867335,0.01811621,0.04954978,6.5712705,7.8025537,4.4170218,5.838549,11.0659485,0.336719,0.042313486,0.023347594,1.1781077e-06,0.59761876,0
11.958848,0.32447934,0.008997638,0.56114244,0.02904502,0.50228286,0.052455693,0.0490578,8.144073,7.3865438,-2.6258829,4.9876146,13.846184,0.32227403,0.50913316,0.019201076,0.033752188,0.11563957,0
15.098347,0.32004,0.013747068,0.5408617,0.03317595,0.5141195,0.052379485,0.065423325,-0.9339347,6.6140995,1.0768633,2.5662627,15.938477,0.47027567,0.41011044,0.04742881,0.014490805,0.05769429,0
11.35032,0.32563913,0.012063077,0.5230933,0.02813829,0.45617825,0.046326995,0.0445087,2.6926947,6.372957,-1.4041494,3.0206947,12.561844,0.8514768,0.036812432,0.0007641073,0.11087419,7.247954e-05,0
12.986579,0.3060264,0.015898382,0.4658006,0.023532411,0.47328174,0.04275479,0.0790641,0.33693483,7.094631,-4.5324545,3.695166,12.075645,0.14208102,0.45489973,0.12856065,0.22935149,0.045107085,0
15.9360285,0.31821358,0.0053565013,0.5060636,0.035228796,0.4784244,0.029154517,0.07306452,-2.5284612,7.526565,-10.0,6.85704,20.0,0.26455608,0.24411526,0.0065792105,0.05657783,0.4281716,0
18.465937,0.28803894,0.009203919,0.48116314,0.024447741,0.49376532,0.04166547,0.08198833,1.0832566,3.295672,3.5059693,6.922716,11.62106,0.5549947,0.22606204,0.14765045,0.00019068607,0.07110213,0
16.826284,0.32270247,0.008612436,0.5011616,0.03386147,0.47716898,0.029038236,0.037421513,2.6859982,6.4946055,-7.1964087,6.499826,7.7283597,0.78655875,0.21261267,0.00068418216,8.894306e-05,5.5442757e-05,0
8.126131,0.3290004,0.004078952,0.4900051,0.030282553,0.5212112,0.014464824,0.026010469,0.86771476,5.631844,2.5310836,5.8802214,10.156324,0.39053676,0.3030894,0.03274428,0.023499433,0.25013012,0
15.9131,0.31545162,0.013180981,0.41845557,0.026960652,0.451846,0.045032013,0.059916284,-3.5247247,5.216946,-0.8527695,5.8256526,15.655054,0.7409071,0.23614551,0.00082055165,0.0032716817,0.018855218,0
15.216101,0.28769898,0.00918881,0.5448714,0.026718572,0.45260844,0.041288245,0.11797601,-1.8542426,8.5919285,-6.9040513,5.555121,7.117498,0.5673174,0.24683736,2.466976e-05,0.03208553,0.153735,0
16.24167,0.33977064,0.0122188935,0.49675572,0.02491879,0.48998335,0.02968661,0.085324176,-1.8236297,4.5337076,-1.7520065,5.815194,8.742621,0.41699776,0.2855681,0.020222645,0.08586118,0.19135031,0
19.848629,0.3272905,0.017079316,0.480608,0.013541988,0.4947304,0.017748157,0.048911072,-3.3697758,3.2104619,5.5316443,5.950725,14.319281,0.8360445,0.024627062,0.02947491,0.09081725,0.019036269,0
8.810286,0.3054797,0.008940269,0.47758693,0.03382895,0.4563607,0.024137992,0.068490244,1.2541584,7.5914326,3.1426103,2.1911557,10.185138,0.5347218,0.46198276,0.0032812194,2.7031522e-06,1.1544971e-05,0
13.226689,0.31438798,0.0087365415,0.5143384,0.032315467,0.48179755,0.011788544,0.07455174,1.6724484,3.1592124,-5.0508523,3.4195056,10.669263,0.30050448,0.5844995,0.019318853,0.05820723,0.03746997,0
16.772718,0.2899866,0.010355992,0.46424976,0.038496703,0.48796868,0.03945081,0.032632235,3.9180703,2.1441138,-5.847923,2.9421568,14.2201185,0.48801368,0.41501057,2.7816715e-05,0.067556955,0.029390968,0
10.255217,0.2994918,0.0129617425,0.409793,0.024685431,0.48820105,0.013966911,0.08739252,-3.4304893,7.8165355,-2.5991678,7.21429,8.849537,0.60985667,0.14903444,0.113789275,0.109776825,0.017542828,0
19.427847,0.30924377,0.008299861,0.5162852,0.048953835,0.5045564,0.032868307,0.056651518,-2.3099148,6.3174443,-3.662055,8.3082,6.5941925,0.31301156,0.58502907,7.702243e-06,0.008140213,0.09381147,0
16.10507,0.3445684,0.0081071155,0.5207641,0.026202641,0.48015264,0.021563066,0.058186382,6.218278,6.9454393,1.7989496,2.0,6.833342,0.33404738,0.5780967,0.012979316,0.047759805,0.027116835,0
17.539751,0.30720994,0.013171568,0.49201474,0.021248903,0.54433507,0.015732966,0.060475692,-0.6579835,5.1151447,-0.041643456,8.129629,12.745341,0.55319417,0.42259485,0.004315713,0.014212002,0.00568328,0
13.287169,0.33280426,0.011135918,0.4540839,0.02006315,0.5146461,0.03238355,0.0828908,0.120524116,3.2311878,-9.768967,5.173443,11.777396,0.78424037,0.1657549,0.009764186,4.3288626e-08,0.040240504,0
17.441292,0.30923367,0.0038658152,0.50355744,0.012660776,0.4757866,0.026662007,0.044896357,-0.7004149,3.6284256,-1.1652989,7.0254397,8.9223,0.5783015,0.12986945,0.26669005,0.00708662,0.018052379,0
18.205414,0.32495895,0.0063238246,0.4414187,0.045326278,0.50283533,0.03838189,0.0258606,4.532123,5.455622,-3.716364,6.012934,7.5236254,0.2837323,0.48999852,0.0022577906,6.496922e-05,0.2239464,0
15.698634,0.31717208,0.014503707,0.45891076,0.043710675,0.50372046,0.017323947,0.066459104,4.687235,3.4551942,-2.8515675,7.88079,10.188281,0.65127295,0.12281895,2.1168466e-05,0.2073403,0.01854665,0
15.703202,0.33746114,0.011205785,0.46997207,0.036007453,0.5364416,0.022426853,0.019126838,4.452832,6.6141057,-2.0042279,5.419485,14.349552,0.5852502,0.36177608,0.0001849376,8.021764e-05,0.05270857,0
15.811029,0.30930376,0.0077134124,0.53375757,0.021039112,0.48198852,0.0061235777,0.05397793,0.10627045,5.075084,1.794916,2.273091,8.492546,0.3928375,0.57060903,0.031471033,0.0004998754,0.004582575,0
12.409965,0.28854942,0.009488771,0.48549557,0.048112676,0.52302015,0.008156533,0.083737485,-3.489744,6.370072,0.91117185,4.78865,9.011948,0.09690012,0.8838571,1.849557e-05,0.0018417708,0.017382562,0
14.557414,0.29236102,0.01003971,0.48208535,0.026482807,0.50125563,0.047981925,0.07158188,7.7008524,6.310296,-5.998971,6.031312,7.4284353,0.36166462,0.52986896,0.000102109414,0.096527435,0.011836877,0
14.542433,0.30936244,0.0122072,0.5781877,0.027309742,0.544747,0.050835982,0.08084712,3.425236,6.773599,-3.234448,4.5680776,9.897761,0.17183684,0.7499804,0.00064029504,0.07632014,0.0012223654,0
16.15018,0.2950188,0.0059252097,0.5140985,0.044372592,0.53872675,0.030927261,0.07240703,-1.826636,6.9989653,-4.7940855,6.3154635,12.014237,0.284526,0.3802028,0.15255654,0.04455797,0.13815673,0
17.999474,0.32820424,0.0074771526,0.51355976,0.036589105,0.5059094,0.021761712,0.10820669,5.6952753,5.3121986,-9.727384,4.868605,17.345507,0.41365027,0.44573417,0.13906328,0.0010206797,0.000531561,0
11.824391,0.31068465,0.010818867,0.48521197,0.05201103,0.49213153,0.027015511,0.048235208,-2.1424356,6.3679385,-3.437482,3.8089814,11.653344,0.1898413,0.495386,0.017535936,0.15988618,0.13735057,0
14.624973,0.36749214,0.009700497,0.47614512,0.03248722,0.5151982,0.038735744,0.06796263,5.6428137,6.4720163,4.379018,2.8280432,10.838965,0.5827059,0.39721707,0.00762973,2.0053336e-12,0.012447318,0
19.444366,0.28524572,0.011715578,0.41254374,0.026029691,0.4945865,0.02485611,0.05123759,5.9131384,2.0,-9.848173,4.216369,13.58881,0.37629557,0.20901498,0.25804687,0.12847358,0.028169008,0
12.769236,0.32407266,0.0063114776,0.53874964,0.023881951,0.5504092,0.032376338,0.07913603,-3.6859312,7.2930517,-3.0962472,5.4091434,13.088647,0.45492214,0.5370116,0.0031199104,0.0009781102,0.003968202,0
12.53325,0.29744095,0.011071386,0.5179324,0.011530038,0.5023541,0.02987244,0.058768503,2.3270333,6.2998843,-3.2245526,2.0,9.267017,0.94020104,0.050985396,0.0040651513,0.0047484147,1.3405413e-14,0
15.606918,0.31013197,0.013274751,0.49283335,0.027214043,0.48783073,0.024311874,0.0943769,3.1287627,7.1280975,-1.8490582,3.4398472,17.90618,0.37665126,0.46717906,0.023550957,0.13199604,0.00062269304,0
17.533155,0.32282838,0.011460456,0.49451092,0.041445933,0.48621154,0.024738073,0.04938368,10.0,3.426313,-6.8508997,2.0,10.92685,0.55268383,0.32065058,0.12248347,0.00026566238,0.0039164466,0
15.034278,0.27349257,0.010417336,0.52944577,0.035988342,0.46360892,0.03293321,0.08814253,-2.9692044,5.3684535,-8.700442,3.7658503,11.7091255,0.8446186,0.13998802,0.012664244,0.0027272045,1.9392678e-06,0
18.986881,0.32473654,0.00971235,0.43781158,0.03020308,0.51669675,0.020231118,0.07186279,5.730173,3.816941,-8.514391,7.3946295,12.654046,0.43170008,0.49436852,0.06917687,0.004524057,0.00023048189,0
17.570381,0.35805815,0.0074954466,0.47640476,0.020050656,0.47539967,0.034517292,0.059350777,0.069384076,7.489203,2.323735,2.6277673,12.037617,0.33165622,0.4129319,0.2450974,0.00080909586,0.009505402,0
17.52546,0.31093124,0.009784005,0.45454788,0.03226873,0.53294444,0.02528421,0.070848845,-4.965457,3.189767,-6.9307437,6.4063196,15.576193,0.43206176,0.5466338,0.020746572,2.5856389e-05,0.0005320116,0
16.66235,0.32519615,0.013779118,0.5708604,0.040128138,0.46121195,0.031273674,0.06522529,-0.47994867,4.1426907,-4.9982486,10.69765,9.230274,0.1834516,0.37337068,0.095966294,0.0001363457,0.34707507,0
21.98296,0.34049845,0.009642915,0.5350262,0.034307193,0.50381726,0.043839626,0.06711909,0.009859044,7.0686283,5.4185305,7.9070764,13.350146,0.67979807,0.267739,4.835968e-05,0.044027675,0.008386894,0
14.384515,0.31672093,0.007330588,0.4118923,0.03166735,0.53450674,0.02831808,0.05586258,-4.235561,4.741251,-5.9370227,5.267027,11.493706,0.2559557,0.48067996,0.20432952,0.000116670206,0.05891816,0
8.989433,0.30838078,0.008523258,0.43944955,0.022030424,0.43543258,0.039198045,0.04596823,1.2486944,4.1432185,-1.6304016,6.716869,13.94817,0.15610972,0.6395202,0.00042098988,0.033410445,0.17053863,0
19.812763,0.27448526,0.010602551,0.49470618,0.038671818,0.56054795,0.012079671,0.053298578,3.831237,7.813439,1.2552468,2.2606344,10.355043,0.62741965,0.13469608,0.17578419,0.06192333,0.00017673786,0
13.626902,0.33281982,0.008879458,0.48110238,0.0,0.48724145,0.02529637,0.0263371,0.9528026,7.8954234,1.0628808,2.0,9.948754,0.2864456,0.68208146,0.0074784355,1.6978685e-08,0.023994496,0
15.323642,0.31773663,0.01145591,0.4470247,0.033828456,0.5042329,0.030276887,0.07683897,-2.1673763,7.4441423,-8.326305,5.0573964,13.19622,0.5488055,0.15677013,0.018666618,0.0012318002,0.27452597,0
18.928652,0.29974633,0.011568531,0.5777905,0.05570322,0.5171435,0.049233306,0.03529672,-0.5938883,7.697419,-5.85341,5.797221,12.073979,0.6673204,0.22303882,0.07825716,0.030060211,0.0013234544,0
10.193221,0.32253194,0.01266695,0.5125016,0.014916266,0.5217839,0.010400479,0.05564706,-0.018173426,5.5368414,-1.7905442,7.1888084,8.539117,0.633281,0.3044437,0.023419952,0.019574406,0.01928095,0
11.245058,0.3083264,0.014270678,0.51899266,0.027586306,0.5082165,0.029037902,0.0729609,0.86928654,5.590814,4.7160697,3.8624756,15.036837,0.52428705,0.30515546,0.16568415,0.004375572,0.0004977802,0
10.196166,0.30943146,0.012987576,0.4723194,0.02992089,0.52992153,0.04456689,0.07678793,4.439323,4.7038374,-6.0460424,5.3867908,13.197528,0.592969,0.0228652,0.052538987,0.33162677,1.7447318e-08,0
12.617591,0.3321258,0.0071972827,0.52889097,0.025374172,0.51557213,0.022149796,0.024506962,1.087759,6.3354583,-4.974452,5.318223,10.777388,0.66235864,0.33633375,0.000460001,0.00015386897,0.00069370825,0
16.31891,0.29323235,0.0072893966,0.4847827,0.040363744,0.5528264,0.027871612,0.05816304,-5.6107864,4.9442034,-1.3217024,4.7372117,9.595306,0.2985048,0.69291294,0.00078537007,0.0076070633,0.0001898165,0
16.572563,0.34094632,0.009772685,0.48866627,0.03472451,0.5156698,0.03331739,0.06919489,-2.2492843,5.1338677,-0.5213671,4.85505,12.092393,0.8709095,0.120125115,8.236359e-05,5.9331374e-08,0.008882932,0
15.828822,0.29204628,0.008646474,0.52444005,0.031523004,0.55893904,0.031845085,0.061040323,0.6640842,7.199801,-0.27898398,3.290591,12.981456,0.9093977,0.076078735,0.0012206587,5.101059e-08,0.013302857,0
10.761703,0.30674598,0.0065850196,0.43484008,0.037972726,0.5270324,0.045657706,0.086881496,4.496498,8.369079,-6.3854237,5.559415,6.217775,0.42235243,0.5293584,0.020635262,0.0008616354,0.026792271,0
8.06969,0.35845894,0.008674924,0.5638811,0.030167507,0.44582748,0.034484737,0.04356386,5.1913857,6.7965207,-5.1281924,5.3901,12.127043,0.33168614,0.53427064,9.141706e-07,0.13396373,7.8570396e-05,0
15.163061,0.3425471,0.008576461,0.50729555,0.061798643,0.5783331,0.04327773,0.019019177,7.0987415,9.588632,-2.1379952,4.1199765,12.9576645,0.83156693,0.14534621,0.0036095802,0.007248882,0.012228399,0
13.584672,0.32195207,0.007984457,0.55123776,0.03151347,0.48276967,0.026399916,0.07620652,0.5224576,4.5889688,2.0492454,6.3315487,4.0,0.74110407,0.2554488,0.0034349007,6.195443e-08,1.2198511e-05,0
16.378157,0.3011894,0.009052631,0.4569832,0.03195282,0.5448663,0.022594746,0.049258277,3.0532367,2.3240507,-3.9539363,7.055663,11.588569,0.651891,0.34375042,0.0031718446,0.0011265964,6.0141767e-05,0
17.105862,0.30941457,0.013535352,0.4630734,0.01289532,0.5008038,0.027742768,0.024829188,-5.8178463,7.429256,-3.0892076,6.3547525,13.083827,0.37995905,0.601316,0.00240495,0.00034134657,0.015978653,0
15.414724,0.3214655,0.010597714,0.453524,0.024565497,0.5318327,0.018408969,0.05682975,1.7195263,4.4563327,-7.1037135,2.9151134,12.742635,0.3907795,0.5451207,3.7019043e-05,0.054982107,0.009080643,0
17.2804,0.32075047,0.017415427,0.5100119,0.041473776,0.47934562,0.03483512,0.08461116,-4.3010564,5.4526157,4.4529076,5.1992917,13.407345,0.27356306,0.30948305,0.011851492,3.5734487e-05,0.40506667,0
15.687634,0.3181826,0.010511525,0.50263935,0.016645432,0.51877236,0.026141219,0.03473495,-0.2501568,2.460407,-2.3829482,3.177137,10.017301,0.48988566,0.485257,2.5920544e-05,5.9577706e-06,0.024825454,0
16.590195,0.31938335,0.009129803,0.48142353,0.008424428,0.49240428,0.02328211,0.10671992,10.0,4.2015796,1.3110191,5.1931095,7.8802805,0.6261292,0.30873135,0.06304166,0.0016438272,0.0004539895,0
12.885981,0.3157125,0.0100123985,0.45943722,0.030323155,0.5473701,0.034986585,0.04324237,1.214217,2.9955451,-2.8804111,3.1849265,5.600767,0.48153928,0.3921159,0.1261286,9.470762e-06,0.00020673228,0
14.461165,0.29116043,0.010769476,0.44933614,0.043707445,0.51316005,0.018562842,0.061740216,-3.455253,5.1313934,-2.6589317,7.5543265,14.2766695,0.60021996,0.3936528,0.006003074,0.000103472084,2.0701473e-05,0
15.590328,0.3096698,0.0113057615,0.49806064,0.030423813,0.52807826,0.037705023,0.03561735,1.631156,5.210897,-9.001236,6.566663,13.109197,0.614453,0.18662556,0.1968858,0.0009203198,0.0011152984,0
17.461586,0.33829248,0.016230134,0.48137653,0.026638754,0.4350777,0.025216626,0.060832206,-2.0683007,6.1799207,-10.0,7.305979,14.505466,0.42352253,0.48277658,0.09268761,0.00049822545,0.00051504024,0
13.818776,0.29263332,0.0074640387,0.47257572,0.01141512,0.49743283,0.041590966,0.057325043,-3.8429766,8.479445,2.0076208,7.103444,8.824576,0.45375705,0.065950006,0.0013874478,0.22567485,0.25323066,0
16.563501,0.3162089,0.012577138,0.56188357,0.03452254,0.5123165,0.026072625,0.030210122,8.412559,7.3538127,-2.687767,4.458801,13.4115095,0.38996637,0.14610724,0.00014573289,0.30326676,0.1605139,0
14.202483,0.30360493,0.010623252,0.49670696,0.036612753,0.50670844,0.036319096,0.11651654,4.267248,2.7556608,-2.1742876,4.1487803,6.491957,0.78156805,0.15482473,0.06360722,1.6322539e-09,1.0043078e-14,0
14.647373,0.322227,0.0052867066,0.5508017,0.012182675,0.5288347,0.031795625,0.050093256,1.3821465,7.216031,-7.996215,8.483448,8.39152,0.82243985,0.10463927,0.07278219,0.000103605824,3.505686e-05,0
17.488558,0.31222734,0.012312097,0.4786699,0.041345324,0.48902288,0.03743902,0.05011075,-1.5672932,6.2235093,-6.6122565,4.6697607,11.377932,0.8060288,0.19300482,0.0006247389,0.00026878263,7.285527e-05,0
9.020819,0.34954786,0.013802871,0.5097911,0.037656955,0.5014636,0.031099468,0.07938072,-1.243158,5.804347,1.249208,2.2908387,12.989623,0.8748076,0.121312656,0.0020562757,1.0478385e-06,0.0018223982,0
11.110583,0.33013165,0.007428471,0.49778095,0.04132316,0.5354368,0.013366026,0.0962851,6.1699276,5.954601,3.960575,7.0149336,16.037037,0.618029,0.19140622,0.058602113,0.113154344,0.0188083,0
10.553444,0.29376394,0.009973198,0.4320951,0.03583525,0.43163934,0.040087935,0.08252874,1.2263101,6.409105,-5.485096,5.2875514,10.279808,0.5060779,0.38608712,0.008494339,0.00012649577,0.09921416,0
8.0,0.33342457,0.004823937,0.55713356,0.036536828,0.5176805,0.02912317,0.0359764,-10.0,4.616226,-0.31406686,8.0118885,8.402751,0.65503794,0.12999669,0.048486542,0.084005296,0.08247355,0
12.965207,0.30450696,0.006223581,0.49459386,0.03520721,0.48998347,0.03789516,0.06427818,9.683754,5.6352983,-2.2399004,5.4859395,8.248553,0.17995942,0.6426752,0.020518346,0.09908188,0.057765152,0
17.248302,0.3084601,0.013144089,0.52985674,0.038684722,0.47263047,0.036902465,0.022372551,0.73224944,8.367878,-3.4821157,4.959997,8.936462,0.2587554,0.7341231,0.00207234,0.0006989277,0.0043502455,0
14.145348,0.3262764,0.008600751,0.46991885,0.011812422,0.5100963,0.022267034,0.0780341,1.373476,4.5921884,4.407836,8.052241,17.66308,0.56077206,0.40699506,0.026385985,0.005846296,6.1565305e-07,0
15.59337,0.31016505,0.006673591,0.49340624,0.014989406,0.5368235,0.020852046,0.027296238,4.3467793,3.940224,-4.8128066,2.0,13.27062,0.5327028,0.23362893,0.0033927213,0.2291649,0.0011106601,0
18.267653,0.33785713,0.010688381,0.4653259,0.022639921,0.5311743,0.03655355,0.043935973,1.8616114,5.8765855,1.9628506,3.8292754,14.337596,0.67093533,0.19451107,0.0924757,5.4138554e-06,0.04207246,0
18.983059,0.3045098,0.008432763,0.54943997,0.028701799,0.49594662,0.02696751,0.05993597,2.9876344,3.738867,-1.4743067,3.225274,10.283043,0.7823061,0.12637867,0.0006616117,0.05370789,0.036945738,0
14.792586,0.30762106,0.0085875355,0.51245636,0.03388137,0.52627224,0.039364293,0.06890013,-1.6948938,2.5544338,-3.0675573,2.0,10.995054,0.6483449,0.1944749,0.14601572,0.009038175,0.0021263403,0
19.060759,0.30687258,0.012217978,0.5146821,0.033246815,0.52604204,0.02821799,0.054781307,-4.9191813,5.3110657,2.4880686,6.7463527,13.097794,0.55417997,0.22365819,0.00269243,0.008361593,0.21110784,0
15.27638,0.30868724,0.0065148,0.55432737,0.04117106,0.49737886,0.040234096,0.090381674,1.1209311,8.8972435,-1.839462,3.885163,9.482604,0.13978904,0.62845325,0.04942995,0.018592337,0.16373543,0
12.487805,0.34198382,0.0072839046,0.5462537,0.041484952,0.47920758,0.034233045,0.07446479,5.7264585,5.922792,-3.38571,6.810736,10.126077,0.20269273,0.60383475,0.021041675,0.11093399,0.06149686,0
13.216799,0.33257592,0.01046224,0.5306137,0.021276148,0.48094296,0.03287975,0.0728945,-2.5912101,6.3571544,2.5177686,5.778173,8.975887,0.48587582,0.3863051,0.12680016,4.7161964e-05,0.0009717704,0
10.558391,0.35419887,0.01290823,0.4431309,0.032385763,0.5251356,0.026259888,0.035411984,-2.912096,2.0,1.997049,6.214285,9.657522,0.64344007,0.22402847,0.045540202,0.0013653242,0.085625924,0
12.335598,0.3653529,0.013714481,0.47217283,0.021521684,0.4987356,0.032324277,0.09398736,4.884077,6.876251,1.8078533,4.089201,11.146935,0.5764937,0.21793017,0.084809996,0.12067724,8.8896835e-05,0
13.92595,0.29938567,0.008004814,0.45984447,0.02811753,0.46861452,0.041928526,0.043938696,-1.8289808,6.186732,-10.0,3.4715037,8.534869,0.747033,0.1918869,0.0013485479,0.019408844,0.04032271,0
17.410755,0.3214084,0.012812131,0.5291014,0.033217914,0.44945413,0.029457845,0.09475085,-1.6422397,4.6701703,-1.2392935,5.1795216,11.857937,0.5718366,0.1273109,0.01225433,0.11847967,0.17011854,0
20.16231,0.296476,0.007647573,0.5068261,0.0,0.5249549,0.035311744,0.1004439,-1.4925771,6.3601007,-2.1515312,6.8383365,11.853745,0.21971953,0.7355611,5.0548824e-05,0.012893182,0.031775665,0
10.853456,0.3044479,0.015478628,0.4443795,0.05411244,0.48359665,0.0304636,0.070253134,-0.25992393,6.3402433,-3.139453,4.899236,10.462255,0.1267138,0.42310494,0.17776275,0.19927694,0.0731416,0
16.178482,0.30739835,0.006598687,0.49245024,0.035664085,0.50991166,0.03124604,0.080640264,-6.2945523,3.8810241,-0.56088144,3.5961273,8.51762,0.50221074,0.26351395,0.0050852248,0.13160801,0.0975821,0
11.878368,0.2988569,0.013985436,0.4402355,0.024042968,0.5371912,0.047234107,0.0,-2.1573606,6.6637073,-1.9577725,2.6019638,11.314889,0.43343878,0.42968118,0.034985136,0.0077529037,0.094142005,0
16.424091,0.29896227,0.008030541,0.49787375,0.049273696,0.46073225,0.0420173,0.05609995,0.9214721,8.394271,-0.28877032,5.408326,9.485287,0.6140348,0.02709495,0.048857253,0.1950984,0.114914626,0
14.60674,0.31711432,0.01603974,0.4337851,0.026525687,0.49864587,0.030794038,0.08204331,0.8929517,5.544117,-4.0718474,3.891865,11.139783,0.6348406,0.2739885,0.005502367,0.0509428,0.034725767,0
9.507282,0.29566562,0.0117739625,0.5211531,0.031325195,0.4948792,0.03214454,0.078490205,4.6319723,4.2648115,2.9927225,4.8565187,14.294382,0.4885084,0.4273256,0.044869322,0.039238337,5.8339694e-05,0
17.784891,0.33684254,0.0069519505,0.5151185,0.025128841,0.5113923,0.022981295,0.035605535,7.3575687,5.64484,0.11577677,4.5224423,7.2411795,0.25564915,0.2743898,0.030097075,0.43700704,0.0028569656,0
13.184998,0.30164492,0.008433284,0.57631797,0.04651992,0.5371748,0.028270284,0.05412556,6.049934,7.7092266,-0.82989365,4.111138,17.520458,0.1990882,0.7736316,2.06272e-05,0.007546965,0.0197126,0
13.398299,0.37619138,0.012343544,0.5339149,0.028950153,0.46011645,0.033093978,0.00927269,3.6586096,3.5473623,-1.025179,5.587607,10.78243,0.13437885,0.77805215,0.009805601,0.020887593,0.05687578,0
11.790743,0.3109723,0.013157933,0.48308343,0.03149484,0.51709396,0.038506135,0.06825986,-0.59493834,7.1571164,1.6291252,6.1090083,12.2355175,0.4152033,0.42698282,0.034349944,0.06875474,0.0547092,0
13.03715,0.32144034,0.009787853,0.53272283,0.042037822,0.5309457,0.03749221,0.022333432,-2.4922762,4.643971,1.0867511,8.930558,8.74175,0.6749681,0.17339012,0.06478952,0.03445169,0.05240052,0
16.28367,0.29409316,0.010133975,0.44409344,0.035851393,0.4944087,0.01890741,0.08260956,0.07151373,6.484126,-3.4510882,6.5159354,14.426635,0.72260123,0.048078038,0.0023448085,0.0020417285,0.22493422,0
14.432267,0.35412183,0.012275059,0.4615011,0.029456519,0.49587658,0.03976983,0.0836545,2.3423152,4.8713374,0.96124154,8.187365,10.62312,0.52653664,0.42852214,2.6840593e-07,0.038912985,0.006027961,0
15.985986,0.34239,0.010395396,0.5133257,0.04110391,0.51255345,0.029112263,0.050512664,3.2877512,4.8659663,-2.303791,3.3627992,9.817645,0.36102232,0.31917936,0.005238052,0.30570552,0.00885475,0
16.085766,0.3259383,0.0061194855,0.41367,0.055384833,0.5103445,0.020130087,0.07042552,2.492343,9.04619,4.667707,2.0,9.273455,0.57183766,0.41907385,0.009085391,7.3525394e-11,3.1179943e-06,0
18.961985,0.29306394,0.007561078,0.49851358,0.033174105,0.5174706,0.043363847,0.055658024,-0.48470187,3.1818268,1.3909112,4.9711394,10.194524,0.53878564,0.34804285,0.109549895,0.0036124839,9.1256625e-06,0
13.971642,0.32421333,0.01070536,0.45918947,0.0311676,0.51683843,0.04463279,0.06483817,3.147449,6.970732,-5.502437,6.7160544,12.255042,0.4936998,0.36626774,2.7303424e-08,0.028643345,0.1113891,0
10.569427,0.2975714,0.013646447,0.5040523,0.03170627,0.47054082,0.03263747,0.03705481,5.04349,9.462648,6.3228426,6.4023232,11.518432,0.5525067,0.38175604,0.0004963505,0.01873315,0.04650777,0
18.201668,0.3492471,0.014847947,0.45689055,0.043104295,0.52970797,0.037087936,0.072449856,3.5206416,7.3710437,-10.0,7.4227633,10.880421,0.36406022,0.618333,0.017481072,5.8309757e-09,0.0001257136,0
14.005535,0.3361839,0.012338588,0.5169699,0.024008023,0.5350035,0.03767449,0.027176294,-0.12805222,3.337806,-0.45058104,2.0,8.865736,0.52387923,0.44838548,0.008518576,0.017537994,0.0016787,0
18.343777,0.32190877,0.010861873,0.5007731,0.027216824,0.5055825,0.04395772,0.023401396,-3.3353949,3.4368389,-5.7849894,7.505954,8.692479,0.26772043,0.64243543,0.0030713475,0.08122774,0.0055450248,0
16.150131,0.27127248,0.012246442,0.55601466,0.014625571,0.45517534,0.037280686,0.057561435,-3.4302697,4.4967494,4.5287213,5.670925,9.617377,0.48779178,0.36241263,0.0006353068,0.10105506,0.048105225,0
14.606587,0.30033168,0.007999747,0.50026935,0.018161321,0.49655762,0.016723117,0.055775136,-2.7248704,6.315816,-1.9887757,2.0,12.380827,0.22400028,0.5996052,0.016600471,0.058970813,0.10082326,0
16.046328,0.33375522,0.009540307,0.46925429,0.024822,0.5058322,0.050098076,0.065446034,1.0283008,6.451885,-6.175182,6.4470577,12.986779,0.7612681,0.22922683,0.0062186522,0.0031622043,0.00012421067,0
20.853037,0.34425768,0.007527608,0.49012455,0.02944063,0.465662,0.04065657,0.04700985,2.079215,3.4566069,-4.065979,5.338965,13.391132,0.5296079,0.4275727,0.026537238,0.0068653245,0.009416825,0
21.230942,0.3421834,0.006253772,0.44623053,0.047690835,0.48919585,0.024904758,0.097713836,-5.658129,4.254485,-5.855726,5.762459,10.9956,0.49104917,0.46128494,0.041522093,0.00069260644,0.0054511786,0
15.208143,0.28815973,0.011000647,0.5162455,0.035359927,0.4577189,0.01970375,0.0632121,-2.0159805,4.377035,-4.223108,6.9982185,12.150686,0.46238363,0.5122971,0.010270475,2.6096618e-06,0.015046205,0
15.480572,0.32603106,0.0105565395,0.523594,0.020879215,0.51821876,0.035048135,0.064657636,0.97314185,5.6385064,-4.3145905,5.860551,10.494648,0.6479158,0.32673922,0.022122366,0.0006236548,0.002598981,0
18.22872,0.3403103,0.0120629575,0.5987678,0.022720195,0.50497866,0.0272174,0.063944675,-3.5987196,9.969391,-6.0046234,2.05435,5.773106,0.9528048,0.045069586,0.0009804943,0.0011005161,4.4572735e-05,0
12.4630165,0.2868333,0.011638336,0.47512656,0.04374749,0.4506265,0.033299953,0.080058195,1.7356166,4.133626,-1.9197447,4.7139473,10.35222,0.39993477,0.45753872,2.4214453e-10,0.008781284,0.13374522,0
15.999211,0.31984192,0.010727933,0.4892882,0.041266102,0.51054394,0.037434068,0.07152035,-1.2297132,4.0460844,-1.4351033,2.0,9.874021,0.40030837,0.51361775,0.0029047388,0.081465796,0.0017033376,0
14.922412,0.32547686,0.01166985,0.47696966,0.030281499,0.49830472,0.024335582,0.068840355,-2.893681,3.7337193,-6.9852257,6.298124,7.8828645,0.16888411,0.60670394,0.020218665,0.081919484,0.12227379,0
15.941725,0.31398472,0.00987195,0.50848454,0.025574734,0.51549244,0.01883892,0.07471968,0.21282174,7.271089,-9.633075,7.7959404,9.297817,0.10640685,0.8745909,0.015049557,0.002540895,0.0014118305,0
12.499893,0.28295675,0.011238675,0.5152676,0.041249327,0.48825404,0.033858184,0.023507707,1.5691214,5.917317,-1.7561742,2.517096,11.405274,0.50589573,0.49017024,0.00019937991,0.00030967515,0.0034249586,0
10.2312975,0.31348604,0.007821566,0.497865,0.020066729,0.4759556,0.024666121,0.024263047,-3.3941157,4.2075467,-0.8723178,3.6570725,7.60026,0.96783394,0.020848675,0.010807998,2.044951e-05,0.0004889197,0
8.78105,0.31345388,0.011109117,0.54345304,0.033920303,0.47687465,0.03146096,0.058478825,-0.9704495,5.274409,-0.07913295,3.2352614,8.867643,0.5902872,0.40697873,0.0003650114,0.0021094831,0.00025954994,0
11.647848,0.31703857,0.012005253,0.47532082,0.05272659,0.4838549,0.016566735,0.056046523,1.8707135,4.4169793,-0.79530245,4.0921893,15.643706,0.21143669,0.25684676,0.19779463,0.04154916,0.29237276,0
13.623974,0.30873057,0.007990955,0.53944695,0.032053556,0.50056475,0.027478173,0.0715962,-3.0483608,6.5917826,3.290867,5.8248463,6.191881,0.3415361,0.64172465,0.0024388738,0.010406177,0.0038942029,0
14.120425,0.31113976,0.010155496,0.5215399,0.022243906,0.50443876,0.03714952,0.060400337,-6.631027,11.368753,0.98827153,4.1138616,10.450454,0.35486707,0.094895,0.083957694,1.3794009e-06,0.46627885,0
20.811693,0.31920588,0.0081291925,0.4995188,0.034103688,0.4942784,0.036059324,0.071637295,-6.1462955,7.101729,7.7193127,6.3050604,7.501072,0.6328795,0.2877571,0.00062646344,0.039443467,0.039293475,0
18.31798,0.32884908,0.0084204795,0.48740253,0.025299912,0.48730043,0.02211642,0.035088096,-1.6722034,5.814023,8.0,7.1307597,8.74509,0.86028236,0.12747125,0.0022456269,0.0055768797,0.0044238837,0
12.113727,0.31391147,0.006625212,0.5970667,0.016058842,0.4894579,0.018317357,0.05978511,-5.273673,4.670049,-10.0,7.2035184,10.406788,0.44826958,0.41359377,0.0052716425,0.07407298,0.05879203,0
16.043125,0.311807,0.013797325,0.46731967,0.03701036,0.57523173,0.030157637,0.033178866,-1.3908876,3.3131998,-10.0,2.7636378,8.0372715,0.79981446,0.1876797,0.0027998176,4.0711275e-05,0.009665316,0
13.778766,0.32184708,0.013197055,0.51191735,0.041178346,0.47687826,0.03561033,0.06773716,6.6597714,7.4673796,-3.029565,7.7718577,12.721792,0.80934215,0.092791475,0.00029641396,0.08538992,0.01218006,0
14.146909,0.28158167,0.011612302,0.46999124,0.026890934,0.48326084,0.03405175,0.0224343,-5.5143933,7.3587084,-0.98307025,7.9321446,15.053452,0.561107,0.4387223,2.3732064e-05,4.921053e-05,9.775729e-05,0
15.555977,0.3295407,0.015916588,0.57142484,0.026227644,0.5988156,0.024878401,0.0669662,-1.1304194,5.067798,-3.30354,8.10536,13.525034,0.2024592,0.7785564,0.0016713368,0.017239667,7.3399526e-05,0
16.857513,0.31998873,0.009432263,0.53547305,0.020384345,0.5126304,0.032978244,0.030620012,8.529219,8.426668,-0.18567821,4.6843705,14.073839,0.15347178,0.45267588,2.0569612e-05,0.30599192,0.08783984,0
13.982224,0.32079387,0.019095287,0.472866,0.028500644,0.45860058,0.045023553,0.052329443,1.6325203,6.042214,-4.0809684,3.496315,6.860793,0.66339797,0.24796295,0.008477606,2.505441e-06,0.08015895,0
18.191555,0.33921468,0.009317412,0.5205038,0.024376316,0.5252806,0.032051448,0.077898555,-1.4708931,7.5495214,-5.775803,3.0315175,10.270787,0.33718503,0.60874456,1.0096758e-12,0.0004269055,0.053643495,0
11.574185,0.2809437,0.01076558,0.51030785,0.019889673,0.47269884,0.01366852,0.0645476,-0.6275305,6.592394,-5.1715636,2.7964401,12.402264,0.4740471,0.200453,0.13609771,0.16224426,0.027157942,0
15.019017,0.28052333,0.008806666,0.479335,0.04892169,0.52727187,0.032032,0.027086796,1.71745,5.645728,-3.8006735,5.0233808,13.613573,0.5408636,0.35101733,0.027014269,0.016090626,0.06501422,0
22.79302,0.32547608,0.011116977,0.53032655,0.03466493,0.49367112,0.05043957,0.04655212,6.7830877,4.090231,0.37404937,6.6957035,16.26006,0.53785896,0.21586794,0.24575426,0.00049920456,1.9637184e-05,0
15.669239,0.31985766,0.0125068445,0.5155722,0.03572395,0.48680612,0.017126093,0.02997243,-2.1234145,5.7089267,-4.946963,7.6131167,14.207119,0.39671752,0.37925717,0.22070841,0.00028835115,0.0030285427,0
19.299644,0.32340354,0.009658251,0.50862795,0.038833994,0.54827493,0.030297246,0.02610483,-3.030441,7.684101,-4.1558747,4.028886,13.6894655,0.5352322,0.27852166,0.12624745,0.059998393,3.0148414e-07,0
15.274561,0.31075746,0.015330159,0.4983232,0.03771036,0.51699203,0.027736645,0.062353265,-5.515235,4.98373,-0.7191326,4.9226236,18.900787,0.19382893,0.34823343,0.007004123,0.45093352,1.5871105e-08,0
16.74233,0.33328706,0.010717448,0.5172422,0.0258689,0.5291897,0.03095883,0.071205966,0.41238412,6.8794827,-3.7951856,4.791625,11.288927,0.121084645,0.83847356,0.028361794,0.001260391,0.010819585,0
14.829651,0.3386528,0.0108114565,0.5091755,0.032725528,0.5130476,0.03194252,0.06881212,-5.6227493,3.8345282,1.4668422,3.7294395,10.132825,0.69822574,0.21154319,0.08825621,0.0017757693,0.00019907263,0
14.488777,0.32967964,0.0072730067,0.50236374,0.027309695,0.48666665,0.04139972,0.07205254,-1.8551306,7.560117,-6.678025,6.471499,11.532074,0.39520073,0.40556693,0.012505655,0.018705504,0.16802117,0
12.661552,0.31478342,0.011255497,0.47435936,0.034384638,0.51834065,0.030847833,0.05976178,-3.6347337,6.6258826,-7.545455,5.7256966,8.254842,0.1995987,0.1630526,0.0023265113,0.5581136,0.07690864,0
16.290905,0.27784622,0.009597918,0.56775063,0.03341691,0.53627646,0.042772595,0.054532196,4.296494,3.5957785,-1.7814839,5.2836466,11.202901,0.654948,0.14273655,0.10946558,0.02241444,0.070435405,0
12.445389,0.33538473,0.008175281,0.4579832,0.026173398,0.50404215,0.028823443,0.038538612,-2.0335855,5.551971,-1.3828461,5.716611,5.819443,0.37700826,0.30349725,0.3139231,0.0051766783,0.0003947137,0
16.996756,0.34443456,0.0076705767,0.51710546,0.016707012,0.55404925,0.026498633,0.051198408,1.5877213,7.8628817,-6.459838,6.2309027,9.411443,0.61079586,0.34706143,0.0029226034,0.038792413,0.00042771714,0
18.255861,0.33289117,0.01801529,0.48719037,0.03146237,0.5255146,0.023308171,0.03357303,-6.416368,3.481935,2.3743815,6.210874,10.653998,0.5217412,0.28369895,0.18710135,0.0020928145,0.0053656898,0
16.099594,0.30240715,0.009209569,0.5703819,0.027957305,0.50635946,0.011829129,0.043096688,0.5260278,3.8580995,4.699747,3.32302,13.848906,0.530435,0.4652003,1.754595e-05,2.8395061e-06,0.004344252,0
14.141253,0.3334759,0.0056290436,0.4638607,0.011096277,0.5075446,0.032757815,0.061778538,-4.812641,5.8610063,-5.511417,6.792657,14.333272,0.33402166,0.6605635,7.543595e-05,0.00025283897,0.00508654,0
16.361897,0.3372106,0.007905335,0.47058946,0.03507662,0.50411713,0.050540004,0.05764388,-1.702594,10.266662,2.9492028,5.510732,8.109149,0.85329556,0.058318228,0.051544223,0.027861655,0.008980339,0
14.073981,0.35117632,0.009845297,0.46120727,0.03965342,0.46246284,0.034582354,0.12,8.8448105,4.654844,-10.0,4.130768,17.2281,0.62019247,0.21421376,0.057232466,0.0081538735,0.10020745,0
17.80664,0.3024778,0.011640001,0.5129386,0.055283565,0.49729782,0.036867473,0.033084087,3.7286975,6.990548,1.3044491,5.4684596,11.445121,0.5543981,0.33817145,0.00068126986,0.0074469806,0.09930216,0
9.505782,0.3154709,0.01166439,0.445078,0.026088025,0.5066356,0.025869686,0.057498027,-0.51365036,6.520271,-6.4310513,5.688955,11.720135,0.60093606,0.38885793,0.0012916194,0.0069314726,0.001982905,0
13.993178,0.33494544,0.012029843,0.48085886,0.024612881,0.48751745,0.027556665,0.03152536,10.0,4.82096,0.90429074,7.1635675,6.1469197,0.23807798,0.55596304,0.0051753595,0.13202532,0.06875829,0
9.027564,0.3211482,0.008065419,0.41390535,0.01890579,0.5101303,0.039846417,0.052244283,-3.6606987,6.3222666,-6.8451037,2.9076889,9.139828,0.6053669,0.3506609,0.004284898,0.000109800574,0.039577503,0
10.514817,0.29765344,0.011021322,0.50961685,0.03208642,0.5006392,0.050086938,0.053058136,4.6608653,5.1043305,-3.27395,7.6499686,14.149471,0.5871561,0.25189903,0.0035970625,0.0031472363,0.15420055,0
19.091587,0.32829234,0.0073718214,0.4799914,0.03202318,0.52321076,0.04487948,0.0768976,-6.1306977,5.2843904,-6.2404623,5.046333,11.5093355,0.16094087,0.2960539,0.13609803,0.012683907,0.3942233,0
17.685555,0.33157322,0.008141071,0.44047773,0.021887036,0.51989335,0.038052447,0.05100667,-0.975691,2.6774561,-3.8555229,3.9876935,11.323444,0.57466996,0.40851387,0.01363486,0.0030951167,8.616534e-05,0
12.841559,0.32175925,0.007246873,0.54342437,0.028250702,0.5050146,0.030351507,0.056173608,-5.391159,5.9511275,4.319696,3.9264839,11.681517,0.342062,0.40714616,0.001005239,0.24958712,0.00019949282,0
10.49249,0.3243917,0.0064348336,0.44769332,0.010213343,0.4589836,0.03209719,0.05139364,1.0291036,7.798187,-3.4317513,2.9972644,6.6703873,0.22534028,0.295738,0.08103846,0.1460463,0.25183693,0
8.0,0.3148259,0.0131926285,0.53187776,0.039263766,0.55372167,0.022464927,0.031978965,0.22388102,6.1148515,5.4412065,2.0,10.710175,0.1849565,0.649297,0.15448394,0.0071761664,0.0040863617,0
13.3695135,0.34956557,0.012065835,0.47195837,0.022293208,0.49574327,0.015518324,0.04695795,-1.2306592,8.181016,-4.54325,6.3547997,15.224991,0.5878806,0.14980894,0.0038925433,0.15851647,0.09990144,0
22.261246,0.30198616,0.0129299965,0.56406283,0.029653436,0.4975734,0.018732017,0.052361265,4.368228,7.160655,2.967059,8.961773,14.260123,0.7554616,0.21400918,0.01979148,0.010737765,9.703706e-09,0
16.304653,0.3082536,0.010117939,0.52998203,0.015733065,0.48972437,0.030498,0.061476517,-2.268396,5.8809175,-9.50277,2.0,10.624402,0.59235495,0.24526785,0.083647855,0.06669532,0.012033996,0
13.321283,0.3202197,0.012330423,0.45967808,0.024176463,0.48534766,0.027080078,0.07117894,1.307407,4.7441487,-4.146036,3.0991442,15.691006,0.6546764,0.3397781,1.0369765e-06,0.00095421757,0.004590292,0
16.39524,0.33757907,0.004716132,0.4633167,0.027204089,0.54632175,0.015305583,0.05530807,3.2822196,5.0274725,-5.14444,6.503166,7.2227044,0.4955271,0.48911822,0.003917432,0.00821149,0.0032257864,0
10.317125,0.29005253,0.012589263,0.524221,0.029887091,0.54158133,0.029626766,0.054956473,-5.9328847,3.058979,3.1508224,4.908726,8.084907,0.3668955,0.18327487,0.014356053,0.43544137,3.222621e-05,0
14.10803,0.29379407,0.010531359,0.48950487,0.034797326,0.51333183,0.026815698,0.025583737,-2.9936574,5.4658422,-2.2590048,6.6688385,16.590868,0.6800652,0.31410542,0.005676863,0.00015113383,1.382074e-06,0
15.298432,0.27924544,0.011881329,0.4932263,0.04439075,0.496775,0.018271511,0.07079469,0.21544386,6.2919974,-10.0,4.796559,12.733919,0.7894844,0.13047794,0.00022088623,0.00011255688,0.07970426,0
14.741698,0.32065392,0.01114007,0.55088955,0.03732711,0.5185735,0.02629821,0.046082042,2.5206137,9.430842,-8.240519,3.838745,10.133338,0.7291367,0.02118843,0.09685238,0.06869518,0.08412734,0
17.372417,0.2976339,0.0070388345,0.47005245,0.039621644,0.5022139,0.02679047,0.07494246,5.684951,7.0566406,-7.050649,4.548316,10.834044,0.58118397,0.36262134,6.177585e-06,0.055900242,0.0002882637,0
16.033936,0.312309,0.005505881,0.50365174,0.04446104,0.4942933,0.023833629,0.0863288,-0.8635192,4.270292,0.73620117,2.0,8.580107,0.73539233,0.1945196,0.010359431,0.0012211974,0.058507428,0
17.004978,0.33322757,0.007863837,0.5381851,0.03569708,0.51014316,0.0392667,0.0562417,-1.2658842,3.1212635,0.22002994,2.7130313,11.829778,0.4525213,0.45313936,0.09043828,1.239707e-05,0.0038886874,0
12.934883,0.30716914,0.011694752,0.5323647,0.029632928,0.48676527,0.010970985,0.039533775,-3.490384,5.586896,-4.2015977,6.896559,11.592165,0.8726175,0.061124817,0.003381227,0.059783317,0.0030931337,0
17.693447,0.32462564,0.012070274,0.4936155,0.04009112,0.50756794,0.01014201,0.059666026,1.3199364,7.623529,-5.1940393,7.3837996,11.059654,0.30179882,0.6761497,0.010303307,0.009923946,0.0018241924,0
19.88681,0.31401324,0.005896173,0.48844376,0.040730093,0.50612664,0.030032858,0.06697404,-1.1884702,5.5587673,-0.13444704,7.812332,7.5207314,0.5234615,0.4653153,0.005102471,3.0904356e-08,0.006120671,0
12.089551,0.3334423,0.007056702,0.43044737,0.036485657,0.5180881,0.030961271,0.0536896,-1.0961291,7.083968,-7.518092,5.8817387,11.794269,0.49597093,0.47992554,0.017879697,0.0060112476,0.00021260034,0
12.336913,0.32950255,0.007830293,0.4577502,0.015453724,0.48142588,0.03404215,0.04871923,-0.37555403,5.637749,-1.169324,2.0,9.411466,0.2848235,0.7050302,7.928186e-10,0.009575189,0.00057107327,0
19.007353,0.3061613,0.008928085,0.51273435,0.0215854,0.5213041,0.024610264,0.071270645,2.2065122,7.434001,-1.509928,3.729987,8.0420685,0.93126637,0.03776626,9.681603e-06,0.030851765,0.00010591212,0
14.425968,0.31662697,0.0059138476,0.49448472,0.02725146,0.47281066,0.020820761,0.069951564,-2.2549222,2.805484,-4.098358,7.6493115,14.800227,0.71733207,0.2737889,0.003404411,0.00022290123,0.0052517066,0
19.211464,0.34087488,0.005733845,0.5029971,0.03779621,0.482823,0.029926838,0.053074207,-3.0886323,9.2083645,-1.4092882,8.246108,17.509165,0.96717966,0.027319927,5.405117e-07,0.00026973453,0.005230159,0
13.672393,0.32786754,0.007534494,0.5415701,0.029786536,0.48413226,0.025584219,0.026918678,1.7268968,3.775033,-2.5916226,7.7252955,16.82786,0.37012556,0.5296727,0.0051851002,0.0117764175,0.08324025,0
19.365137,0.29206076,0.010258761,0.45250708,0.041368686,0.46783844,0.045510713,0.06912757,-10.0,7.587465,-1.010322,4.527495,12.950368,0.50532615,0.4918942,4.951048e-05,0.0026989367,3.121778e-05,0
15.394458,0.33311236,0.006458217,0.49055278,0.043152366,0.5304699,0.026757728,0.044653457,-2.4147127,5.455632,-8.33641,2.3868482,10.203245,0.19315095,0.6024053,0.0004135708,0.20389247,0.00013770605,0
15.774687,0.29830778,0.009652589,0.50754845,0.041991703,0.47092843,0.029468149,0.06428682,-4.605238,5.7683444,-0.54199207,4.918737,10.788933,0.29753274,0.6852057,0.011468566,0.005793002,3.6937797e-10,0
19.694155,0.34825027,0.013175659,0.47183362,0.042055406,0.47903252,0.054754183,0.06302314,4.813033,5.517796,1.1064054,5.029614,12.216806,0.7223511,0.13517396,0.009402005,0.12588122,0.0071917563,0
13.914688,0.34048197,0.0060946606,0.5572591,0.019630061,0.5376622,0.028052397,0.022221051,-1.763731,6.511209,-1.7161943,8.131129,9.739257,0.21365847,0.7545866,0.0069130724,0.024336757,0.0005050957,0
12.176634,0.3257977,0.009380663,0.53634346,0.034826353,0.48288253,0.03556157,0.061621632,-2.2428644,6.915049,-0.5951366,5.4555826,14.95643,0.8256898,0.08173387,0.013022967,0.07955338,3.1256913e-16,0
13.654307,0.32314464,0.01307427,0.5116053,0.02392471,0.4943557,0.036463093,0.07029065,-0.19448994,8.116723,-3.4396772,5.0333624,4.8928175,0.1978021,0.57147306,0.11287469,0.06082748,0.057022694,0
16.357002,0.31581935,0.008745194,0.5717693,0.013509337,0.46963912,0.037314016,0.07274305,-2.3814898,8.815898,0.56533027,5.1469903,10.1128235,0.7953024,0.19715333,0.004737179,0.0012881339,0.001518943,0
10.302723,0.33357048,0.008278991,0.4400442,0.027125288,0.52498853,0.032894872,0.062347315,-1.6105926,6.663643,-2.7390115,5.7997174,13.403214,0.83634055,0.14901538,3.0045403e-08,0.014365818,0.00027819636,0
16.912413,0.31258443,0.013490488,0.49969095,0.04324737,0.52540207,0.031938408,0.020456279,0.38844165,9.427348,-7.591765,6.25288,8.464521,0.84464943,0.07081173,6.0124024e-05,0.0026119957,0.08186668,0
13.383686,0.3247114,0.0090813935,0.5146535,0.03460742,0.5221684,0.031003343,0.08554162,-1.6881617,6.185945,0.28086463,3.550925,10.279553,0.7288197,0.24093278,0.020006476,0.0004431453,0.009797845,0
18.443438,0.33743867,0.013313485,0.4634178,0.050178092,0.5161259,0.024240062,0.06822045,-1.7168698,8.154881,-9.536585,2.8847592,12.7809305,0.66621655,0.33133328,0.0012615992,5.154881e-05,0.001136993,0
8.0,0.30876386,0.011286896,0.5120286,0.0317723,0.5022077,0.03325519,0.035933614,-4.040631,6.8574395,-1.868881,7.741117,15.554808,0.23616104,0.55568707,0.07389995,0.038593907,0.09565806,0
12.640303,0.30767614,0.008971466,0.4557367,0.054478027,0.4842687,0.050286457,0.04424474,-4.615135,4.901591,-4.5368915,2.0,7.118185,0.6631122,0.2183604,0.009184605,0.109337285,5.514769e-06,0
9.940596,0.2961127,0.011439072,0.5276223,0.031775214,0.47555092,0.04210682,0.06462448,0.24254759,6.3624682,-4.792503,8.275495,6.8957767,0.29381838,0.23464924,0.039315756,0.027507754,0.40470886,0
12.521312,0.29871055,0.010961348,0.5423134,0.030224804,0.5386972,0.03303918,0.07359568,1.226402,7.006344,-2.312045,2.0,8.161909,0.5058165,0.42904928,0.0011736699,0.027570486,0.036390048,0
15.742998,0.2834321,0.0130626485,0.51089334,0.017206099,0.52294415,0.038558297,0.050240744,-5.7126265,5.9356036,-5.837153,3.8309178,6.3873925,0.4938092,0.3094218,0.051533543,0.03704749,0.108187966,0
14.46232,0.33459657,0.008354964,0.4258881,0.041105628,0.47920087,0.021308241,0.07651051,3.0397656,6.825713,-0.9511759,6.943708,6.6008644,0.3387444,0.07864882,0.54187334,0.040599123,0.00013429263,0
14.239867,0.35617828,0.010123618,0.46132827,0.02497875,0.50119495,0.027394878,0.024144663,3.0561905,7.730726,-2.7728136,5.000684,8.082016,0.47946322,0.14917006,0.01945927,0.22479397,0.1271135,0
14.522446,0.34850657,0.009815453,0.5225884,0.023529524,0.49099654,0.0394785,0.03915082,3.8987565,5.9532537,-5.469176,2.3670464,14.70048,0.7533965,0.113623,0.06168085,0.02563473,0.045664918,0
15.610165,0.2874783,0.012112444,0.50084794,0.042812306,0.46615368,0.044871673,0.01871272,1.1995564,2.0,2.3527184,5.852856,10.063769,0.33586955,0.51932603,5.150859e-05,0.00046859082,0.14428434,0
11.974392,0.3344971,0.0069244625,0.3922399,0.041582227,0.50532955,0.022291338,0.042051896,2.5483284,9.356541,-2.1808696,5.134009,11.094126,0.8618886,0.13370138,0.0020830587,0.00027807395,0.0020488987,0
17.120548,0.34844214,0.0130509315,0.5497132,0.041320514,0.4875352,0.025164116,0.09016155,8.740104,5.404817,-0.47679627,4.5679035,8.133607,0.41582674,0.28400746,0.28194103,0.017567284,0.0006574946,0
16.987997,0.3108638,0.011398986,0.5054663,0.02637809,0.4714239,0.05181376,0.10115604,-1.2060864,4.3534393,2.666355,3.7521553,12.900611,0.19301364,0.46852556,0.005330169,0.3331267,3.9332567e-06,0
16.155113,0.32202893,0.0060492246,0.46723703,0.029490242,0.455626,0.030962612,0.06469181,-4.182766,3.7517793,2.6007142,4.930788,16.627293,0.9535846,0.026772255,0.015128857,0.0023990374,0.0021152236,0
16.6696,0.27984214,0.013624788,0.5397982,0.029401457,0.4530859,0.04823362,0.047231417,-6.1362395,5.3271084,-0.6808582,3.8361568,8.3371105,0.3530324,0.5637937,0.0545424,0.027224807,0.0014066602,0
15.889254,0.32533473,0.01670228,0.4728984,0.037825182,0.4888572,0.032068573,0.0555672,7.0226955,4.8745046,-4.210633,9.869065,16.174246,0.52120215,0.4681979,0.00062719145,0.0047620204,0.005210749,0
21.10522,0.2987288,0.013005502,0.4724619,0.045535646,0.49744716,0.032461803,0.0694668,7.075149,4.525981,-8.718815,4.5199656,12.093273,0.92115176,0.077076465,2.8238577e-05,0.00040931653,0.0013341983,0
14.738717,0.3239927,0.014280954,0.5143341,0.033681467,0.47374097,0.026945092,0.028740384,-3.698399,4.6357474,-2.173237,4.252486,11.0505905,0.60573924,0.38039345,0.0114275385,6.985889e-05,0.0023699002,0
14.078751,0.28877595,0.010256114,0.57124156,0.049748912,0.5195222,0.039425552,0.048550017,-2.9092832,7.0594854,1.3783373,3.9167278,12.200372,0.6207787,0.30109593,0.017568544,0.0019582072,0.058598652,0
12.739417,0.33085716,0.0050154855,0.5649435,0.038971946,0.4980336,0.043577775,0.08869786,-1.2959641,10.060727,-1.5827407,8.553902,12.171579,0.67364544,0.26155534,6.787721e-09,0.01265014,0.05214909,0
11.903212,0.34049025,0.0044676387,0.51438844,0.027652007,0.51730657,0.019649977,0.039085798,4.8970275,7.6411433,-10.0,2.0,16.571314,0.6820751,0.071965165,0.0028824462,0.23871899,0.0043583037,0
11.266584,0.3043364,0.010765246,0.51849544,0.038287114,0.49451268,0.026475495,0.045019504,-5.149209,8.245196,0.48024863,5.718865,12.560662,0.20043413,0.73510534,0.012511929,0.004437883,0.047510706,0
12.333608,0.29726154,0.008224064,0.53165996,0.047059402,0.47638646,0.039150786,0.060263872,-7.866478,5.24518,0.7259966,4.52142,12.623322,0.49849358,0.4927922,0.0012864597,0.007427765,1.0083463e-12,0
14.787959,0.27687955,0.0072562713,0.44972065,0.04998289,0.5034235,0.028704513,0.065662846,8.670058,6.2093306,-4.204889,2.1531997,9.7355,0.6490796,0.28348854,0.010544027,0.05688769,1.2977517e-07,0
16.002886,0.31467173,0.00981176,0.52576596,0.041868914,0.46211976,0.025066145,0.047499917,1.2494931,6.852965,0.9534467,3.3618474,13.517231,0.26082498,0.70361453,0.0017922922,0.023251867,0.01051632,0
15.153426,0.30836812,0.011846756,0.47063705,0.030256744,0.51618314,0.040095422,0.06153929,1.8176532,4.6808844,-0.48813835,5.633908,8.129459,0.83646566,0.01686136,6.504727e-05,0.09160391,0.055004008,0
12.703394,0.28897962,0.0056417272,0.5127391,0.027833067,0.47188553,0.04103453,0.07215879,-0.820424,5.14854,-5.7420273,3.2712135,11.327012,0.37464395,0.023221547,0.02437487,0.576395,0.001364673,0
17.700554,0.32906038,0.008653367,0.4909013,0.035760693,0.527547,0.02550358,0.09922904,1.8631397,7.709104,2.0852044,5.519128,19.64985,0.6524125,0.05126141,0.23415856,0.0039057361,0.058261797,0
17.218239,0.3110006,0.014529612,0.5200483,0.046739746,0.48984632,0.032123666,0.057475112,-6.0568237,8.180586,-8.069908,8.458306,4.0,0.35487503,0.6201997,0.0017302452,5.2777745e-05,0.023142306,0
14.521055,0.29848528,0.006774135,0.50472414,0.034337692,0.531876,0.017915253,0.059174053,-3.3636823,6.1348205,-3.2289786,5.3412013,11.699441,0.14566809,0.4806382,0.16644967,0.15768929,0.04955474,0
13.041251,0.30890855,0.012609283,0.3770788,0.034545317,0.4663213,0.021045191,0.090549044,0.42063153,3.6096857,-3.6280093,2.0929751,11.814869,0.78128284,0.15992214,0.03188607,7.867648e-08,0.026908856,0
16.645285,0.3414261,0.008545808,0.50715566,0.030513978,0.47966692,0.031241652,0.049016684,-9.083564,5.408816,-6.3017526,3.3064075,10.315733,0.7366292,0.24655886,2.0434196e-07,0.0034850712,0.013326662,0
15.563921,0.33205873,0.011637381,0.52568614,0.02672109,0.51142806,0.030314067,0.03351294,-1.2100705,3.1173377,-1.7848245,4.4291887,10.386442,0.7825916,0.1414423,0.00038635067,0.04409207,0.03148773,0
10.655619,0.31739947,0.013291983,0.5178371,0.028378654,0.5351149,0.02033124,0.06500498,-1.4566575,6.150405,2.2414756,4.29553,11.274229,0.20985058,0.29292095,0.32301804,0.03136647,0.14284398,0
14.79606,0.3323821,0.012223845,0.49589655,0.03135426,0.5499983,0.022840261,0.0815235,-1.210761,6.510806,1.9909675,5.3040276,10.24399,0.5045766,0.40010378,0.00097079115,0.010264046,0.08408475,0
15.786107,0.29678175,0.0127274785,0.56568646,0.047181,0.50124097,0.019349556,0.06722094,-2.2043273,5.458579,-0.10534314,5.624886,11.665939,0.37546754,0.16483629,0.13082159,0.3247931,0.0040814667,0
12.300916,0.3206474,0.0065452196,0.5124549,0.027602863,0.5551324,0.0345506,0.05805969,-3.9835677,6.4834223,-9.78369,8.461056,9.537168,0.7596831,0.23834665,0.0002485579,0.0016517316,6.9997724e-05,0
15.5695305,0.32294646,0.013340979,0.51750696,0.03052612,0.49131006,0.010323608,0.031032132,-7.2881274,6.8338027,-8.343809,4.992561,17.067179,0.1808408,0.39167136,0.27000397,0.00043832877,0.15704553,0
10.635532,0.31060326,0.0074419207,0.5417797,0.021346223,0.53296304,0.019884227,0.058832616,0.5789882,6.513724,-2.3353236,2.695611,10.243958,0.21985655,0.76747864,0.0015957472,0.0036892977,0.00737977,0
19.008558,0.32870916,0.0107786255,0.5145037,0.037166312,0.47173458,0.011370584,0.0846631,-1.200496,3.5969393,-3.1369402,7.3076124,12.708835,0.49037895,0.3623186,2.094748e-07,0.14340979,0.0038924483,0
18.74385,0.30439132,0.010774738,0.4640793,0.04366679,0.512606,0.034190208,0.03531766,-5.5011263,5.493471,-4.992319,7.526049,8.992891,0.32668987,0.67074364,0.0017702123,0.000791447,4.8245024e-06,0
14.242448,0.3301964,0.011455367,0.4024665,0.04624498,0.42974922,0.011972665,0.055105057,0.25013366,6.819686,4.6212926,5.464886,13.799429,0.7071584,0.23145173,0.0008123274,0.04333047,0.017247103,0
16.090363,0.33103716,0.01101087,0.48091516,0.032033645,0.46635228,0.030317292,0.052250307,-1.1798007,9.157424,-2.5765593,4.507211,13.200403,0.26981843,0.6990345,0.00028593137,3.4711438e-06,0.030857664,0
8.0,0.2616568,0.00746857,0.5304378,0.035743542,0.5140003,0.04639524,0.046045907,-1.8440958,5.4561486,-0.830349,6.245093,12.257781,0.09327152,0.8964139,0.0052583567,0.0045732623,0.00048290804,0
11.530957,0.34380612,0.005950398,0.48587614,0.028464496,0.46062684,0.04673434,0.06495846,-8.62758,7.1016803,0.9515755,4.5778403,7.917994,0.23427469,0.6065355,0.0011241181,0.11370973,0.04435597,0
14.118663,0.26,0.012617046,0.53204715,0.035280187,0.5128085,0.011940924,0.068866104,2.73107,7.756304,-2.7801661,2.0,8.742791,0.5441586,0.32888713,0.12129087,0.0007256605,0.00493774,0
11.783601,0.30767903,0.010557503,0.50594914,0.03313965,0.5271937,0.032984097,0.06865654,-4.9322042,5.606745,7.3642488,6.1269484,16.05852,0.2938118,0.69977355,1.871151e-05,0.0060700756,0.00032589317,0
17.14319,0.34050697,0.01344813,0.5515227,0.030582644,0.4849604,0.020110287,0.040463805,0.25308102,8.296816,-6.7614894,6.784503,8.7095785,0.37510282,0.53233016,0.00020307221,0.00026939317,0.09209457,0
20.99189,0.31365427,0.009865801,0.48819134,0.031377535,0.4709314,0.01806864,0.027080325,-3.2330737,8.404347,-5.4242864,7.8821745,12.922707,0.7652421,0.11890332,1.2680735e-05,0.0015434456,0.11429846,0
11.470156,0.29067627,0.005784507,0.5187046,0.03451922,0.4857744,0.0288653,0.06524777,-1.554906,8.76077,-6.7713027,3.5384831,8.165986,0.77029663,0.22342195,0.002332805,0.0007455955,0.0032030072,0
12.48761,0.29812527,0.012898389,0.5202354,0.027058477,0.47102562,0.042282913,0.04988162,4.60917,6.9168644,3.2506332,5.4523306,14.025149,0.25010484,0.44212696,0.2081307,0.09571437,0.0039231316,0
15.706346,0.3405381,0.008888888,0.5600641,0.027575033,0.4969636,0.03599659,0.09676625,2.1264727,10.720275,0.20834349,5.4955993,8.940808,0.48315167,0.18226762,0.33011377,0.00030631517,0.0041606077,0
19.83335,0.2815699,0.01102601,0.4317345,0.04707362,0.5030627,0.022848591,0.097690195,4.5201597,4.769434,-5.1766076,5.170765,8.110436,0.7100941,0.28805298,0.00023006691,0.0016177226,5.1181355e-06,0
11.332877,0.3425798,0.008057621,0.48166367,0.057105467,0.4908197,0.03705034,0.0998138,1.321542,10.248156,-6.4555054,5.229712,8.862972,0.31113657,0.30007026,0.0063272505,0.013022426,0.3694435,0
15.747108,0.31889796,0.014932905,0.5339407,0.017956331,0.5502308,0.0075629167,0.04119778,1.5845743,7.536599,2.539562,5.074272,9.338593,0.44851288,0.53121257,0.010406996,7.7094455e-08,0.009867436,0
20.463896,0.29615209,0.0073703057,0.5618359,0.017405288,0.47841787,0.022470541,0.07138738,-7.124556,8.680775,-1.5532491,5.4234986,12.21402,0.9404791,0.055879842,0.00091770705,0.0027233646,7.1825317e-11,0
10.044723,0.3083377,0.008987711,0.50960284,0.020428471,0.541743,0.021761084,0.07741905,-1.2701,5.3599243,2.641672,6.481362,11.208151,0.5356294,0.43054798,0.03240346,0.0014101246,9.051605e-06,0
11.156793,0.29965553,0.010322346,0.48829183,0.028967116,0.46876281,0.030783206,0.07516708,-0.89963573,7.6889496,-3.2405975,7.440575,7.714532,0.5785484,0.33946884,0.0033770245,0.028974473,0.049631312,0
13.72918,0.3373245,0.006723453,0.53028476,0.038957804,0.5021833,0.02797172,0.05291204,4.8946595,8.853949,-0.95385873,3.4873352,10.916159,0.6204852,0.3314982,0.008593663,0.017106486,0.022316458,0
13.438234,0.33464855,0.010991558,0.5347481,0.03591253,0.53549314,0.028585289,0.0855833,-2.0249174,3.8252828,-1.7990894,4.6553974,7.5694957,0.6802818,0.30009148,0.017179746,0.0020391087,0.00040782918,0
17.437803,0.2856168,0.014835731,0.48561352,0.03172031,0.53394073,0.028252805,0.0600095,1.059438,5.6733475,-5.496445,4.1547837,12.930672,0.8185456,0.17191553,0.004179173,0.0052847066,7.5000666e-05,0
15.724979,0.31192815,0.0085286135,0.51321226,0.035289355,0.48739228,0.030224072,0.06256212,0.9030294,2.0,-3.5765767,3.8686552,13.480709,0.38808563,0.6096155,0.0003229565,0.00025129312,0.001724606,0
9.675114,0.30273628,0.011185428,0.54722106,0.023079138,0.5166521,0.03540131,0.029243331,4.6307006,5.643334,-7.7372136,2.0,10.928158,0.7374749,0.17969312,0.0006973511,0.032586023,0.049548574,0
16.54623,0.3458702,0.0017516939,0.5756184,0.027558772,0.51263535,0.03149331,0.072895296,-0.5349763,4.367984,-1.0235727,5.0484447,11.8149605,0.5528311,0.44353324,0.0029035052,1.3605246e-05,0.00071851595,0
13.267384,0.29299802,0.009883213,0.5297042,0.029799055,0.4838018,0.027156482,0.054791767,3.3111477,5.5644646,0.044994984,5.9586406,16.256372,0.3918318,0.5194656,0.038052626,0.0008936172,0.04975633,0
18.823341,0.35208458,0.009060873,0.50176555,0.014157836,0.5184785,0.034017485,0.06929558,-6.8194604,11.847287,0.9606448,4.6898003,10.527191,0.35497102,0.4067642,0.009929414,9.591595e-06,0.22832575,0
13.117237,0.31933412,0.0075445073,0.497837,0.018386899,0.55587476,0.038261235,0.06470227,-6.4560776,9.435607,-0.33382043,4.9820843,8.167226,0.41011518,0.34598622,0.08385255,0.15996279,8.326715e-05,0
13.090154,0.2967613,0.013244351,0.52229583,0.018784339,0.51415104,0.02443974,0.063618734,-9.133377,3.121105,-3.5128405,5.836874,12.737586,0.6836211,0.06614907,0.15097648,0.0843609,0.01489243,0
16.623394,0.3064545,0.009021269,0.4953731,0.037641082,0.51699066,0.029405972,0.059085727,3.14394,7.1114764,3.2078826,7.8222394,7.602039,0.43909866,0.09158159,0.0001286401,0.4691652,2.5906465e-05,0
17.28878,0.30396762,0.009467567,0.50758564,0.03245355,0.52016467,0.041619066,0.07573199,2.6946678,7.5978622,0.56923395,4.160471,10.368293,0.35862416,0.6292668,4.7931433e-05,4.4032815e-05,0.01201708,0
16.344297,0.29450762,0.008868421,0.45768496,0.036110613,0.4561707,0.018972393,0.05602215,3.5873103,5.324206,2.5541852,2.6567757,9.20303,0.3589002,0.6359451,0.003682643,3.6553374e-07,0.0014717096,0
9.943208,0.32189652,0.0042495523,0.55188227,0.01160345,0.51380676,0.04804702,0.03089605,-2.7094474,6.356615,2.805147,4.81912,8.894541,0.27114302,0.6790078,0.00065318553,0.049141444,5.4534208e-05,0
16.614103,0.2954417,0.0066040405,0.4543926,0.015164333,0.4694972,0.01660845,0.07137911,-2.2541907,6.5519643,-3.5023987,8.767122,10.249737,0.6395152,0.1364534,0.09378998,0.06072988,0.06951152,0
11.897076,0.27639267,0.01288328,0.48271552,0.036632154,0.48230338,0.026546353,0.04381989,-0.48419058,3.3067772,-1.4484822,2.6781988,13.699674,0.4079085,0.5168536,0.07259727,0.002044929,0.0005956813,0
15.705829,0.31240648,0.003670148,0.50390375,0.0022133037,0.56485826,0.0204981,0.033514764,5.7747974,3.9373412,0.09826073,6.3002715,14.317006,0.83975565,0.14543049,0.010464492,0.0043455525,3.797368e-06,0
10.728797,0.28394288,0.0077010537,0.5796395,0.042246293,0.49240217,0.05187927,0.039555132,6.7753124,6.3445935,-7.596567,7.3158264,13.778618,0.20347431,0.7431629,0.0044763726,0.00013349313,0.048752956,0
16.338966,0.3049568,0.00880084,0.4830927,0.011766829,0.47779477,0.024966499,0.065666646,3.1752338,6.198805,-7.5078926,2.0,12.009062,0.21745032,0.4290056,0.28907877,0.001648918,0.0628164,0
12.580203,0.30181795,0.015230865,0.47335938,0.038433447,0.5345775,0.024991589,0.058069624,1.3240789,4.582875,-8.197247,5.820445,10.2268505,0.709216,0.25831926,0.03240857,5.2476167e-05,3.6630674e-06,0
11.152096,0.30257568,0.012305811,0.47796732,0.021114154,0.4715697,0.026292512,0.01734634,5.341531,4.4112477,-3.4324005,6.2068214,4.0,0.59660673,0.33907583,0.010190269,0.03450074,0.01962645,0
17.14146,0.36001927,0.008328488,0.5663559,0.040489037,0.48657742,0.030956028,0.05232688,-1.0233698,5.8204417,-4.333268,4.4653296,12.1029825,0.69294655,0.17909364,0.0011961368,0.0035929985,0.12317066,0
15.724934,0.32112822,0.013913541,0.38750613,0.06208161,0.5374716,0.026715582,0.083384626,-1.5637661,7.7723017,-8.742682,3.7071228,4.162005,0.91003865,0.06571554,0.004097025,0.019851783,0.0002970138,0
13.15807,0.32490742,0.0077784527,0.45989048,0.007268224,0.50128305,0.028671132,0.050974086,-0.5160885,5.8470283,-2.4025671,3.8186753,5.229898,0.34356475,0.47423524,0.086545154,0.003519155,0.09213568,0
19.353537,0.28447205,0.013027299,0.60925156,0.03695377,0.4531521,0.0,0.05669047,-3.9148574,9.245461,-3.3824756,4.342863,10.5149975,0.71439487,0.16147356,0.07177772,0.052319784,3.4068376e-05,0
13.678042,0.30692074,0.005923368,0.52363527,0.0119183725,0.5163197,0.030571599,0.08085983,-0.7000375,4.608359,1.7289606,4.3958077,11.793732,0.7392099,0.23635945,0.0007335885,0.0045960727,0.019100979,0
15.096323,0.32430604,0.013219774,0.4557606,0.03426769,0.488106,0.030178066,0.075909786,-4.469632,6.3862195,5.051916,4.018446,9.646746,0.3893103,0.5889225,0.0038635337,0.002156116,0.015747523,0
15.806741,0.29950944,0.008781599,0.4983233,0.027932279,0.54619557,0.04038569,0.08043502,4.1000314,5.291409,-1.1741986,4.3110495,15.606593,0.59051555,0.16706568,0.050249122,5.5697916e-07,0.1921691,0
13.141003,0.33816126,0.006914487,0.5026982,0.03129782,0.48181438,0.043090608,0.004548928,2.1747496,7.175922,-5.786522,7.3815837,12.386305,0.76324874,0.1532975,0.020673476,0.031965993,0.030814277,0
16.413408,0.29594606,0.009348569,0.533845,0.020883137,0.53153676,0.028122919,0.09467046,5.71825,4.4368243,-0.41310248,2.5711424,10.251777,0.4549544,0.24480799,0.29647928,0.00048554275,0.0032727884,0
13.399643,0.31427267,0.010832032,0.5735801,0.037805412,0.55327094,0.03816229,0.07272801,-6.5171313,9.854795,-2.9627883,2.0,15.15893,0.4495432,0.43551514,0.089917384,0.025020095,4.176711e-06,0
13.765085,0.30827898,0.008515755,0.5155421,0.015516422,0.47447172,0.018984312,0.10922953,7.6067877,2.6187751,-3.960501,7.4135704,15.69534,0.19948569,0.5810594,0.17574857,0.03876554,0.004940795,0
19.087929,0.3232864,0.01166186,0.47840846,0.04241637,0.4942036,0.037673425,0.044353478,-6.2899017,9.430961,-6.4464045,4.6159644,12.537676,0.7494972,0.2340078,0.008438099,0.0069539044,0.0011030056,0
11.878242,0.3071902,0.008251018,0.53148335,0.025907498,0.5116588,0.024275241,0.024730988,-4.7932324,6.179977,-4.85688,4.2235355,8.674227,0.47659478,0.46753284,0.01201557,0.03949747,0.0043593594,0
8.0,0.31458214,0.011861118,0.4720699,0.015973093,0.47427964,0.018153025,0.06014437,-2.4832861,7.1048493,-3.711164,4.777566,9.349189,0.90361935,0.08369852,8.595221e-05,0.012596025,1.6322585e-07,0
19.832811,0.3152774,0.011326666,0.4586665,0.04594937,0.50810885,0.028144114,0.05449255,5.2308826,8.66905,0.21638557,5.4185534,6.659784,0.26885545,0.71943635,8.688021e-06,0.0088889925,0.0028105245,0
22.647984,0.30531225,0.0098172305,0.42960364,0.029326573,0.4932524,0.044004723,0.07307328,0.902294,7.715323,-0.9558977,3.9518976,10.872749,0.3463037,0.23916754,0.35172036,0.053401154,0.009407226,0
13.784192,0.32970187,0.008675853,0.43739486,0.04907636,0.49264798,0.031810056,0.08149856,-0.975317,4.539946,4.3023047,6.0118623,7.8498755,0.45716193,0.49731827,0.00027921732,0.045239855,7.129003e-07,0
9.189486,0.32476777,0.010454622,0.4641422,0.042213563,0.5014681,0.04496488,0.058254115,-3.1705098,7.200179,-0.3026477,3.0754747,10.012775,0.49312583,0.42552838,5.1455903e-05,0.081202574,9.1754904e-05,0
14.068548,0.3182277,0.011650762,0.4528884,0.022018543,0.50213796,0.022512672,0.05518584,-5.503741,9.734948,-1.3028203,4.3963475,11.781801,0.48026875,0.20336841,0.16928771,0.11410543,0.0329697,0
14.141331,0.31139085,0.016185397,0.51252943,0.029150102,0.5049164,0.040478513,0.0704544,4.5305095,4.2254167,-4.224921,2.0,5.048874,0.9247313,0.07415764,0.00095275266,8.343629e-06,0.00014992552,0
14.430228,0.33593088,0.012818261,0.45202392,0.03121038,0.48203522,0.0234784,0.054873426,3.194557,10.236857,-7.149852,7.3444743,7.208776,0.6859088,0.27310923,0.037992712,1.9647592e-07,0.0029890642,0
11.659836,0.31528333,0.01292797,0.37425336,0.045263033,0.48334485,0.032253288,0.053200357,5.4098015,6.7714047,-5.279574,4.647825,9.479456,0.26007682,0.5672387,0.13542375,0.026457263,0.010803486,0
16.738684,0.31386605,0.019265536,0.45824352,0.034375176,0.49644238,0.032166827,0.0807427,1.5872725,5.1335444,-5.7993546,6.340208,10.842418,0.35525703,0.47481364,0.00032999317,0.029664967,0.13993438,0
16.573523,0.3220938,0.011547876,0.48112562,0.031762928,0.49865726,0.036614917,0.08519556,-10.0,4.2134213,-10.0,5.9531493,9.518328,0.2123374,0.6184756,0.01890197,0.022096189,0.12818885,0
10.516783,0.35393173,0.01145393,0.475782,0.028001204,0.48683453,0.032507405,0.08167932,-4.9783316,5.553426,-7.0345273,6.0996275,10.188446,0.7487704,0.19434738,0.00075823197,0.056111537,1.2400984e-05,0
17.09759,0.29319286,0.012112046,0.560781,0.029494429,0.5097182,0.022608155,0.056635406,1.8594853,2.0894434,3.408839,4.984449,8.881438,0.55154854,0.44388956,3.6528822e-06,7.5302246e-08,0.004558197,0
21.158054,0.33539712,0.006973102,0.4754583,0.04304592,0.44555715,0.03880307,0.01720422,-1.4788681,5.169511,-1.5255991,5.776455,6.6518006,0.40384963,0.2078869,0.29285505,1.705215e-06,0.095406696,0
15.515881,0.2821366,0.008668295,0.53523695,0.030037053,0.47808602,0.047316566,0.05703588,-2.2353678,5.4741454,-4.5060954,3.0774312,9.395748,0.553168,0.34345636,0.04315938,0.054833718,0.0053825215,0
13.988025,0.32434547,0.008481492,0.4992407,0.026050027,0.49160215,0.024161967,0.0448404,-4.412907,3.8511727,-1.4060807,2.6576428,10.360495,0.49424523,0.5019154,0.00084693986,0.00046889344,0.0025235259,0
14.573991,0.35150164,0.011942842,0.49830782,0.02435493,0.47431654,0.011647679,0.057405498,3.7903583,7.4956903,-10.0,4.797788,10.06883,0.64701605,0.19529761,0.017162535,0.00057611923,0.1399477,0
16.84577,0.32977337,0.009477477,0.4665848,0.024462348,0.5488759,0.034993194,0.046578184,1.8247706,5.5624676,-1.8716091,3.6404471,11.335388,0.38719308,0.59071064,0.016890367,0.00388058,0.0013253147,0
9.807985,0.3234125,0.01041467,0.4976487,0.01597904,0.5005658,0.026688196,0.059585202,2.0047648,4.7284107,2.1099691,7.8509283,12.256683,0.4898803,0.20162678,0.0012967538,0.3070987,9.747234e-05,0
15.493172,0.308791,0.013262364,0.46939614,0.022496248,0.5053031,0.028688971,0.039214488,-2.534409,5.3493323,-3.4844637,5.750289,13.045178,0.34012267,0.5003858,0.15694997,0.0011158196,0.0014257323,0
13.8286085,0.32062095,0.012589452,0.50680095,0.044984203,0.48550308,0.035561778,0.03438565,0.705151,6.710215,-10.0,3.567037,9.099347,0.5122774,0.48128563,2.4232543e-06,0.00012483491,0.0063096723,0
20.543474,0.31495875,0.009514837,0.49055,0.027934007,0.49952662,0.025436075,0.08445383,-5.35106,6.1464424,-4.655762,4.456919,6.2726097,0.57957464,0.41663358,0.002783665,0.00038819708,0.0006199434,0
14.477482,0.30428046,0.007990015,0.4622149,0.037044115,0.4635424,0.02731148,0.04060685,-0.5193119,4.5980496,2.117048,5.266013,14.814789,0.7959195,0.16485415,0.00010572353,0.0009813508,0.038139317,0
20.003662,0.3142025,0.013405824,0.5396758,0.005212435,0.4949055,0.028998805,0.060006633,-10.0,6.251307,-1.9654814,4.863994,12.156338,0.52883506,0.22397545,0.0064534196,0.00033793505,0.24039815,0
11.688778,0.32396764,0.012321673,0.51707363,0.035683114,0.47188973,0.044697538,0.0790903,-6.2724648,5.8986483,-8.673241,5.543492,8.136013,0.3845842,0.3713126,0.14322786,1.1800881e-06,0.1008742,0
16.761778,0.30465567,0.0051812297,0.48207748,0.028386474,0.49167788,0.030300695,0.07828608,-1.2892474,3.7210715,6.4705167,5.137309,11.833116,0.54447776,0.059436526,0.29280788,9.458117e-06,0.103268385,0
15.9582,0.30387437,0.009060538,0.50581974,0.0251856,0.4232025,0.017643264,0.07589696,9.500473,5.422991,-8.015234,2.2186866,14.203984,0.49716058,0.44955206,0.003869332,0.027894238,0.021523796,0
12.3928585,0.29279512,0.0104965465,0.4966471,0.0318096,0.4661599,0.018041216,0.06605733,-7.2029724,7.1586766,-3.9716983,2.0,16.18753,0.59733677,0.40263414,1.003146e-06,7.3566566e-06,2.0704732e-05,0
15.532188,0.3278145,0.012336489,0.46529636,0.025041748,0.5439178,0.0313923,0.074480064,-4.9743223,7.1442766,-7.1495442,4.252782,11.751831,0.3014507,0.59839284,0.017272882,0.07146079,0.011422743,0
18.637556,0.33090645,0.012730304,0.50281984,0.00876125,0.52491194,0.01870572,0.08746176,0.86709917,5.5400715,-7.144008,6.1209855,14.179012,0.6361624,0.35221168,1.1117303e-05,0.011585169,2.962293e-05,0
14.028625,0.3246332,0.010851718,0.47515953,0.03922248,0.53957117,0.014376965,0.06850045,7.0776916,7.3535457,-4.8086042,4.275262,7.371194,0.3702896,0.57356375,0.05032063,0.005825842,1.9421033e-07,0
9.924112,0.3393034,0.011755742,0.46220264,0.032430176,0.54163164,0.03635536,0.023255954,0.80869,4.040089,-0.45539936,7.4731283,10.892292,0.5207429,0.26920733,0.2068611,0.0011942337,0.0019944478,0
14.947311,0.32175735,0.01019241,0.43508932,0.026860576,0.52018964,0.036844984,0.049429335,2.8085675,4.1020246,2.1621258,4.9062266,9.994962,0.64122844,0.20640367,0.00011352387,0.12801768,0.02423671,0
12.29273,0.3278402,0.007978445,0.4856557,0.020338146,0.48641393,0.026318634,0.0739274,-1.350415,5.49749,-4.5446725,7.714392,12.02771,0.5095906,0.31744653,0.10118498,9.280941e-07,0.07177693,0
13.972978,0.32607675,0.009216207,0.52267885,0.015301425,0.46888247,0.03293659,0.047458082,-2.0424864,8.995132,-7.040574,7.303807,15.833582,0.49668232,0.42215195,0.025538811,0.045166265,0.010460664,0
14.755237,0.3181692,0.010056973,0.47221363,0.032238927,0.5344023,0.031881217,0.09240212,0.3287374,6.3265033,-1.0854428,7.102574,11.749668,0.73771304,0.20442478,0.05731318,0.00019042353,0.00035856833,0
9.883043,0.30938357,0.009895963,0.60082835,0.04613441,0.50193703,0.036024194,0.058736403,-2.6331575,5.4492683,-0.96814567,2.5929768,8.186928,0.267905,0.6755675,0.048841473,0.006394891,0.0012911091,0
10.153025,0.36428306,0.0043432815,0.53542745,0.032031666,0.5748207,0.0360475,0.061704975,2.8970773,9.088276,-2.0384946,5.0342813,7.2096844,0.3670655,0.61828303,0.00014112284,3.2708064e-07,0.014510012,0
16.446201,0.31096098,0.00880755,0.5521732,0.016172385,0.48904705,0.0039421143,0.082494885,-6.4250875,5.426123,-1.8970407,7.445547,15.93734,0.17708997,0.81941247,4.3316405e-12,0.00081848114,0.002679062,0
13.431844,0.30668244,0.010168617,0.53180975,0.032251168,0.5591869,0.02759501,0.056343,3.5599482,10.469466,-3.450266,5.5446897,12.54138,0.43786326,0.2746617,0.018039115,0.2694359,4.3017698e-10,0
8.0,0.3286802,0.00915589,0.5741146,0.029466571,0.49529624,0.03517904,0.06352554,0.15725204,4.9774337,-2.6073966,6.10872,12.344244,0.1836015,0.7958263,0.00012000892,0.00020342451,0.02024872,0
17.354532,0.3250371,0.0092595285,0.46851993,0.038640436,0.54008144,0.025895434,0.07798247,-0.8588835,3.9765425,-3.7266045,2.2242253,9.968806,0.7804145,0.15967803,0.002877694,0.021512022,0.03551775,0
15.817109,0.29190418,0.011463974,0.3975705,0.036067333,0.55090076,0.030362027,0.030554587,-6.571938,5.667276,1.2809749,8.83758,11.803585,0.54758704,0.3485745,0.10247034,0.0013681297,1.968046e-10,0
12.858376,0.34245357,0.0067631286,0.48215497,0.00014177465,0.4693115,0.037507,0.05429404,-3.9191546,5.5018315,5.913838,3.417251,8.039121,0.4324196,0.3921779,0.009294638,0.14824957,0.017858293,0
11.049509,0.3181161,0.005115873,0.52232873,0.03545242,0.48545006,0.030809252,0.076583065,4.7946057,4.38456,-2.2813873,2.0,12.161595,0.13326883,0.7888287,0.012499765,0.0031548128,0.0622479,0
17.507423,0.29778138,0.008955491,0.50606066,0.019965205,0.46901062,0.045079194,0.061312,-0.834396,11.203948,-3.026289,4.2977486,7.4753895,0.66694355,0.02822271,0.000404802,0.096376374,0.20805255,0
16.048052,0.3437757,0.012292343,0.51101893,0.015782712,0.46310166,0.04126986,0.08934668,1.1135938,6.6372533,-1.9765545,2.0,9.922134,0.26412398,0.53020555,0.18018632,0.015227786,0.010256384,0
22.147806,0.3325135,0.015062659,0.5528364,0.028115265,0.520012,0.028814359,0.028481534,-3.5181282,6.928499,-5.631687,2.8297498,9.071321,0.5954222,0.30443454,0.010989264,0.07104386,0.018110152,0
16.260567,0.29470915,0.012346385,0.5152823,0.03410971,0.49410114,0.028019538,0.026199965,-0.116218545,5.0762415,0.059913486,10.117023,4.0,0.6035457,0.3945963,7.193495e-05,0.0017040621,8.197031e-05,0
16.163109,0.35554364,0.0055952086,0.5319565,0.013592654,0.501571,0.0014967589,0.07539373,-5.4886084,4.844661,-1.2352943,4.239918,9.959694,0.16215016,0.75949997,0.06882374,1.1342293e-05,0.00951478,0
14.499216,0.33317596,0.009302898,0.46241748,0.037045766,0.51668715,0.026734978,0.07731614,0.399529,8.051117,-4.681881,2.1444256,8.303401,0.7634966,0.21666113,0.003828138,0.016014107,3.628344e-08,0
17.450327,0.3197961,0.010769903,0.45618424,0.03763339,0.4442784,0.01646731,0.056135,1.4825636,2.6483164,0.60826725,5.0505958,10.368831,0.75809526,0.054215364,0.0022392797,0.13304381,0.05240628,0
16.875256,0.35180438,0.010532773,0.5645646,0.030469762,0.538603,0.032212295,0.06800789,1.2824589,3.714271,-2.924041,3.2043924,11.005168,0.54600304,0.25138947,0.09467388,0.017532146,0.09040143,0
18.755175,0.32318595,0.011617914,0.50403607,0.021323763,0.48952717,0.031528708,0.07490414,-3.6143394,5.505383,-6.8802266,6.7290382,16.303797,0.74773604,0.05310141,0.049379677,0.00013750805,0.14964539,0
13.436031,0.31943834,0.0072488533,0.47507083,0.02020622,0.515972,0.036958557,0.043722738,-1.3682039,8.702095,-1.5935823,3.2209105,11.914127,0.7111853,0.23204331,0.0038921544,9.563518e-09,0.05287923,0
13.693778,0.306794,0.01019483,0.4751442,0.04025932,0.5186214,0.043966703,0.045863032,2.1487765,5.250966,-2.05203,5.541467,12.002337,0.7498651,0.19098626,0.00055943546,0.058589064,1.2985305e-07,0
13.562691,0.331637,0.011260969,0.47403508,0.014887773,0.54112387,0.029737305,0.06379452,-0.8457504,6.832303,0.8416726,2.7058818,12.486841,0.4375132,0.22207499,0.042421408,0.29733133,0.0006590646,0
17.372406,0.32953206,0.012477013,0.47164163,0.040644705,0.49685428,0.052804165,0.07808178,-1.1492215,6.0554576,0.3261878,10.198056,13.615425,0.40065122,0.4325777,3.4489851e-06,0.16470759,0.002060042,0
19.495123,0.3202936,0.0075828456,0.44867408,0.028348008,0.4362909,0.032324515,0.036680862,7.6138706,8.592517,-3.4369054,6.0072474,12.362839,0.71213704,0.22330089,2.4662927e-06,0.056560643,0.007998977,0
13.623479,0.30420026,0.008964529,0.4399832,0.029041655,0.5017138,0.016897837,0.056041047,-3.8039565,2.830554,-4.8883476,4.708988,11.8451395,0.27187502,0.09336336,0.2706905,0.00041512857,0.36365598,0
13.725678,0.3225986,0.001888547,0.49219984,0.012919123,0.5060212,0.024379281,0.055115268,4.321674,7.471926,-2.993025,4.4140835,13.13374,0.6130213,0.29769322,0.0006876421,0.012374029,0.07622376,0
15.942232,0.31860402,0.008135614,0.47628295,0.028532833,0.46897218,0.026272533,0.06835918,-4.6187224,5.602202,-1.5467645,3.8928,4.0,0.49694294,0.43091702,0.07198521,0.00012281613,3.201383e-05,0
14.262715,0.29333052,0.008426756,0.5442864,0.036135856,0.5044247,0.035921272,0.05982603,2.6191244,7.849768,-1.0649825,3.478173,17.267155,0.60920364,0.189082,0.00010166794,0.11076601,0.09084672,0
17.856161,0.29056376,0.0069412463,0.51172304,0.016635899,0.48916945,0.0205275,0.049082328,2.8326101,4.361436,-1.7943512,3.4232066,15.76919,0.15027075,0.5581896,7.4983756e-05,0.22877583,0.06268888,0
8.244668,0.33130306,0.010496836,0.5106127,0.034986358,0.4597174,0.027020242,0.084971316,-2.0414605,6.048786,-3.3630478,8.356658,11.651407,0.41305307,0.5022965,0.0005226454,3.0843014e-05,0.08409697,0
12.519885,0.26796225,0.009832163,0.4702752,0.030890122,0.5201445,0.028389597,0.04921485,-4.8699074,5.7949867,0.9872681,3.894772,6.7609806,0.41901502,0.07926537,2.9880643e-05,0.5016893,4.1696555e-07,0
12.652751,0.3241082,0.0032223584,0.49515885,0.023562444,0.48308825,0.025518792,0.054158073,-7.881733,3.995129,-5.6972075,2.0,14.631051,0.45782724,0.3697634,0.023498964,0.0007201335,0.14819026,0
8.038932,0.31043833,0.010646524,0.51444006,0.03854673,0.48780861,0.038114153,0.028170047,-2.460454,3.439174,6.917614,2.6680646,8.91837,0.36056897,0.17407362,0.00029415876,0.01412009,0.45094317,0
12.109085,0.34616494,0.0072150277,0.52864784,0.007977433,0.48612264,0.036413215,0.045727484,2.1048746,4.839177,0.05228152,6.855449,12.601523,0.698083,0.29732633,6.186318e-05,1.6280244e-05,0.0045125396,0
12.254532,0.31013063,0.011457067,0.49624434,0.03346681,0.5370644,0.04166567,0.07032152,-4.3105125,6.2598624,-7.5099416,4.495352,7.1512833,0.42352974,0.5173221,4.68347e-06,0.034183983,0.024959467,0
14.396686,0.3331897,0.0061544464,0.54316497,0.046194352,0.4987725,0.026689747,0.06641204,0.38779432,4.4861755,-2.2590828,4.731837,17.67922,0.9489064,0.03344094,9.8631215e-05,0.010541045,0.0070129684,0
18.338898,0.31206173,0.01009002,0.5003196,0.044399433,0.502373,0.042025276,0.07199034,-5.9057193,5.339853,0.09073407,7.3396287,6.67335,0.52921647,0.33692455,0.004311701,0.03146317,0.09808412,0
14.264818,0.32227495,0.00915051,0.5317139,0.033898067,0.4867809,0.01636003,0.07101964,-0.9355528,2.2284052,-4.397476,3.4456668,11.206958,0.3563297,0.4496374,0.10669205,0.07733408,0.010006751,0
11.907558,0.33473673,0.010909306,0.4804059,0.026983192,0.513886,0.016116157,0.10175428,-4.588176,5.2587004,-8.9805765,6.2648354,4.6334386,0.5318838,0.42814943,0.011139944,8.0404694e-05,0.028746461,0
14.829137,0.31074888,0.010374092,0.42749646,0.023641974,0.54047954,0.017861983,0.045042824,-0.311922,8.0471735,-7.1562557,3.6642337,10.876332,0.7516895,0.18579532,0.0013249837,0.06115185,3.8340775e-05,0
18.14752,0.3399311,0.009234508,0.5107344,0.026970742,0.5194358,0.030092116,0.027611526,-2.0043178,7.410361,-0.8316282,6.1517534,9.724144,0.66586053,0.20209466,0.02080769,0.015393141,0.095844,0
12.072124,0.30012605,0.005391183,0.529013,0.035438072,0.520606,0.04202378,0.03898894,-4.7614646,5.826156,-10.0,4.2177296,14.4115505,0.39096943,0.5816556,0.008010441,5.194165e-10,0.019364513,0
12.268275,0.32589185,0.0055683763,0.5230139,0.021927562,0.5181869,0.02397858,0.045926962,-2.635494,6.4873056,-8.797379,4.5169015,9.723862,0.642538,0.28170475,0.0012324695,0.065316886,0.0092079,0
16.675648,0.3384528,0.008248339,0.5168875,0.03757424,0.4585927,0.025233066,0.04051346,-3.7366273,4.343479,-0.852661,6.6402674,14.415871,0.60921854,0.3677527,0.00013828176,0.022889093,1.4003734e-06,0
14.335392,0.33320075,0.0099751605,0.4860565,0.051331606,0.47371644,0.02783982,0.061873216,-5.2556987,9.248878,-3.8901968,6.4960494,7.9276385,0.6620614,0.20013472,2.0957394e-08,0.04480857,0.092995256,0
16.942453,0.3583289,0.008175256,0.46773016,0.029381167,0.49385038,0.03572828,0.0850531,4.330983,10.135525,-5.7831216,4.669144,10.154115,0.33981377,0.3538101,0.07476947,0.10122471,0.13038194,0
14.95906,0.30473122,0.011875636,0.52206916,0.016556052,0.47822407,0.025223747,0.090793185,-1.4406995,6.329647,-4.9789286,4.0567527,10.214264,0.8136203,0.17265418,0.0042220615,0.0075108684,0.0019925858,0
17.10499,0.29241702,0.0091623375,0.5170579,0.016552553,0.4680639,0.02466583,0.07008617,-8.808902,11.181372,-8.883255,8.198296,12.486765,0.4921153,0.45857227,0.00011389758,0.04919198,6.5753475e-06,0
11.894766,0.3001133,0.0071049617,0.47756404,0.037765656,0.44383472,0.016546048,0.10282545,-2.4931233,4.639635,-1.0621862,6.178662,12.1051235,0.5109884,0.34509197,8.184405e-06,0.13309017,0.010821277,0
14.963746,0.33320886,0.009165711,0.54437697,0.02940254,0.4596041,0.024282789,0.05287254,3.6588469,3.4978416,-6.2261744,4.217716,13.166676,0.80168134,0.039555416,0.00033767035,0.06058281,0.09784279,0
14.36793,0.32995847,0.01067758,0.46468538,0.03876831,0.49230424,0.04177462,0.02734962,-3.0454345,4.5807524,-5.1430087,3.6938312,11.800492,0.43191224,0.553427,1.4521927e-06,0.01465465,4.7017456e-06,0
11.352327,0.32204515,0.010974654,0.47665906,0.024663657,0.4979172,0.03090926,0.08106356,5.9909754,5.5610194,-1.6128595,7.049795,12.983945,0.5774987,0.40917736,0.007010725,0.0027680444,0.0035451956,0
10.3095665,0.29754087,0.015635137,0.565457,0.038306236,0.4762084,0.022601455,0.023228113,-3.4266481,10.624133,-4.0265102,5.2308,8.306408,0.7139241,0.12150911,0.032939892,0.13150829,0.00011863356,0
17.057247,0.33533734,0.007993272,0.53474325,0.028417008,0.50236773,0.04236144,0.04489994,2.0136323,5.4376817,-5.818613,4.672894,12.166396,0.6966871,0.17542212,0.11479761,8.1946855e-05,0.013011221,0
13.947143,0.2955059,0.009779564,0.48567963,0.02267496,0.486985,0.024147864,0.07040224,4.1465545,4.2806883,-10.0,5.2299504,15.824617,0.29194197,0.5599125,0.057182446,0.08727473,0.0036883731,0
11.933159,0.343179,0.011278372,0.51149523,0.025990015,0.5327172,0.044199556,0.05795237,1.8007759,4.203082,-1.5302966,5.675594,5.9600215,0.158831,0.4802998,0.057170346,0.09730712,0.20639172,0
14.711463,0.37714878,0.0099297315,0.5061917,0.018029457,0.49515122,0.044036068,0.056180947,-5.497976,8.280045,-2.6840281,4.8866215,12.467024,0.4837394,0.50416726,0.00090997777,0.0111831715,2.0547974e-07,0
18.384056,0.327329,0.008498145,0.39017543,0.049893595,0.52088994,0.030560115,0.0363842,-3.7698743,7.9946036,-5.06955,7.407374,13.030339,0.5010233,0.39051616,0.08607951,0.022380417,6.1557483e-07,0
8.157786,0.33166215,0.0053522284,0.46374103,0.029036181,0.5060964,0.015014505,0.05978395,4.680284,5.0290437,-7.149596,7.5186768,15.383559,0.46379018,0.43879223,0.0139188245,0.062356044,0.021142706,0
10.510084,0.31014282,0.008467496,0.49796614,0.03644514,0.45793787,0.052895006,0.08007325,-3.2184458,2.2484317,-2.94895,6.063776,13.178141,0.6550047,0.27241626,0.06962963,4.584006e-09,0.0029493885,0
12.23134,0.28379574,0.0067788926,0.48573554,0.024631308,0.49728024,0.03387276,0.060399357,3.9027061,3.7428129,-1.078113,7.749438,11.300948,0.63030386,0.17406012,0.057850756,0.13775279,3.246367e-05,0
19.383537,0.3079456,0.00482018,0.5098841,0.019480722,0.46293128,0.02676113,0.043395482,-1.7211388,9.442488,-2.6089644,5.0169935,12.290219,0.21270004,0.34897214,0.40965056,0.02699847,0.0016787844,0
15.847761,0.2981421,0.0076129637,0.5451793,0.027661195,0.49675637,0.03956128,0.03504923,0.5657493,7.377616,3.552262,6.380662,8.794887,0.10309093,0.6463855,0.23802531,0.005366586,0.0071316543,0
17.301952,0.2910599,0.0068587246,0.48713857,0.041011926,0.47764608,0.037023026,0.04380811,-5.5444293,6.130923,-0.18090199,7.0089126,9.836096,0.36490023,0.2552222,0.32793447,0.051896304,4.6771973e-05,0
11.579517,0.3544472,0.011751359,0.45769382,0.024792682,0.5114589,0.043109383,0.06784668,-2.4330702,9.737666,-3.4291325,7.0380764,6.9928913,0.40806067,0.5187009,4.328781e-05,0.00065060245,0.07254452,0
11.641393,0.32545725,0.011803276,0.51299405,0.02129468,0.45972937,0.023376523,0.066872045,-3.5012255,9.916653,-0.046884976,6.8319983,15.461088,0.70335114,0.1780127,5.699305e-06,0.013251709,0.105378754,0
16.343441,0.32759374,0.007288362,0.48693508,0.031554643,0.5004411,0.033184733,0.04398986,0.9023986,5.9281206,-2.8053508,6.262378,12.3504715,0.27772352,0.5669911,0.1469737,0.008311686,1.6066369e-09,0
15.174823,0.31381956,0.009219314,0.49375746,0.034990225,0.51717246,0.018141298,0.015784811,0.3727903,5.9648566,-2.819229,8.914256,8.251662,0.64206725,0.11760021,0.05565133,0.17547844,0.009202755,0
16.646217,0.31654257,0.004425272,0.48832905,0.046428483,0.5272279,0.036663342,0.06840026,1.8505995,4.8359065,2.185455,3.9206085,11.814071,0.6307466,0.05166171,0.039327666,0.2782638,2.5229846e-07,0
14.436987,0.339291,0.00851698,0.5896735,0.033537503,0.47707498,0.029770546,0.04204585,-1.96209,5.4307933,-6.5922318,4.6895585,14.478044,0.45855388,0.4438186,0.0021264665,0.0011946084,0.094306424,0
15.834432,0.31935325,0.011196946,0.41037184,0.036439925,0.5005325,0.032810092,0.07378125,-3.7209203,3.02735,-2.9067614,4.570979,13.978377,0.16677915,0.54877406,0.0014361581,0.2830106,8.641488e-10,0
15.474358,0.33061388,0.0124748135,0.48446664,0.03719275,0.5055244,0.028536502,0.04487781,0.7309163,3.0192273,1.75884,4.263866,8.217084,0.45905507,0.2676977,0.046615582,0.08290463,0.14372703,0
17.333302,0.3160799,0.007860859,0.49985245,0.018469846,0.5464138,0.027490111,0.04024199,-4.1183558,2.5546823,-1.7640377,2.0,4.0,0.49526605,0.07277303,0.33916652,0.083610184,0.009184204,0
17.421024,0.31315693,0.013155565,0.4687543,0.02036668,0.4555601,0.021317689,0.063063435,4.31369,8.168674,-4.476212,7.7497296,12.186158,0.41379791,0.53981864,2.085338e-09,0.0356172,0.01076626,0
10.140384,0.2918617,0.0054529244,0.53599304,0.019161036,0.47266692,0.037904304,0.10715398,-0.45808956,2.8771956,-9.824639,2.9479191,8.339391,0.78739697,0.045498043,0.077895276,0.00010666968,0.08910302,0
8.258194,0.280445,0.006257117,0.5325303,0.016678542,0.58413386,0.044897042,0.0749806,-1.3045404,9.899924,-10.0,5.3396297,12.866982,0.14507824,0.79302424,0.0009110676,0.04453302,0.01645342,0
18.005236,0.31476876,0.0121289855,0.49808982,0.0379546,0.49180707,0.024433317,0.06272439,1.8487025,4.539244,5.3047247,2.1562777,13.850811,0.13391978,0.75532794,0.0021852483,0.0020441392,0.10652291,0
18.563175,0.32112995,0.015013364,0.48917305,0.0329005,0.44327018,0.035535406,0.06717703,-0.305458,9.4747,-1.7659527,6.241431,14.340899,0.74856746,0.20476554,1.6854624e-08,2.3592636e-07,0.04666672,0
11.938131,0.2942774,0.011480296,0.49552172,0.030794961,0.4825235,0.034321837,0.024977682,-6.632207,5.2698913,-5.3362927,3.429208,16.23422,0.23518403,0.2202665,0.28947496,0.22146955,0.033604953,0
9.420494,0.31931052,0.009878973,0.49580854,0.0040728347,0.4169338,0.030080978,0.03755319,-4.2457194,2.8676264,-1.6021725,2.7280762,14.709071,0.77453846,0.13305205,0.00094714254,0.024189213,0.06727312,0
15.297105,0.32107505,0.0034144488,0.4968651,0.050554767,0.5072276,0.014734043,0.009781423,4.230835,8.567557,-6.7906966,5.388687,16.248646,0.30508792,0.47233427,0.0025144438,3.1742522e-05,0.2200316,0
17.792515,0.27687985,0.003932659,0.49248004,0.02105728,0.52429354,0.016984027,0.09459748,0.3355374,8.803731,-4.3248053,3.5985308,15.137181,0.2277371,0.68671864,2.0643947e-05,0.02044281,0.06508082,0
20.392784,0.3016975,0.010388229,0.510098,0.05051813,0.47265014,0.02219018,0.09054772,-6.726271,4.187898,-6.7637615,3.8516817,15.398653,0.25379696,0.52884185,0.00042143968,0.14215837,0.07478139,0
16.548893,0.32814527,0.008925812,0.5301285,0.015507585,0.4858783,0.008609952,0.06785637,1.4084482,5.3366957,-8.653094,5.3435793,10.877396,0.3897418,0.42821655,0.11558987,0.017357914,0.049093854,0
13.88485,0.32774118,0.0066824947,0.4507896,0.021875989,0.5277096,0.044080306,0.062702306,-2.2370353,4.188408,-10.0,6.599979,7.1320205,0.3856911,0.6030868,3.5784506e-05,3.352631e-05,0.01115276,0
12.320608,0.2969265,0.010196597,0.45797345,0.007971507,0.44749352,0.033677034,0.0289682,-3.498,5.7589464,-9.39063,3.363199,18.446812,0.5558634,0.31736222,0.09515715,0.030017659,0.0015995827,0
15.034354,0.32316896,0.010345394,0.43005928,0.03362125,0.46035287,0.02970039,0.055614002,-4.579491,6.215658,1.0851511,3.017615,11.188859,0.48895097,0.44486678,0.0001112327,0.0065862485,0.059484772,0
14.102206,0.34044814,0.012833248,0.53465587,0.018987432,0.49315655,0.008097642,0.09584784,3.999718,5.297234,-6.947528,5.0469675,14.686124,0.54119426,0.2945942,1.462224e-06,0.0011904426,0.16301963,0
11.954796,0.33554146,0.010409807,0.5100129,0.01927,0.47742996,0.011761292,0.06262832,-7.8619933,2.3622172,-0.86043155,6.078505,9.349175,0.3593491,0.6355667,0.0018802261,0.0024535798,0.00075039506,0
21.146267,0.31809428,0.013685183,0.5202107,0.016274858,0.491184,0.029976586,0.04870707,-3.3501284,4.8382416,0.8265896,7.9255104,13.8917675,0.17471296,0.08872524,0.49536958,0.083179645,0.15801258,0
20.355505,0.31064048,0.010023982,0.44282007,0.03777355,0.46208748,0.0497049,0.024838587,0.48050708,7.4070377,-2.9336812,2.8573408,4.0,0.6862562,0.24135955,0.0042539504,0.061473,0.0066573587,0
18.408146,0.3074131,0.009653995,0.5713979,0.037114635,0.50642943,0.023013558,0.08760612,6.3134522,5.582201,-4.1942687,4.3640656,9.76867,0.7085326,0.27537024,0.01508501,0.0009654703,4.6694175e-05,0
12.237449,0.3293564,0.013192937,0.47564596,0.04812034,0.495523,0.03863798,0.058598325,2.215433,5.3451185,-2.4679084,7.351572,10.704766,0.41410598,0.46640685,0.012615875,0.09785758,0.009013705,0
17.565058,0.32390207,0.0070646773,0.50672823,0.023142934,0.51647574,0.025200976,0.024865324,-3.3840985,4.138447,-4.6664815,8.946189,12.387826,0.6239266,0.35692897,0.019141559,6.1058124e-11,2.8901668e-06,0
16.918879,0.33258808,0.018443342,0.5341754,0.032188192,0.50601196,0.030552393,0.041514687,6.117414,4.779897,1.815637,3.013818,14.216074,0.8081168,0.011086118,0.055923734,0.11612036,0.008753008,0
16.327637,0.32263747,0.011125772,0.4605208,0.017106649,0.50620073,0.04214684,0.03444924,-5.4204936,8.817896,4.5061355,3.522376,7.7175713,0.28202015,0.5972301,0.00015514315,0.11042082,0.010173786,0
18.748997,0.33637527,0.011142488,0.47814703,0.02664961,0.45661077,0.026540484,0.05736513,1.0613446,3.7204454,2.7992473,5.7622004,12.979904,0.71354485,0.052408792,0.0045413766,0.035747617,0.19375739,0
16.906113,0.32189184,0.011575288,0.50716686,0.024811547,0.5147777,0.023098951,0.06414678,1.9511386,7.441646,-10.0,3.8445137,14.680001,0.76529574,0.18378405,0.03546369,0.00837176,0.0070847804,0
17.220043,0.33569378,0.01563141,0.61429894,0.0346445,0.490074,0.044180706,0.049935658,-3.5244622,6.0941105,-4.748107,3.4815364,18.037735,0.6986804,0.23302874,0.0636296,0.0007759116,0.0038853744,0
16.910719,0.33741647,0.012377522,0.51204497,0.04017022,0.49500206,0.030455578,0.07554093,2.7903721,6.489621,-2.9833634,5.488941,13.119884,0.11746013,0.6371065,0.24394915,5.1775594e-05,0.0014324731,0
16.022375,0.30390948,0.005184832,0.56425446,0.039910667,0.53144795,0.04091205,0.061576046,-2.0555606,4.5352874,-1.1477681,8.09884,9.621482,0.70236796,0.1670214,0.044169642,0.06960926,0.016831744,0
9.649167,0.2838371,0.014210411,0.54822695,0.021571876,0.47841692,0.02314751,0.08124625,2.7805698,5.2964454,-9.909258,2.3810353,7.184706,0.466017,0.49527222,0.0006922125,0.0052442104,0.03277436,0
15.250863,0.35086986,0.00897731,0.5147204,0.03998468,0.5405355,0.044066742,0.052856117,-7.3583817,5.9885597,-9.973775,7.9966683,16.487606,0.38569033,0.40556175,4.1222465e-05,0.07154794,0.13715875,0
13.331424,0.32513317,0.010321465,0.46043217,0.029559148,0.54333425,0.03273627,0.12,1.3399043,4.958666,2.227159,3.8504615,13.212026,0.23183352,0.74366623,0.02423,8.007685e-09,0.00027026172,0
11.160477,0.28571028,0.0061622383,0.54239017,0.026754031,0.52258354,0.034347877,0.048710227,-1.6484267,6.662864,-5.2364774,5.6915836,10.934073,0.20132242,0.77298886,0.02528463,0.00033622488,6.784211e-05,0
20.04545,0.3057236,0.011578606,0.44007558,0.022914885,0.47058138,0.03131629,0.0419334,4.598815,6.914878,-8.949625,8.181702,6.140545,0.20719734,0.7480956,0.03482041,0.0010424217,0.008844251,0
20.186987,0.33543748,0.008045877,0.564035,0.024400642,0.4344112,0.02494525,0.039473988,-0.17592292,10.345413,-7.414563,5.650647,8.206449,0.6555479,0.27892518,0.006005343,4.7471003e-05,0.059474103,0
19.077662,0.31440645,0.010300509,0.5080002,0.04742314,0.532365,0.029983172,0.055781186,4.996918,6.5563803,-1.4381014,4.405018,12.893961,0.19253825,0.55672723,0.0019961768,0.21880652,0.02993181,0
15.76564,0.30975878,0.009147703,0.39399105,0.033074107,0.50334156,0.025574097,0.025609279,2.030451,2.1755147,-6.2901907,6.4363513,12.061499,0.113069974,0.8372136,0.011227933,0.037698545,0.0007900024,0
19.051876,0.34801763,0.015775038,0.48637974,0.03174612,0.4776441,0.039595462,0.06589126,-0.51003385,8.326038,-2.0334973,4.6536674,5.1610055,0.25137383,0.52801186,0.021464078,0.030023152,0.16912708,0
15.0361595,0.29905427,0.015946781,0.5261579,0.027377531,0.53520685,0.027969427,0.021893924,3.1506772,5.592259,-6.9149094,6.042702,12.897838,0.17299844,0.6041974,0.10774564,0.03104078,0.084017746,0
15.608392,0.30403695,0.01013954,0.49051905,0.054459788,0.47415322,0.015034928,0.06323342,3.1762338,10.02385,-9.976801,4.590638,6.2946906,0.53634155,0.3468198,0.03680225,0.059086084,0.020950332,0
11.719585,0.32422772,0.010191933,0.5286002,0.043050107,0.48727533,0.013205763,0.032974966,1.88764,8.941849,2.6975207,6.722306,15.062027,0.4121543,0.26717916,0.004608822,9.27061e-07,0.3160568,0
16.190973,0.3278091,0.008879671,0.46599904,0.02278938,0.5157467,0.012732819,0.052374132,-9.169206,4.989465,-1.4072404,2.2115366,11.625668,0.3613886,0.24152416,0.0299226,0.31404793,0.053116716,0
15.181158,0.32992685,0.013318019,0.4477607,0.02726385,0.46659192,0.036179706,0.072090805,-3.930242,7.4438057,-4.3350034,2.9729567,9.6097355,0.64116734,0.33882034,7.45683e-05,7.026939e-05,0.019867498,0
11.092044,0.33822477,0.00901324,0.4971422,0.027857555,0.49671558,0.018484958,0.106080756,5.536423,4.81209,-5.085447,2.1821432,13.970463,0.4240363,0.4649797,0.028483424,0.07144528,0.011055305,0
14.846409,0.32397157,0.008735988,0.5012626,0.03145872,0.53267413,0.033000857,0.03843999,-5.023783,6.0053816,2.8596015,4.887141,12.060498,0.6625722,0.18795885,6.3269e-05,0.005259144,0.14414652,0
14.760811,0.32978767,0.012935778,0.4860646,0.02298774,0.50633335,0.031365745,0.056993652,3.5298445,7.3519697,-0.63387984,2.0,14.974783,0.5119181,0.48787507,4.7371985e-05,2.3391199e-07,0.00015921153,0
20.392683,0.31481582,0.008385102,0.54909164,0.034388166,0.5374228,0.029352915,0.045524828,2.8258107,8.226001,1.5872521,3.6163368,11.241426,0.9059611,0.042416897,0.00087603746,0.00086626306,0.049879704,0
17.68264,0.32125396,0.009886735,0.4659917,0.04452088,0.5340081,0.034384053,0.042602595,-2.9030094,7.7904115,-5.3347707,2.7849827,11.416458,0.6701947,0.26727894,6.71659e-07,0.036052074,0.026473597,0
15.034336,0.32215068,0.0052560675,0.51252663,0.016863719,0.50023216,0.031583037,0.045700535,-7.9809265,6.149979,-2.797334,7.9593525,10.144249,0.74793625,0.19830295,1.6360731e-05,5.8674177e-10,0.053744454,0
15.746362,0.32430196,0.012112571,0.5027188,0.018718533,0.42989776,0.0029027027,0.07648133,-2.2756505,10.966847,-1.3912044,3.0186393,11.788901,0.3375324,0.6229161,0.0075085913,2.5886036e-05,0.032016985,0
15.132637,0.3354508,0.0158226,0.43773136,0.025168415,0.46682683,0.026763748,0.05023888,8.31206,5.269959,-5.2002764,2.4269085,16.093853,0.74348134,0.045245174,0.06670516,0.1428309,0.0017374507,0
14.391258,0.3311029,0.012163676,0.4472388,0.025632044,0.52290004,0.03425103,0.10498625,-3.4531093,2.7855988,-3.3821285,5.496677,9.491708,0.34009948,0.31236196,0.18566245,0.027961137,0.13391499,0
11.752718,0.32088435,0.014385398,0.5004764,0.04998466,0.45349246,0.046402827,0.06831958,-3.1770294,3.1706014,-5.334441,8.373642,12.943866,0.65913016,0.19321547,0.0016664875,0.14225656,0.0037313437,0
14.5468445,0.30381748,0.0074616936,0.579248,0.04001709,0.4901992,0.046864577,0.039799787,-3.9903297,8.948015,-1.4037632,4.7678657,8.358669,0.49441344,0.4912881,0.0075179827,0.0046249717,0.0021555414,0
12.761705,0.32135344,0.010708973,0.52317077,0.039443225,0.5101544,0.016368495,0.052665897,4.859138,5.846694,-8.285577,4.922561,4.7998037,0.14644885,0.485601,1.8487137e-11,0.36430255,0.003647586,0
11.249053,0.31943965,0.0071705203,0.4309746,0.027356343,0.5440871,0.026502747,0.04396306,-0.9716628,6.318115,-0.71211994,7.581515,11.622376,0.5065948,0.09622328,0.00083267427,0.2537704,0.14257884,0
16.533665,0.32386363,0.009316703,0.3755805,0.027136866,0.4827494,0.014338852,0.076001376,-2.503625,4.9149523,-1.7571472,6.7564588,12.111217,0.53443515,0.18059003,0.2185238,0.02957546,0.036875572,0
16.173794,0.3641305,0.012316635,0.52932215,0.015482946,0.48069537,0.04519885,0.027224407,5.653896,5.094595,-3.813234,5.85083,10.669847,0.56807786,0.31437972,0.009542401,0.082750246,0.025249768,0
9.639877,0.30952454,0.0103054615,0.49615145,0.037817404,0.49842662,0.040128563,0.03318097,2.3179762,4.4258084,-1.2019315,3.8353186,6.512045,0.44542557,0.2602153,0.16919771,0.12506932,9.210891e-05,0
14.631947,0.3284458,0.005762077,0.54565066,0.034910545,0.5105274,0.03350588,0.048169076,-3.677161,6.9423018,-4.4597616,5.911916,11.912903,0.82409364,0.09830841,0.002971306,0.06594923,0.008677428,0
17.987104,0.34136924,0.0060549127,0.46477127,0.042859975,0.4953726,0.031660948,0.073658936,-4.8943357,5.80524,-5.680523,2.278432,11.798941,0.30698958,0.27117142,0.18208435,1.392399e-07,0.2397545,0
18.177671,0.32196003,0.0058565084,0.5140085,0.027891703,0.53147805,0.04380631,0.08466121,4.63268,6.870011,-0.82509536,3.7526488,8.333658,0.48151904,0.26921767,0.0017898115,0.24224035,0.005233127,0
18.07751,0.36675692,0.011474358,0.5338469,0.028582208,0.47602567,0.042113252,0.08761084,0.06715266,6.678877,-0.651944,7.8629255,6.939525,0.46640274,0.3236419,0.012335364,0.19508515,0.0025348389,0
15.116739,0.3124392,0.016191684,0.48210144,0.031700455,0.5036048,0.041580446,0.07059603,-6.196256,5.1482425,-5.029081,7.6039853,10.242836,0.3745161,0.51091987,0.04138778,0.07317622,1.9679656e-09,0
12.464864,0.3264818,0.014087374,0.4829566,0.038918976,0.5133564,0.034566797,0.05834221,-7.132463,3.0825388,-5.372209,5.8749695,12.958788,0.5754727,0.21161143,0.055500377,0.14557038,0.01184507,0
11.748903,0.3040239,0.0043120445,0.50101054,0.015297844,0.487993,0.026507717,0.075892515,-4.4641547,2.9084008,-3.731894,2.0,12.249964,0.4911275,0.41530794,0.07457011,9.503883e-05,0.01889943,0
16.033815,0.3129695,0.014263228,0.52170706,0.03736056,0.5251913,0.03767125,0.037109986,-4.957938,12.053303,-5.2080226,2.583557,8.357489,0.7076005,0.2408144,0.02610909,0.025475787,2.813635e-07,0
16.13784,0.32497868,0.012809201,0.49942663,0.029795045,0.50446874,0.038160417,0.023106856,-8.184308,8.9563465,3.1004765,3.641055,11.410775,0.54800814,0.29248556,0.13501972,0.017169138,0.0073174057,0
18.861994,0.33692607,0.0053641,0.53895986,0.019413628,0.52366537,0.028093625,0.06873275,-4.398028,8.680366,-1.7340971,4.656602,13.661379,0.59640294,0.22276932,0.09715116,0.0019161204,0.08176046,0
18.299938,0.3263819,0.009090395,0.4815226,0.009153943,0.50582314,0.02648751,0.03988643,-3.6763222,4.6507864,-2.9415991,2.4991777,7.4820027,0.7376728,0.20022058,0.0061711636,4.6924646e-09,0.05593546,0
14.603314,0.3451823,0.013286567,0.4468642,0.028635263,0.51129216,0.04133313,0.058693867,-1.8507252,6.0190196,-6.7309,4.5073724,11.189466,0.39548537,0.5781853,0.0006538468,0.0026830353,0.02299244,0
11.267383,0.3181007,0.011651301,0.57907903,0.04447713,0.48102826,0.04664116,0.06239254,6.7716403,4.3692746,-0.04404221,8.534591,15.018923,0.6516265,0.2580981,0.0069989776,0.016169311,0.0671071,0
14.04268,0.31335664,0.006072715,0.47581464,0.046746846,0.48107684,0.022506041,0.064962395,-1.067373,3.375836,-5.4464197,5.801672,7.1752033,0.4683174,0.5301325,0.000755441,0.0006319749,0.00016274165,0
15.651693,0.3740797,0.011832226,0.47726232,0.03355376,0.5367319,0.027366234,0.07875583,-0.67029935,4.822453,-5.610989,5.437653,14.4665785,0.7263372,0.12722047,0.057476502,0.076906525,0.012059315,0
14.39375,0.32788476,0.003587498,0.49736786,0.04962006,0.5190653,0.03350933,0.07664151,2.0370214,8.6523695,0.090458654,2.964889,15.857562,0.31248635,0.5306419,7.147829e-05,0.15663837,0.00016191058,0
13.266317,0.30561036,0.009331534,0.5026872,0.029570589,0.46931106,0.03486599,0.0639,-0.9492723,7.681491,-1.4507091,2.0,10.333384,0.35501716,0.5932485,0.0028662211,0.048868064,5.9384412e-08,0
15.758655,0.30611473,0.013413871,0.48453265,0.039533034,0.50542593,0.024776336,0.051159695,1.6006118,4.059904,-10.0,2.5436072,9.970974,0.30288967,0.6773934,0.0013490121,0.00040254416,0.017965406,0
13.488127,0.3011464,0.0100551825,0.49930266,0.025487691,0.42878672,0.048835207,0.062155243,1.1224595,5.370368,-3.631083,2.0,14.099283,0.36397123,0.51585394,0.0037083195,0.11603856,0.0004278989,0
13.115802,0.33873138,0.008503187,0.4984095,0.024854012,0.4827818,0.034220953,0.04807579,0.49035427,7.498246,-2.4979215,5.1500707,10.441608,0.4681631,0.11690596,0.0005939521,0.41311553,0.0012214499,0
15.934359,0.31271246,0.012668039,0.50699276,0.023224909,0.5288308,0.035313834,0.056071423,10.0,4.858057,-4.3583846,5.7677717,4.0,0.32861248,0.46876422,0.05023934,3.9077528e-05,0.1523449,0
13.794023,0.32254726,0.012924256,0.4057005,0.009394711,0.49624562,0.04758884,0.112363465,3.6445034,6.1591725,-2.3585453,3.06942,10.703616,0.41497353,0.26254466,0.0035059801,0.12797737,0.19099845,0
15.732313,0.31872982,0.013930119,0.57523507,0.042870924,0.50353736,0.025509384,0.06364379,-4.326888,6.8036947,-10.0,5.295839,12.411212,0.39050594,0.60234934,0.0030867318,0.0040459973,1.1974461e-05,0
15.8196125,0.33462983,0.012623027,0.49410847,0.023583675,0.40950856,0.02911568,0.0690049,1.4808887,6.7818613,-10.0,7.937988,13.220252,0.75549626,0.04776605,0.13475789,0.06193174,4.8050362e-05,0
11.581713,0.30306512,0.013244124,0.5232249,0.021985613,0.4882324,0.017466778,0.045890387,-3.1669471,6.508291,-6.901873,8.915395,8.358112,0.32661942,0.60643184,0.043337017,0.001031356,0.02258039,0
13.556276,0.29848856,0.012198726,0.44487596,0.018200284,0.51014817,0.028276496,0.080401465,1.7850031,4.6926055,-1.8710115,6.5408206,10.190597,0.6489499,0.27227482,0.06267491,0.015922338,0.00017799497,0
19.313332,0.32448596,0.010796586,0.48115999,0.027956406,0.5139587,0.015110725,0.075205445,-5.5007496,4.898051,-10.0,4.650319,13.930722,0.4717939,0.44406575,0.008238871,0.031687032,0.04421446,0
11.5137615,0.33201918,0.010268527,0.47310737,0.047634922,0.52887064,0.037478495,0.07534705,-4.431118,3.7327003,-6.374184,6.4762087,10.820004,0.49250942,0.44777444,2.120171e-12,0.059715938,2.0050021e-07,0
8.650037,0.32665065,0.009288221,0.55878896,0.050937787,0.49369228,0.034199968,0.064297825,1.3756303,2.8773267,-10.0,7.70362,6.413786,0.4339149,0.48770377,0.008343018,0.0015869193,0.0684514,0
9.414465,0.30381092,0.006362895,0.47656745,0.013391331,0.4950303,0.027229307,0.080683805,3.9906764,5.7705026,-3.9704967,2.0,14.712914,0.110783175,0.8580919,0.007586896,6.169583e-19,0.023538059,0
15.08733,0.3335497,0.0071340655,0.5303232,0.02645552,0.4600365,0.028995764,0.08543371,2.0105774,7.6325192,4.831597,7.964138,10.357667,0.421684,0.4842722,0.07481862,0.019205485,1.9694124e-05,0
15.0927515,0.3051228,0.009153957,0.47398317,0.019656422,0.49386436,0.037614666,0.06566198,3.4164693,3.2394352,-3.868704,3.9108264,14.273656,0.7436353,0.19620484,0.027188607,0.00014576167,0.032825474,0
14.647167,0.30956924,0.010724356,0.48189524,0.03988338,0.46215275,0.01864204,0.057707753,1.4952742,6.5459466,-3.4300113,3.930074,6.81363,0.53512,0.4291795,0.0012506586,0.013323683,0.021126155,0
18.642569,0.30112094,0.014322437,0.490178,0.032865934,0.4445639,0.03204168,0.07789142,0.6899844,7.5692625,0.35692376,4.290144,10.63704,0.80587107,0.17084502,0.0076218876,0.0156617,3.460725e-07,0
8.0,0.34602317,0.009874608,0.5513538,0.023634307,0.46744463,0.036995098,0.041917495,-2.0147731,2.3265324,-2.9147737,5.640168,12.529208,0.30693534,0.69117963,0.0013786239,0.0004356657,7.076335e-05,0
16.187801,0.33266842,0.013010429,0.4244059,0.03072573,0.54526055,0.01217726,0.045640793,3.2520072,5.458838,-3.859967,2.7774916,10.738565,0.4369988,0.4934016,0.008939337,0.0035222452,0.057138,0
19.684315,0.33209985,0.013237947,0.44737345,0.025225814,0.49188316,0.03684938,0.058933992,4.099517,9.29242,0.7065837,4.4303718,7.4509816,0.57993925,0.41247484,0.0061538513,0.000677575,0.00075446814,0
11.616657,0.34494424,0.00930566,0.4221078,0.046142463,0.5065963,0.0132593755,0.02517286,-0.25246277,7.103882,-1.1124514,6.0505543,4.0,0.19195877,0.6703923,0.10145768,4.7407433e-05,0.036143865,0
13.86058,0.37625298,0.01178407,0.4564999,0.035469595,0.48459512,0.028824056,0.07655191,-0.46770418,2.2590857,-1.845497,5.4371424,15.569796,0.7007665,0.2823889,0.0077842413,0.0068402905,0.0022200365,0
12.741324,0.28581548,0.009269416,0.467536,0.036698233,0.44628346,0.01836609,0.040741723,6.3656235,7.316679,-3.5551207,5.761629,11.744115,0.5858243,0.40840676,0.00054686406,0.0052062306,1.5809053e-05,0
12.316962,0.30523247,0.013966408,0.43542075,0.0033308251,0.5280834,0.044312466,0.05057018,-0.08168712,4.5045266,-4.3842587,4.3520627,14.500403,0.49650273,0.18283942,0.0011068603,0.09136986,0.22818114,0
14.021214,0.3076765,0.01190753,0.4706341,0.029332113,0.43483406,0.01842879,0.055734407,0.3027435,7.3826137,0.6686835,6.3874197,13.786007,0.5798895,0.3510433,0.020755587,0.03343889,0.0148726925,0
19.282455,0.3029836,0.0064285486,0.41941142,0.05083211,0.4833562,0.013498101,0.060785737,1.9369036,4.6198363,-4.3458505,7.112832,12.790541,0.6494909,0.34647113,0.002881533,1.8039772e-08,0.0011564448,0
20.51216,0.29844832,0.010484574,0.45928046,0.04326129,0.49836156,0.03133352,0.053126935,-0.391225,5.893935,1.9250115,6.9928784,10.035988,0.7258088,0.15630847,0.07280635,0.04507206,4.3441314e-06,0
13.992183,0.31400692,0.014944336,0.5480168,0.011529104,0.5069147,0.02586297,0.05865258,-3.2813613,4.9249144,-7.1885853,5.8552203,12.469301,0.41138324,0.40898907,1.2049732e-08,0.16160807,0.018019589,0
20.715181,0.29566792,0.009456307,0.5161435,0.026865741,0.47820592,0.014953948,0.058807448,1.5118623,6.006315,2.7351358,6.877785,15.297611,0.29761165,0.64709216,1.3975209e-05,0.055035908,0.00024626157,0
15.1067295,0.32670084,0.011343145,0.5074987,0.017984806,0.44486114,0.03525815,0.05105938,-0.15502004,4.8654394,-1.1118397,6.742121,11.249033,0.51078886,0.36047623,0.017442238,0.09271444,0.018578274,0
20.261072,0.32103395,0.011637636,0.45988885,0.047111016,0.4759672,0.010085009,0.04453611,7.368999,5.5529237,-6.87414,10.353016,16.705103,0.38415968,0.5374472,3.3125893e-05,0.040315114,0.038044862,0
14.720104,0.32962057,0.006890131,0.4385566,0.032442782,0.47753727,0.01963759,0.08162948,3.1537943,3.64879,-0.96408546,7.4361343,6.5017343,0.27005455,0.36655015,0.016090507,0.2770695,0.07023531,0
15.393173,0.33015457,0.011532124,0.45443377,0.022322044,0.4768072,0.024247818,0.017911887,-2.3819292,6.9813194,-5.6012115,4.8225117,6.179274,0.6715565,0.27673924,5.2639876e-07,0.031280104,0.020423654,0
16.096424,0.33206013,0.0058184946,0.4982716,0.030341579,0.5291017,0.038022224,0.0558857,2.916241,6.35057,-2.8662877,3.1766415,13.964226,0.5816891,0.38177955,0.024579952,0.004162717,0.0077886423,0
24.536562,0.31253183,0.008123128,0.5347271,0.0039263447,0.4635919,0.042954683,0.05062201,1.2314633,2.7669356,-4.9465084,4.4777193,8.543771,0.6516144,0.24623609,0.055957966,0.044878308,0.0013132074,0
17.553856,0.36242285,0.0132271685,0.5360947,0.019150387,0.5090294,0.04102782,0.06837583,5.237705,7.985833,-3.5316486,4.33643,17.13001,0.53894573,0.377488,0.06375929,0.013842426,0.005964536,0
12.878206,0.3246886,0.011070269,0.5252245,0.030364437,0.50474894,0.028467262,0.030914145,-2.097817,5.647424,0.76572317,6.0228453,15.012024,0.69393903,0.19453628,0.109140076,0.0016688781,0.000715729,0
17.906994,0.2827503,0.009086567,0.47049773,0.038456753,0.52881366,0.0057269176,0.050004292,0.7547046,6.323525,-0.9259534,3.5994875,15.762714,0.84747636,0.030303016,0.07246463,4.546233e-05,0.049710546,0
13.914502,0.29995248,0.011339383,0.500982,0.010586859,0.49600604,0.03390853,0.057952806,-0.39637458,7.5291233,-7.5014615,7.384354,13.653309,0.26896808,0.2241234,0.04801377,0.3353582,0.12353655,0
13.530749,0.28518993,0.009819724,0.4871463,0.026188446,0.5237339,0.044705737,0.081401475,0.2339177,6.6564846,-7.2723856,2.220874,8.2352495,0.31725857,0.64230514,0.028487097,0.011892681,5.6525867e-05,0
17.725803,0.32034668,0.010037735,0.49195242,0.040096857,0.4948334,0.042337906,0.0666437,-3.5407958,8.330406,-1.9168975,2.0,6.021975,0.3724204,0.5914475,0.004265489,0.020916753,0.0109498715,0
15.093257,0.3175639,0.011970456,0.5814851,0.015485466,0.5130318,0.03462949,0.036330234,2.3036466,5.4134088,-1.6272515,4.729768,15.485884,0.72454363,0.09505535,0.08334986,0.09702008,3.1089505e-05,0
15.835728,0.31063148,0.007817897,0.42951998,0.03229183,0.45491177,0.018104972,0.050250467,1.6718571,8.068859,-5.69778,3.3148818,6.5012956,0.41517282,0.17798069,0.29839817,0.0032386286,0.105209686,0
15.041956,0.36021852,0.010121009,0.49061292,0.030659745,0.42085165,0.02474693,0.07772103,5.1408944,6.245849,3.365262,2.4835322,15.754657,0.62114334,0.32626542,0.04370185,0.00020368732,0.008685712,0
16.009748,0.33097965,0.009063195,0.54846996,0.047143802,0.51132643,0.049338143,0.0359845,-0.04010341,7.015267,0.25397974,3.72586,13.008844,0.55601895,0.41749358,2.3012592e-06,0.026484737,4.5441877e-07,0
16.274899,0.33452198,0.00524319,0.44136435,0.027698638,0.5129355,0.015832705,0.058427114,-1.6473581,6.807258,-5.5023055,3.4770284,10.771242,0.25764853,0.16838449,0.5154089,0.052334815,0.0062233033,0
9.189099,0.30137852,0.0072386325,0.4742501,0.028283995,0.51426506,0.018521588,0.05981759,3.1571774,8.481461,-5.8890214,5.0202684,12.326143,0.9304129,0.03898359,0.017855788,0.00015287213,0.012594887,0
16.999718,0.3000171,0.0147046195,0.47883847,0.0385496,0.48425204,0.039425515,0.052284338,-3.1768174,7.442825,-3.9112527,3.7590585,12.395873,0.39968044,0.4476653,0.0018559706,0.09701143,0.053786863,0
12.053942,0.3207361,0.01115417,0.49106842,0.016736513,0.5446917,0.025688408,0.11391503,4.339938,5.114109,-4.327418,3.9217312,10.392769,0.71272707,0.28379944,0.00078174507,0.002363721,0.00032804432,0
10.673102,0.32346013,0.006029235,0.43616173,0.027791169,0.48620367,0.018182449,0.05174537,4.331368,4.717466,2.02463,4.9902687,15.277061,0.4963216,0.49515262,5.7434085e-05,0.008467302,1.0491868e-06,0
14.824766,0.28287378,0.005378937,0.52381146,0.02544275,0.51262635,0.04527971,0.068995304,5.0291157,5.9004917,0.9380919,7.028483,15.174203,0.61782014,0.2628465,0.01668668,0.027732996,0.07491367,0
15.251943,0.31639385,0.009663508,0.5266515,0.028610881,0.5178391,0.03461056,0.04467398,1.5064919,4.479797,-2.859722,7.941491,11.466978,0.25480223,0.73641294,0.00022235532,0.008448031,0.000114409515,0
12.919481,0.32028145,0.01468356,0.520335,0.038484063,0.5515622,0.026181988,0.07055496,-1.9459856,3.8956156,-0.28837776,5.295535,9.200017,0.17561612,0.6709793,0.141729,0.011668631,6.926528e-06,0
17.493095,0.315697,0.009439725,0.46518505,0.035541616,0.49048913,0.018542252,0.07741575,0.43675092,2.0,0.2919009,5.451086,14.917862,0.27701288,0.62512374,6.869414e-05,0.015139891,0.08265478,0
10.9734745,0.3037322,0.013920998,0.5034604,0.022513177,0.4804042,0.050474066,0.048240718,1.5202756,2.9014745,-2.766957,4.633626,4.9323187,0.25839943,0.54220605,0.028208394,0.17032221,0.000863892,0
13.779169,0.3092093,0.011055793,0.4640224,0.031366993,0.45505562,0.029755482,0.058905963,-2.2405665,9.970813,-1.3895253,5.962497,12.331677,0.3314941,0.58451873,0.00041455548,0.08151999,0.002052604,0
13.245378,0.3164628,0.011413751,0.48669612,0.044904415,0.546571,0.043973282,0.042094406,5.332465,4.6869993,-0.62324977,5.780439,13.218725,0.40666696,0.48588756,0.0130281625,0.009486077,0.084931254,0
14.860238,0.321816,0.0059928386,0.5861387,0.021686343,0.5126423,0.038936336,0.037111923,2.3203366,9.806921,-1.0495771,7.6516953,8.514944,0.52817047,0.32352155,0.08444609,0.063819975,4.1897467e-05,0
15.836593,0.33209583,0.012812569,0.5038278,0.03145167,0.5135918,0.024790984,0.08073591,-3.5688918,6.806309,-6.1152153,2.0,13.921356,0.7945832,0.17739756,0.0024943687,0.015913999,0.009610845,0
11.976321,0.34161714,0.008995204,0.45249894,0.028068393,0.59350115,0.02487059,0.04891998,7.5314946,5.900484,-5.710839,4.5310044,10.920842,0.4298587,0.5447616,4.365227e-06,0.012870418,0.012504917,0
17.172848,0.31411305,0.012589278,0.5072134,0.02936995,0.5097513,0.04446315,0.011727753,0.3895571,2.9987898,-4.1543784,5.6783795,9.3629,0.17459124,0.34341627,0.4785336,0.0029135223,0.0005453505,0
15.189007,0.31087688,0.00755749,0.44592816,0.013693424,0.46093035,0.044625174,0.09530713,-4.3764124,6.009338,-5.8266573,4.947432,13.88967,0.5771856,0.4221669,8.931031e-06,0.00030443523,0.00033418316,0
9.324162,0.3287531,0.010531148,0.45203957,0.044107627,0.4941229,0.01123084,0.043958094,-3.3210166,9.784368,-8.892403,3.121654,7.7429466,0.6227425,0.3208427,0.023521585,0.032684416,0.00020879657,0
9.124226,0.3322169,0.011056009,0.45835507,0.02225648,0.47075653,0.035497803,0.05507254,5.951134,9.115273,-0.29619217,2.4012666,13.60758,0.5238544,0.45684654,1.2537273e-06,0.008464403,0.010833424,0
14.963042,0.31131598,0.0095379,0.48222762,0.04026072,0.48812395,0.028787851,0.09281813,7.2999396,6.548477,-1.6143675,6.6126447,5.0529613,0.44965,0.3397239,0.123540536,0.06960677,0.017478773,0
14.337098,0.33580786,0.011213636,0.53747874,0.023786234,0.4879223,0.019666769,0.057165157,4.03794,3.7026632,-8.357467,3.4861484,11.857113,0.40894133,0.25875032,2.796833e-06,1.0361453e-08,0.33230555,0
14.689739,0.3395917,0.009200809,0.5231359,0.023744954,0.48238927,0.03261746,0.05673327,5.2772346,4.0856695,-3.963667,2.0,11.131532,0.6923814,0.26450232,0.0013018185,0.01773357,0.024080915,0
14.916053,0.34583372,0.00805282,0.5209198,0.042131234,0.45820153,0.016504033,0.03543654,4.8664618,4.2948165,-3.7371433,6.7131457,9.380913,0.42768812,0.13310686,0.40723976,0.0060611414,0.025904119,0
15.67668,0.3555664,0.01481645,0.456043,0.039938845,0.54777503,0.025335446,0.027303327,2.2276647,8.55631,-2.2722223,5.917966,12.168875,0.42820483,0.4469543,0.08051688,0.0394541,0.004869862,0
17.842949,0.30267167,0.013146859,0.47834742,0.03208666,0.50896543,0.022015262,0.056672275,1.3161671,9.263441,-7.3276896,4.768252,10.76129,0.55982643,0.3956994,0.019537888,0.024814276,0.00012198653,0
11.666685,0.32027796,0.007717406,0.51088005,0.037611507,0.49323583,0.025002087,0.0672562,2.1594527,6.3917856,-8.415977,3.1708968,14.164087,0.27818403,0.67009413,0.018007297,0.024507267,0.009207304,0
11.484085,0.32022557,0.011705333,0.4748672,0.027114471,0.52272916,0.029285215,0.06611051,2.9440618,5.3938394,-0.921102,4.773117,12.680453,0.1802164,0.5715732,0.016805006,0.045686465,0.18571891,0
11.720029,0.31803852,0.0077719633,0.48886535,0.029916324,0.514132,0.019844333,0.05037478,-2.966392,9.097421,-9.135848,7.431175,12.358083,0.2638359,0.43772697,1.5941046e-06,0.25475854,0.04367702,0
15.86675,0.30701473,0.006445946,0.51765436,0.023383755,0.50827074,0.04573179,0.060405158,2.927835,4.042853,-3.930654,2.0,11.875584,0.6913044,0.30572578,0.00014353167,0.0018750913,0.00095121894,0
18.734842,0.29028875,0.013101429,0.4860491,0.03904065,0.52054995,0.034932833,0.0232558,5.8344674,6.1036468,-4.304309,2.0,9.583501,0.44578603,0.35397625,0.19391386,0.0062777363,4.6095432e-05,0
13.705981,0.32185358,0.004887701,0.5090424,0.023065867,0.50401807,0.04794563,0.06920334,-0.8254897,6.925932,-3.4931374,3.7444694,10.094589,0.17580537,0.6903272,0.0019758758,0.09128456,0.040606942,0
8.0,0.30463287,0.012780568,0.56370914,0.044851564,0.5201067,0.028399201,0.063228115,-1.2529912,4.274399,-1.9891295,4.9467125,11.744648,0.74288625,0.21006986,0.011545652,3.8991908e-05,0.035459273,0
9.888021,0.32171986,0.009241833,0.49312565,0.02684166,0.5225934,0.024512101,0.099473216,1.9061853,4.7281713,3.3942826,4.0074162,10.479921,0.8083767,0.14752991,0.00024240979,0.023582133,0.020268798,0
12.50089,0.30411914,0.00936536,0.5471735,0.030205086,0.50488156,0.047584157,0.06014959,-2.5986302,4.572525,-9.397969,6.285633,14.334358,0.2591796,0.63990825,0.08859956,0.012291091,2.148342e-05,0
13.326814,0.29800683,0.011229253,0.5223748,0.03758728,0.49338818,0.024219403,0.041146614,-5.2672744,8.833454,0.5063263,7.177668,11.280351,0.4088858,0.5544889,0.036536023,2.3259224e-07,8.905927e-05,0
13.774834,0.32468596,0.011743597,0.44131032,0.030238643,0.5459119,0.02821708,0.05898554,4.590876,9.828734,-10.0,5.5575376,12.1279,0.7586304,0.16810106,0.0011957327,2.681415e-05,0.07204602,0
15.115744,0.32301843,0.0075209704,0.45591453,0.027020916,0.48566297,0.037200473,0.053444006,-1.803805,6.229585,2.5748446,6.120865,6.7919483,0.88283527,0.11054094,0.00038389963,0.0039342945,0.0023055854,0
14.064761,0.33158565,0.012153177,0.46665618,0.029699765,0.51173943,0.017622743,0.06869416,0.07379431,5.463563,-10.0,5.544199,13.829691,0.21733825,0.5942898,7.8626005e-07,0.050409123,0.13796209,0
18.148018,0.3637173,0.010340111,0.4658066,0.038938183,0.51241726,0.037112948,0.06053784,-2.4405003,4.800318,6.745579,5.0190163,9.256479,0.6690328,0.26122236,0.041589808,7.2594274e-05,0.02808242,0
12.971948,0.3255458,0.0062318356,0.4963884,0.023371479,0.48171327,0.03583347,0.034801066,5.1070194,6.003493,-4.5590715,2.4128826,7.8720393,0.1528757,0.1578256,0.004466867,0.088547155,0.5962847,0
12.413046,0.32970163,0.009490376,0.5245858,0.02873763,0.47576532,0.042693254,0.027285134,3.4127047,4.8995566,2.1615322,2.9440167,15.938558,0.24573143,0.7377436,0.0008266957,0.015696535,1.7482299e-06,0
16.436626,0.29844877,0.014143837,0.55020636,0.030102868,0.48938444,0.038900446,0.06525817,-0.96295816,5.8059397,1.3366241,2.298163,13.092865,0.3098063,0.6590803,0.00022817194,0.0010410832,0.029844113,0
10.393074,0.29426184,0.015029784,0.512327,0.038645852,0.4852335,0.04299978,0.087662295,-4.719589,6.8264656,-4.7459564,4.7029905,13.931287,0.52136844,0.4581685,0.0022098834,0.0013571458,0.016896022,0
16.169075,0.3516566,0.012152045,0.48217282,0.029001547,0.4562561,0.02889578,0.061586957,-1.3877193,5.189374,-4.438997,5.464556,12.363488,0.59406877,0.3781624,0.0010638137,0.0017192308,0.024985809,0
15.307659,0.3015304,0.0064289696,0.41671035,0.048082992,0.48045516,0.021373296,0.076265946,2.2806108,5.620824,-6.3486357,2.1014752,10.720548,0.5973351,0.24781656,0.1281022,0.026408494,0.0003376602,0
14.5576725,0.2991211,0.011471821,0.5028236,0.028434614,0.50798666,0.051099855,0.08025619,0.7545428,5.6290913,0.14948067,5.1451902,10.161188,0.38777658,0.6043058,0.00034587545,0.0044145207,0.0031572024,0
19.764828,0.319218,0.012552583,0.5010308,0.027623164,0.5379783,0.0147330435,0.06533584,0.4363922,5.364873,-4.6938725,3.2495673,13.337331,0.24301758,0.7538971,0.0004725415,3.167269e-05,0.0025811398,0
13.133378,0.31819615,0.012177124,0.5073171,0.02828968,0.5166317,0.01573487,0.04371017,0.846795,5.117104,-6.275934,2.8616014,14.397557,0.7039446,0.2043156,9.435557e-07,0.0073600225,0.084378794,0
21.180895,0.30194986,0.012354863,0.5842496,0.016833587,0.42201397,0.03565128,0.06390616,3.0351849,7.524393,-0.85089594,3.7493012,10.795448,0.32741037,0.6018501,0.03353968,0.0027524736,0.034447376,0
14.323706,0.31390053,0.01108979,0.54962385,0.01963273,0.5192391,0.04624986,0.084141456,-0.16743682,2.458528,-6.5887055,2.759047,17.217628,0.23082413,0.6303838,0.018952033,0.011787327,0.10805275,0
11.168951,0.3445875,0.009782763,0.5314024,0.02469333,0.48325545,0.031895507,0.07059781,1.8000538,9.14856,-4.315929,6.2133183,10.408045,0.059373144,0.7540491,0.0057491553,0.08445793,0.09637065,0
15.209759,0.30388013,0.008174897,0.46151692,0.0413583,0.5135924,0.039993037,0.0749649,-3.947677,6.271059,-2.5715766,4.663991,6.8179746,0.33557865,0.52777374,0.10218109,0.0032415865,0.031224908,0
11.771264,0.29212654,0.0043061934,0.4794802,0.029668739,0.49957594,0.010041973,0.050749075,10.0,7.220035,-5.569718,6.6304283,5.8354316,0.23623435,0.6866667,0.000105751424,0.07547219,0.0015209696,0
12.744733,0.33885187,0.011018925,0.49620622,0.025153559,0.49421936,0.02500455,0.055952925,-1.1354373,7.4501557,-4.9661946,4.113007,5.936674,0.609429,0.105019905,0.0015365297,0.086034976,0.19797957,0
16.1911,0.32984594,0.010558158,0.4689837,0.042265348,0.49693292,0.011260522,0.057625454,0.814372,4.583882,3.1399329,4.1886277,9.758565,0.49016953,0.33122328,0.029432861,0.0002128599,0.14896147,0
16.666746,0.30758962,0.011672728,0.5200186,0.04551177,0.49932727,0.037804108,0.05897324,2.265862,4.171283,-3.8169408,8.746765,10.303946,0.9067598,0.046435717,0.0018030523,0.044520732,0.0004807037,0
13.133497,0.28835666,0.005987369,0.5142763,0.042553823,0.54033214,0.014527687,0.08335917,-1.643162,3.9354615,-4.438508,2.0,13.047799,0.3169198,0.50381094,0.0005617184,0.1787074,9.905832e-08,0
17.962215,0.30510753,0.01193505,0.4564677,0.0214691,0.49941018,0.017221812,0.013056525,0.031299178,5.505864,-3.7005005,7.5689626,10.914176,0.28738174,0.2162212,0.07152237,0.34342206,0.081452645,0
18.472523,0.31890592,0.016163636,0.54787266,0.025047515,0.5325661,0.035140254,0.060610767,-0.017298901,7.3984094,-1.18218,8.309048,13.530113,0.27556074,0.08625948,0.29685536,0.03717583,0.30414858,0
19.308905,0.34331346,0.010235351,0.5040924,0.04813736,0.52819717,0.040618245,0.05841007,-3.6561525,4.832476,-7.1354547,6.531635,11.134679,0.4942806,0.39859205,0.10522252,0.0017340628,0.00017074346,0
16.58824,0.29926836,0.009815004,0.43083715,0.032411397,0.52001137,0.02841032,0.03256998,1.7543577,7.215863,-1.2911384,4.339059,11.040565,0.6937799,0.26643804,0.004521087,0.035225023,3.595053e-05,0
19.090286,0.3183096,0.0109270075,0.4979463,0.027323728,0.44640145,0.035701726,0.073435344,-6.5968876,2.0,-1.9767193,7.853804,9.267455,0.3607588,0.6379345,0.00083910837,1.064832e-06,0.00046649354,0
9.357605,0.3335029,0.016097011,0.51124823,0.03718348,0.533499,0.035377882,0.045509998,7.0108337,5.2288656,-10.0,4.3564773,15.267765,0.21443361,0.7843607,0.00090613763,0.0002825629,1.696727e-05,0
14.04628,0.27237466,0.0069290567,0.5389117,0.040072992,0.48626295,0.027845731,0.052859347,3.1718836,8.334274,4.1770225,3.5884287,6.405547,0.52528536,0.46678147,0.0071481103,0.00014287641,0.00064219354,0
12.398984,0.3406757,0.010609621,0.48650095,0.024285505,0.5214718,0.019052945,0.09697564,2.5564895,5.658057,2.8432543,4.2234635,11.903931,0.29770207,0.669053,0.00093774096,0.010713969,0.021593219,0
15.357677,0.296351,0.007601028,0.53311753,0.0321944,0.470824,0.035648916,0.08019947,-6.9465685,4.341713,-6.202252,3.8596125,10.455049,0.5875874,0.37327954,0.026275342,0.011722364,0.0011353556,0
13.285652,0.32663992,0.008358986,0.5074857,0.0392656,0.46444777,0.036130957,0.07148974,-3.1701148,4.6863136,-7.489706,3.1067538,13.3452635,0.4849554,0.32529044,0.03830895,0.1499445,0.0015006925,0
14.501527,0.32493365,0.009851229,0.44739783,0.018397128,0.55929166,0.038940243,0.06761554,5.5573807,2.0,-2.087794,7.2200155,10.937511,0.4471407,0.16563043,0.11054559,0.00495415,0.27172914,0
20.646524,0.34169173,0.01404197,0.44339332,0.030123455,0.4712905,0.033120666,0.0567064,10.0,3.976396,-8.703453,3.4531033,11.025931,0.32579407,0.25130838,0.02718737,0.04934273,0.34636745,0
14.490841,0.33101848,0.015402972,0.5449024,0.018856103,0.5343832,0.018315,0.099987544,4.77877,8.114483,2.4571319,4.9407063,10.200081,0.42710033,0.50122553,0.051110245,0.020559728,4.181858e-06,0
16.241377,0.2724542,0.011344426,0.54783934,0.020164195,0.5035526,0.0369034,0.07604335,4.1477737,4.8347945,-4.873815,2.1124563,15.1797695,0.43197837,0.2696853,0.00046107892,0.0041537886,0.29372147,0
14.303192,0.30430442,0.008870216,0.5129164,0.024369,0.4873964,0.02998619,0.045009002,2.099897,5.0709114,3.4872277,5.061621,11.007217,0.7792801,0.20323053,0.00852903,0.0019204939,0.007039833,0
15.227139,0.3227641,0.017478216,0.5598283,0.034771197,0.49865514,0.025172625,0.031997953,-3.389989,2.0,-6.2976136,2.688148,16.908953,0.6927487,0.2387736,0.059158336,0.00016469785,0.009154606,0
15.01805,0.3161004,0.008717337,0.5422644,0.026779775,0.46096715,0.027053641,0.07133676,3.9806964,2.7383244,-3.4488084,2.6390283,11.816741,0.5291951,0.3549791,0.022938019,0.031672712,0.06121509,0
16.344973,0.3295522,0.008286593,0.5273451,0.023515819,0.49958736,0.023097428,0.058882616,-4.4048295,8.380098,2.0688505,4.781424,11.06528,0.713252,0.11605846,0.15962727,0.005166414,0.0058958246,0
18.495922,0.33578733,0.004675171,0.46354753,0.030515546,0.4675178,0.03888844,0.031421237,-4.8423405,7.234588,-4.292958,7.1139445,10.564019,0.66884005,0.20017242,0.077038825,0.0011896354,0.0527591,0
19.942183,0.33216903,0.014188275,0.56925714,0.018530373,0.48813668,0.015818853,0.068571724,-5.094117,3.405122,-1.911633,5.8808274,12.69274,0.7354842,0.21162497,0.0029384836,0.00019527948,0.049757108,0
15.928861,0.3157145,0.012904737,0.52145207,0.034288034,0.527759,0.02006514,0.054619458,3.9028907,4.7388554,1.370635,6.018241,9.234819,0.7979576,0.06940495,0.0005234217,7.801374e-07,0.13211325,0
16.76864,0.28307325,0.017253418,0.48456645,0.041313868,0.5076257,0.02671227,0.070613295,-0.22965622,5.941655,-5.2241898,4.7401657,11.437227,0.36409166,0.5254431,0.108719215,0.00059931306,0.0011467313,0
11.547406,0.31089038,0.0058314297,0.4732692,0.02920796,0.45553488,0.046137508,0.068834804,0.4034324,3.6077445,-8.046956,4.3287196,11.024411,0.77174187,0.22776644,6.033738e-06,0.00010431764,0.00038136326,0
14.73637,0.32832736,0.014374512,0.5102714,0.02797351,0.52554464,0.040542804,0.04783472,-0.061615746,2.0,-8.834843,6.582281,11.975743,0.4247499,0.29376066,0.031847112,0.038741823,0.21090052,0
17.820868,0.29819104,0.010210407,0.43315762,0.033734404,0.499787,0.013591592,0.07265689,-4.5028663,5.681579,-0.666269,3.8736458,12.050091,0.4407342,0.119692855,0.37861687,0.027534338,0.03342171,0
17.597906,0.3326255,0.012418301,0.52798694,0.009715306,0.48373443,0.04351347,0.0500419,-2.6829236,7.145217,-1.4448864,6.6688685,12.205985,0.3385238,0.52746433,0.0013593638,0.00078414695,0.13186838,0
15.6348295,0.33816788,0.0050566685,0.46185717,0.035368174,0.52240026,0.043494202,0.05134236,-2.4817047,7.183715,1.2466527,7.471894,11.284715,0.6117094,0.27335942,0.055022504,0.00014594044,0.05976274,0
17.659182,0.32253733,0.014404246,0.51482433,0.061018858,0.4949838,0.018259916,0.04935457,-5.6210856,7.750475,-4.096179,3.3172264,15.70683,0.34698546,0.5479391,2.0054184e-08,0.10507532,6.948183e-08,0
16.4723,0.26,0.01235955,0.4791352,0.028773237,0.46503016,0.004785417,0.08261949,-2.0168405,2.8928854,-8.722949,3.611109,12.267707,0.15490481,0.79697627,0.014367506,0.008433478,0.02531796,0
18.60092,0.29443824,0.00988327,0.48942325,0.02880875,0.5554343,0.029277783,0.054388553,-4.325226,6.1158037,-10.0,3.908609,18.817959,0.8204445,0.036231868,0.12001689,6.392408e-05,0.023242775,0
15.868077,0.35772377,0.011935338,0.4697236,0.03743607,0.49948138,0.041224245,0.087448865,2.3107026,5.463097,8.0,2.0660748,11.149554,0.69371396,0.29235408,0.00666384,0.00723251,3.562971e-05,0
13.932905,0.30906925,0.0077035143,0.49355084,0.046453327,0.49755844,0.04591262,0.095669694,2.6438842,5.8255587,-0.89230794,4.0611944,13.8767395,0.78566587,0.14460512,0.058335364,0.011392043,1.6026377e-06,0
16.007524,0.28031713,0.00826168,0.5755752,0.03974968,0.48784685,0.021291727,0.045225617,-5.1745563,5.5764365,-2.452833,7.6028996,8.821853,0.31215382,0.37977946,0.018594347,0.28390843,0.005563951,0
8.0,0.34470496,0.0086096665,0.5554024,0.008443931,0.53539896,0.047519792,0.0015800938,-1.186527,4.679104,-1.885441,2.908849,15.202368,0.46076074,0.28667983,0.1397865,0.00050551153,0.11226739,0
16.148657,0.3202671,0.0044418164,0.51417917,0.03563399,0.48425364,0.0077206763,0.08089019,7.4242396,2.0,-8.725356,7.650392,8.887148,0.7263338,0.18653491,0.010616436,0.072988585,0.0035262378,0
8.0,0.3420988,0.012585276,0.49898824,0.0557193,0.4536506,0.026319494,0.053160563,-3.9230516,8.323658,-6.179488,4.133111,12.367634,0.19108067,0.31511328,0.1257419,0.019833177,0.348231,0
9.82961,0.32553917,0.013574781,0.53376806,0.03622441,0.47963968,0.025827894,0.04267627,1.7065513,6.6599803,3.9733205,9.228071,10.206718,0.7884871,0.16985117,0.04111646,0.00054499705,2.904082e-07,0
16.355307,0.32917118,0.007895968,0.5451988,0.018453982,0.53980327,0.04152337,0.048225638,0.42208773,3.0314205,-0.36661085,3.6363738,12.356024,0.73694324,0.11531342,0.00117781,0.14646691,9.862531e-05,0
16.432589,0.3272602,0.011044609,0.46680728,0.032818295,0.524964,0.042983025,0.051703725,4.37155,6.9462633,-6.0543904,4.712036,10.295611,0.5794079,0.24889454,0.00074909226,0.04750095,0.12344753,0
11.512713,0.33394977,0.009203378,0.49690244,0.017193127,0.49234954,0.039542235,0.08594386,1.1818674,5.1053905,-7.9072614,3.1796339,8.632241,0.65846044,0.32251126,7.418494e-05,2.485857e-06,0.018951641,0
12.863694,0.3655486,0.010984822,0.42712167,0.042328037,0.54119766,0.0164945,0.06319822,-1.7251819,5.1620555,-5.0627766,3.6245985,10.185224,0.9501956,0.04280851,0.0032285885,0.00019718047,0.003570116,0
19.111624,0.33942014,0.008117268,0.5449241,0.020441175,0.5224383,0.03862619,0.085671976,0.2670565,4.463171,-4.2617226,7.676358,15.624741,0.40672743,0.4768813,0.07971438,0.03441931,0.0022575958,0
13.54791,0.2883932,0.0073497244,0.58260095,0.030742437,0.4920023,0.03509042,0.069884405,0.32547978,7.073861,5.196584,5.9490733,12.401829,0.24081005,0.7351832,3.1876912e-09,0.02393593,7.083079e-05,0
21.728762,0.32893324,0.013156225,0.50320333,0.0214222,0.4950227,0.013287656,0.053815387,-0.36678073,4.400353,-3.7530694,7.057636,7.13345,0.6881352,0.19270022,0.006537381,0.017848447,0.094778776,0
14.994241,0.3428296,0.009808389,0.4149996,0.02453552,0.5098795,0.009329862,0.052192856,-5.276446,3.8063307,-7.7582073,2.3688214,14.286148,0.5610679,0.2950613,0.13222058,0.0007375922,0.010912649,0
16.224108,0.344054,0.016066328,0.52435565,0.044861507,0.4750434,0.040379893,0.07123218,4.9723544,8.26349,-3.2344096,6.309657,8.325458,0.26019722,0.14643879,0.13266608,0.4596135,0.0010843729,0
19.850624,0.3114679,0.01013893,0.46383643,0.031034572,0.5001351,0.028199008,0.07640851,4.265734,5.642237,-1.9426461,3.0571134,13.230078,0.38426942,0.39629412,0.18773687,0.0045699077,0.027129706,0
15.393082,0.34329888,0.007221766,0.473466,0.024407975,0.5092554,0.01714818,0.079935856,-4.176756,5.705027,-8.122187,2.325363,12.659495,0.7655938,0.20643874,0.0067813923,0.019070795,0.0021152387,0
11.992968,0.33855486,0.013680822,0.52506304,0.018547721,0.449391,0.027918281,0.05476923,-1.2029026,7.384928,-1.3913379,5.4775324,12.848931,0.32056236,0.26961952,0.40861106,0.00011429729,0.0010927614,0
14.670817,0.37145033,0.011892401,0.51018214,0.011282985,0.4943204,0.03364041,0.063504115,-0.9003427,4.6648264,1.8356638,5.4570765,16.559568,0.5221037,0.23248957,0.24388319,0.0012372938,0.00028622098,0
14.8931675,0.30499998,0.012180619,0.48047563,0.017487194,0.49090832,0.02917149,0.07168081,-4.6260753,5.0636935,-2.445315,5.1066914,8.514077,0.6014626,0.390817,0.005212145,0.0015736343,0.00093463337,0
10.905775,0.30985197,0.013571802,0.47401577,0.031119592,0.53084207,0.014480138,0.0523207,-7.467185,6.6114306,-6.1882606,6.435117,12.832384,0.4333363,0.53541356,0.0004954898,0.029370403,0.0013842833,0
14.232504,0.3138776,0.008041611,0.50503343,0.03980234,0.4446651,0.04885557,0.037301198,-2.6823707,2.917245,-5.115482,6.747133,14.778766,0.33520916,0.61001176,0.0007167232,0.0021196322,0.05194274,0
12.773424,0.31019557,0.00961824,0.4836214,0.024396485,0.4885548,0.04004218,0.04387458,-1.4256094,6.4421983,-9.635344,7.939459,9.069975,0.6204113,0.28323793,0.075266995,0.020839354,0.0002444717,0
17.773073,0.30219957,0.009485651,0.4556305,0.045705438,0.48554736,0.026646225,0.05517929,-5.764933,4.488577,-3.535341,2.619314,8.762739,0.31842867,0.43332356,0.001930555,0.013937863,0.23237935,0
15.103836,0.2647465,0.0061277603,0.48669747,0.022824995,0.52880216,0.027049053,0.07324414,0.7079111,7.710945,-1.7568802,8.004032,10.138437,0.37246788,0.3844199,0.0008735426,0.22645417,0.015784534,0
14.151612,0.311306,0.00920923,0.5135837,0.027619883,0.49869362,0.033594873,0.08517955,4.6514254,7.0933266,-6.58653,8.764623,11.974199,0.22752762,0.36590946,1.4337812e-07,0.024894848,0.3816679,0
14.681455,0.32738715,0.014009139,0.49287587,0.019204233,0.55388284,0.018703787,0.032879055,3.3684645,6.829097,4.7588005,4.26754,6.7685714,0.7892735,0.15217672,0.05459437,0.0039553912,1.4934618e-09,0
15.669366,0.31013557,0.0107120145,0.44345966,0.039907616,0.5198664,0.033226766,0.0480531,-0.5067426,2.7860827,0.16911799,2.0,12.654206,0.34485528,0.6511168,2.334767e-05,0.00012101842,0.0038835937,0
16.850443,0.35870764,0.005961816,0.5395626,0.050975107,0.4876933,0.016692676,0.05284275,-7.3616467,5.793209,-10.0,2.2330022,6.77484,0.24859662,0.70654553,0.00013452266,1.0997994e-16,0.04472333,0
12.000863,0.32026753,0.0053324816,0.39044756,0.01238183,0.50718975,0.029294658,0.07589434,2.8628094,3.6454668,-10.0,4.0762973,14.8799925,0.26261657,0.5032723,0.15976262,0.05004822,0.024300296,0
11.875237,0.34582058,0.014994328,0.4821454,0.02653838,0.48937795,0.018314285,0.04943779,0.58556867,5.9262724,-6.936095,9.028283,12.541301,0.373572,0.55112135,0.015315216,0.05679653,0.0031949177,0
18.314037,0.32522842,0.009729043,0.47519207,0.042647798,0.52578187,0.01881916,0.05140535,1.6974044,2.0,3.2927415,5.03416,16.73942,0.19299823,0.7534245,0.0016798436,2.6637106e-05,0.051870774,0
13.762989,0.33652815,0.008057769,0.50592715,0.015530544,0.46003407,0.046457227,0.03176015,7.744411,2.9183354,0.56368685,3.7656317,13.006351,0.53369874,0.37735218,0.05355185,4.2042553e-05,0.03535517,0
10.749474,0.32558483,0.009178025,0.5224665,0.03566684,0.4752891,0.030592259,0.069668144,-3.2992465,8.378067,3.4948487,3.6291955,10.085719,0.51223034,0.30526894,0.07365484,0.067258656,0.041587267,0
16.331438,0.3473757,0.005568077,0.5450706,0.04221472,0.5136707,0.032074064,0.05677202,-10.0,6.7381063,-2.959163,2.3545554,8.603969,0.18208577,0.55198264,0.039426025,0.22623822,0.0002673632,0
16.39011,0.3211188,0.014269286,0.4715038,0.030782288,0.53677267,0.0098862015,0.0469191,-4.213818,5.2923684,-3.8379574,6.749152,11.716673,0.86831415,0.0840185,0.00071937725,0.04692108,2.6881904e-05,0
10.407854,0.3299224,0.008820841,0.5234633,0.03550263,0.43394095,0.024029983,0.054809734,1.9441803,4.182513,-7.990038,4.8158627,10.909248,0.844416,0.03666638,0.03837092,0.08043493,0.00011177928,0
15.688445,0.32732666,0.014102205,0.5078327,0.047609024,0.54123414,0.034612123,0.08253991,0.107703604,3.8314922,-1.6012644,9.199659,14.558417,0.49595076,0.5008222,0.0030303309,0.00014778411,4.8961647e-05,0
17.206749,0.3142343,0.010154955,0.43153843,0.049484264,0.49579594,0.03194136,0.039902262,-4.8625445,6.4003115,-3.7846727,6.2564187,8.214144,0.2074295,0.7779608,3.0685552e-08,0.0046768403,0.00993287,0
16.12316,0.32809964,0.014288596,0.5760216,0.029380327,0.44348374,0.008459702,0.04316681,-5.6788697,5.3127356,-3.9386888,6.6598725,17.062706,0.5006241,0.4126319,0.0022306154,0.08271634,0.0017970381,0
16.895945,0.3646877,0.010770083,0.442449,0.024676222,0.40994817,0.032071378,0.08504505,-1.418436,9.093294,3.4722033,4.5157905,14.824331,0.61876243,0.33707833,0.0017871307,0.03119893,0.011173198,0
10.787192,0.31459206,0.012559698,0.5167799,0.0208002,0.45411843,0.033665586,0.061515495,-4.984379,5.6304727,-3.5053823,2.8179393,10.389429,0.8330845,0.11345935,0.053356003,5.873097e-06,9.4280906e-05,0
15.99312,0.3283893,0.012157279,0.5155984,0.039769642,0.49940884,0.04283762,0.07339508,2.0825336,6.117441,2.3239257,3.2528381,16.393463,0.7346284,0.06513554,0.10587112,0.057535212,0.036829725,0
14.092141,0.34515557,0.011869873,0.5110255,0.016282244,0.49802306,0.023447689,0.06803504,-1.6457076,3.2229931,-9.352299,2.261506,8.650616,0.23101144,0.76754254,5.2788954e-07,0.0014233588,2.213542e-05,0
13.551629,0.34280506,0.011043804,0.48021692,0.02747426,0.518996,0.0075793127,0.059293307,-2.5084715,5.2786016,7.752449,6.8207893,11.61677,0.6002587,0.27873433,0.0021877969,0.1186046,0.00021456952,0
17.611668,0.32023433,0.009301448,0.5330901,0.031026898,0.48351538,0.020032292,0.05303402,-3.0331056,6.353983,-4.493082,4.23017,7.170587,0.26740205,0.4414632,0.24349454,0.033530567,0.014109608,0
19.437824,0.27233222,0.015746305,0.4375853,0.024969975,0.4667588,0.01902935,0.07663116,1.052491,5.2544284,-0.1712639,6.905001,16.539707,0.21088262,0.54000187,0.0034273863,0.024476128,0.22121198,0
20.38311,0.33033407,0.007279189,0.49736685,0.0327982,0.48760742,0.03736709,0.08324673,0.17043689,5.028743,0.46509165,5.2718287,6.0578394,0.3902173,0.23998213,0.009844725,0.20946759,0.15048827,0
18.944424,0.2756105,0.010012923,0.477445,0.055645134,0.50100833,0.0028326341,0.08168377,0.8078291,6.653819,-4.989427,4.4143634,6.6786747,0.56026334,0.33774203,0.05553165,0.032107223,0.014355771,0
14.670797,0.34939873,0.010044658,0.47290808,0.028784014,0.5069232,0.025516436,0.036290567,0.72051775,9.029647,0.27612036,2.6607943,9.0958605,0.36799476,0.44605404,0.013199536,0.00085541833,0.17189626,0
16.05816,0.32338947,0.011207323,0.5171499,0.025645943,0.47632506,0.044257954,0.086098224,-0.28878215,6.289939,0.4840127,5.6032653,14.966971,0.24244674,0.7361811,0.016063754,0.0024306676,0.002877744,0
17.300468,0.33999348,0.008711582,0.54309916,0.040153317,0.5270434,0.030072125,0.052841295,-4.132522,8.288373,-5.852578,4.562734,13.864534,0.29580843,0.39447105,0.043906223,0.08626368,0.17955062,0
15.363534,0.3019578,0.010944239,0.48626977,0.032395836,0.4813581,0.03896317,0.044899408,-2.9215205,7.2432046,-5.805201,6.804368,11.366152,0.8205677,0.09351783,0.08580649,1.4117389e-06,0.00010655743,0
15.392293,0.28894985,0.009493472,0.53122723,0.044393357,0.47390848,0.013582016,0.056613445,-1.5786996,8.168707,-2.8187728,3.5691786,14.056779,0.5883775,0.14071064,0.00026391973,0.23684724,0.03380073,0
17.47126,0.3252151,0.0052541425,0.5019896,0.031646878,0.48372826,0.013980105,0.07662257,8.260781,4.78056,-3.4619758,6.2322154,10.653759,0.46655008,0.44870386,0.08437101,0.00037442634,6.1193583e-07,0
14.822152,0.31932792,0.010028657,0.4642907,0.027515767,0.5322452,0.044372424,0.07080928,-5.395345,5.586145,2.5725205,8.281697,12.267286,0.3568707,0.63097316,0.0018205816,0.009707921,0.0006276522,0
12.8121395,0.3101692,0.006698304,0.48968193,0.0121627515,0.49601611,0.031012153,0.05489227,-1.6759061,5.594453,-0.18932725,5.5451117,15.955178,0.39068583,0.47121528,2.005794e-08,0.024920503,0.113178395,0
13.75658,0.3216932,0.0047968426,0.48802057,0.013802653,0.4791646,0.031032743,0.07675332,0.39306825,7.0925546,-3.2816942,6.570583,10.260143,0.40814632,0.45849103,0.06640318,0.052526284,0.014433166,0
16.901731,0.37534872,0.01041062,0.4721336,0.011643013,0.5277832,0.018818472,0.06279721,-1.213331,7.5848255,-0.5756882,6.1437807,8.700882,0.43026948,0.4105971,0.15787825,9.009385e-07,0.0012542715,0
15.00898,0.33669052,0.01146365,0.5171393,0.033793394,0.5642825,0.031007817,0.04854057,4.295878,6.2501125,-10.0,8.796183,12.411115,0.6715428,0.25584167,3.1007771e-06,0.054481205,0.018131176,0
16.02063,0.34098998,0.011580094,0.5093858,0.016377505,0.5062905,0.018540625,0.045839295,-1.2339917,7.753413,-5.461244,5.7431207,13.220823,0.550059,0.16245033,0.08197148,0.20541786,0.000101333055,0
17.010239,0.33687875,0.011701512,0.436374,0.042555775,0.53701526,0.041868705,0.06820469,-0.9381656,4.8733373,-1.848716,6.3999176,11.331344,0.44941625,0.41710794,0.088549815,0.007016654,0.037909344,0
13.875476,0.34958923,0.004202233,0.43393895,0.030302465,0.53108233,0.057278305,0.058349647,3.2585142,7.7707553,1.461462,4.927448,14.010144,0.5122053,0.4330258,0.0019522575,0.04500948,0.007807175,0
17.268745,0.31619856,0.0059169494,0.5169874,0.027558131,0.4818308,0.03483941,0.032489896,7.2428465,8.031619,-2.2009227,3.451223,10.396222,0.08555422,0.88014966,0.0024584073,0.02269598,0.009141726,0
16.136528,0.27890477,0.015920565,0.46738854,0.02156145,0.500799,0.023650536,0.076943226,5.6299934,7.354993,2.832956,2.5836487,11.382638,0.75656354,0.2327817,0.010617712,3.692547e-05,1.5226881e-07,0
11.295561,0.31622827,0.0068583735,0.5120816,0.03622259,0.46152365,0.0046634167,0.050394498,-0.54661554,6.2683396,0.47175944,7.5338483,12.123725,0.8527147,0.135576,0.0038325381,0.0002776511,0.007599113,0
19.326914,0.33623472,0.011832523,0.53123724,0.021955023,0.49385172,0.013155359,0.09184239,-0.19805685,7.4266467,-4.9533176,2.9832814,11.862083,0.62118423,0.17203593,0.033009507,0.030370506,0.14339982,0
13.497766,0.300604,0.007939187,0.4491619,0.020146219,0.48121428,0.045548618,0.0319402,0.18687698,4.211991,-3.5601225,6.491729,15.839815,0.650879,0.16189197,0.0049609216,0.16836491,0.013903197,0
10.034714,0.31647268,0.010239018,0.44353852,0.0418835,0.48791343,0.019708082,0.056385826,0.5879976,6.3967247,-1.3663132,5.832033,12.108668,0.53033984,0.38767067,0.0726447,0.0005406378,0.008804137,0
11.864869,0.3061646,0.008100238,0.56697726,0.033546213,0.47750315,0.026291652,0.046000447,-3.3893924,6.601021,-4.7945423,6.835571,10.088294,0.19591986,0.46957728,8.930788e-07,0.14994864,0.18455333,0
11.936865,0.35004058,0.011684624,0.5140628,0.027650706,0.4913871,0.03655326,0.04049155,3.746375,3.3409686,3.1251607,3.970576,12.583945,0.31034717,0.11567832,0.4453827,0.00035406905,0.12823772,0
15.15652,0.33498913,0.010410323,0.48323038,0.03641433,0.51596695,0.044822898,0.050264187,0.8264365,6.9491687,-7.4349046,3.4185402,14.026552,0.54146653,0.45702854,0.0012214117,0.00010252519,0.00018095564,0
14.178449,0.33303082,0.008655131,0.46264237,0.030089319,0.49641526,0.02800413,0.09541135,-0.17942475,3.5023625,-1.7355742,5.756744,13.322706,0.3376185,0.24230933,0.004843134,0.3814409,0.03378812,0
13.989504,0.33243203,0.0068494836,0.47958237,0.033830132,0.4440688,0.025953332,0.0628674,-5.0845814,5.1441636,-0.058212746,4.4153166,13.156423,0.33892933,0.6589225,4.009802e-05,0.002059772,4.8301077e-05,0
16.859106,0.31925502,0.010803322,0.4523771,0.021831522,0.47761637,0.03071621,0.04416584,0.24914484,6.079522,-4.253788,2.5379434,6.5058494,0.50215393,0.15845715,0.0003302269,0.15339857,0.18566011,0
16.019627,0.32395113,0.0063618436,0.5353365,0.050703987,0.45441803,0.02372362,0.023427432,-7.5728493,4.538527,-5.155197,8.877051,4.0,0.35883945,0.3859116,0.24559043,0.0032534143,0.006405064,0
15.948144,0.2962963,0.011282443,0.46892995,0.0242038,0.50732183,0.024261808,0.025572749,-2.3265975,6.165108,-3.304325,3.4171836,14.825793,0.28722584,0.31368807,0.3492211,0.043882385,0.0059825927,0
16.229485,0.27627116,0.017879454,0.5437414,0.045560163,0.5150995,0.0341188,0.049270738,-2.2523909,6.133114,0.24799405,3.0127347,12.316572,0.65412813,0.28837922,0.015394945,0.008191729,0.03390595,0
16.848404,0.32300162,0.01405051,0.48397484,0.02811131,0.50769645,0.031852916,0.04732624,1.1479808,4.359637,-4.999392,4.5157285,10.935267,0.4432271,0.3734534,0.16521797,8.770051e-05,0.01801384,0
8.67614,0.3264798,0.012155044,0.458266,0.038070973,0.47637787,0.051316053,0.055518985,7.5194,7.135949,-7.275685,7.5057173,13.082939,0.4653862,0.49131528,0.008327273,5.7627366e-12,0.034971263,0
13.906685,0.3441853,0.009743178,0.48294795,0.037342235,0.50740564,0.03438849,0.014556324,2.2876298,4.471687,1.6023391,2.0,16.781929,0.4531358,0.21755467,0.20283169,0.12647735,4.9723883e-07,0
8.45937,0.35142672,0.004183742,0.39503333,0.041468516,0.48589656,0.041511454,0.05816637,5.793608,10.575949,-1.4028141,7.3397675,15.240594,0.46839395,0.49337208,0.00016726564,0.004911117,0.033155587,0
15.10818,0.35139996,0.0060331407,0.49516925,0.021593763,0.46585324,0.019287148,0.0805546,2.5808487,5.7810426,1.0314298,3.177053,13.886662,0.32425782,0.48095843,0.04372319,5.5322344e-06,0.15105505,0
14.986101,0.30003953,0.013848378,0.49319524,0.040756352,0.5222579,0.035251573,0.092456825,4.500214,3.6574118,0.037326925,5.5290504,8.339823,0.7065093,0.19700313,0.054938924,0.04154854,1.338866e-07,0
18.136597,0.3129547,0.007630732,0.5329897,0.0484644,0.52454084,0.022770187,0.022111077,7.428509,4.0313163,5.7195573,3.6479862,8.729628,0.683322,0.19442306,0.0056244154,0.10744137,0.009189149,0
18.562902,0.32960668,0.007902244,0.4245478,0.02741307,0.5284669,0.03395453,0.043972146,-2.9273474,8.295161,1.4598881,8.983833,4.0,0.74886835,0.18800156,0.00883825,0.0037597634,0.05053205,0
15.608325,0.3706381,0.009503049,0.54647464,0.03034706,0.48174953,0.036885146,0.042915322,-3.1884177,5.181697,-5.8963184,5.2492404,12.90054,0.4382291,0.23359604,0.0019618056,0.32605535,0.0001576926,0
13.498917,0.34960198,0.0068138614,0.532824,0.024765534,0.53538084,0.030498689,0.06291443,2.6752436,3.2724724,-1.1189281,3.583817,14.325882,0.73136437,0.17744333,0.0006383106,0.07507805,0.015475975,0
16.455482,0.34238794,0.0063196938,0.55008173,0.026535638,0.48519254,0.054073256,0.03560455,-0.014713816,7.7074256,-5.2299547,4.397817,14.570534,0.72552884,0.08353009,0.13921095,0.0022008407,0.04952927,0
13.416247,0.31224424,0.009848578,0.49789116,0.047114227,0.51960504,0.0442798,0.09364527,0.8814153,5.1688523,-4.8165045,5.179274,13.026292,0.74412566,0.013368191,0.11947086,0.12293521,0.00010008805,0
14.995822,0.302336,0.007325412,0.5405559,0.019957654,0.4846726,0.041772455,0.06087045,-0.9946676,7.306839,-8.650002,5.3553534,10.5378,0.77787983,0.051412553,0.022444483,4.7867386e-05,0.14821526,0
17.958408,0.33577815,0.0077769444,0.44115025,0.020578811,0.49328053,0.037642863,0.057537075,-2.3850348,7.871132,-4.1444526,5.877525,9.307168,0.56235206,0.26941302,0.0027662455,0.15501909,0.010449588,0
13.326686,0.29798678,0.007656427,0.5285219,0.04610901,0.42736468,0.047633607,0.091854274,6.4830585,6.5489273,-0.81986284,4.997191,8.523906,0.07283348,0.9053742,0.0054140366,0.008650103,0.007728163,0
17.417036,0.31523126,0.01156708,0.4691535,0.036245484,0.4909426,0.015630307,0.059679046,-4.3994446,10.791815,-3.2640867,2.245675,10.509726,0.34251404,0.21222766,0.047408044,0.0045889504,0.3932613,0
17.032204,0.31770444,0.009303623,0.43394393,0.0512037,0.5027327,0.04370283,0.06800607,2.745569,2.550515,-7.397474,4.3194647,8.066522,0.52022326,0.20162599,0.0007150189,0.2746661,0.0027696253,0
12.135625,0.35185823,0.009464284,0.45503438,0.025495613,0.48769853,0.020087557,0.044984035,2.096913,4.3641,-9.092077,6.213317,16.267862,0.56321776,0.41467577,0.00023434797,0.00041867368,0.021453457,0
17.921682,0.31290606,0.011790838,0.50022125,0.03126281,0.5526856,0.02435661,0.032589957,-6.3160534,5.4881,5.447384,3.6602345,7.0928855,0.54533386,0.34655988,0.064258866,1.7260221e-06,0.043845665,0
17.0957,0.27121502,0.0095738815,0.46702802,0.02339323,0.465126,0.035613924,0.047792766,-3.3231213,10.522347,-1.699357,6.3455625,10.40884,0.44532588,0.3899857,0.1018452,0.06284032,2.8746188e-06,0
15.305778,0.33008888,0.009165239,0.51504296,0.031433012,0.48309258,0.042332202,0.103739515,-2.6507623,9.5960045,-6.2962766,5.063436,5.1913447,0.79891646,0.19691162,9.510854e-05,0.000114002774,0.003962836,0
12.71303,0.30601957,0.011411351,0.4276705,0.012259033,0.4728538,0.018464234,0.07266042,2.2583365,8.577382,-1.1528661,4.56452,11.889665,0.6606518,0.26108366,0.023428392,0.054143373,0.00069276744,0
12.422382,0.3208526,0.012004593,0.4149161,0.036849547,0.4830867,0.024874551,0.0654907,-1.4681405,4.411752,5.7567444,7.388288,10.992848,0.5467071,0.22897865,0.10638069,2.346821e-05,0.11791007,0
13.3870125,0.31826591,0.009558779,0.5548955,0.03323474,0.5309424,0.030975321,0.040472534,-0.34235922,4.6449704,-0.51815057,2.0,9.929629,0.79215676,0.049779765,0.0024218457,0.15546213,0.00017951502,0
16.627783,0.31452593,0.010241823,0.536152,0.029424453,0.54434097,0.028136339,0.07822502,-5.8305893,4.34288,-10.0,3.6493583,8.201651,0.6009898,0.1857549,0.0014130025,0.20224832,0.009593978,0
12.133124,0.33580682,0.007654629,0.45802814,0.026096357,0.47897622,0.038540322,0.032846134,9.303647,4.433146,7.6091666,7.4648576,11.007385,0.46813586,0.50996685,4.973835e-07,0.019484267,0.0024125392,0
16.312536,0.2893427,0.007417951,0.49988002,0.02105246,0.47830978,0.06435928,0.02865887,0.28478247,8.985409,-10.0,8.660098,9.366617,0.43751264,0.30163652,0.18136655,0.0793644,0.00011987728,0
11.274734,0.30965972,0.012307443,0.5407803,0.03727713,0.46528614,0.034193207,0.048822258,1.9960036,5.512466,-3.8240478,9.571985,10.589396,0.4121229,0.5868966,8.117585e-06,2.4621937e-05,0.00094773667,0
14.3877945,0.33368075,0.011334826,0.51676804,0.0182891,0.53918856,0.022648036,0.099089816,-2.162502,5.777004,-7.533617,5.100711,16.87229,0.5887038,0.37309656,0.03766596,0.0005337024,4.1495965e-10,0
15.328943,0.3077183,0.011365895,0.50592893,0.03511896,0.53363013,0.017034916,0.09795789,-2.6105094,7.548774,-5.9600086,5.915795,11.516532,0.31285784,0.29895347,0.111093305,0.26702476,0.010070636,0
22.33539,0.28782386,0.010842563,0.54380614,0.050744515,0.49682054,0.026747461,0.050975263,7.6507387,2.672944,-1.8623613,6.6348557,12.598601,0.36009455,0.63415855,0.002256892,0.00012939695,0.0033606233,0
10.868053,0.3333711,0.010138609,0.4707715,0.044855215,0.45811704,0.0205975,0.04651602,-7.6668863,6.105292,-10.0,7.5501504,9.606606,0.3548141,0.47802365,0.07502595,1.4720576e-05,0.092121586,0
19.416044,0.34246188,0.012089236,0.50124717,0.01494872,0.4608001,0.034675498,0.027192758,1.1145883,3.8062565,-3.3609824,5.626184,8.646693,0.29726142,0.6547393,0.028640877,0.019357797,5.8816573e-07,0
15.449527,0.31910008,0.012805326,0.49928606,0.02463262,0.5051189,0.034520216,0.061560616,-4.8460155,5.41117,1.5893697,6.852298,10.931127,0.3869311,0.36110574,0.01909216,0.232855,1.6018155e-05,0
16.233517,0.2807831,0.012733684,0.48908952,0.034214508,0.51648015,0.025368318,0.06324025,-1.6200047,4.8271585,-6.3729615,5.9195476,18.511778,0.7683271,0.036380023,2.1286094e-06,0.017761635,0.1775291,0
15.355043,0.3341194,0.009697666,0.48440778,0.02929718,0.43801567,0.04984955,0.07579113,-2.552378,4.7240386,-8.56114,6.044448,10.137717,0.5128785,0.39057136,8.502631e-07,0.066506065,0.030043246,0
16.33418,0.28680223,0.014160979,0.5029147,0.016005943,0.4903607,0.022645527,0.07821415,-3.9439108,6.451164,-3.5572205,3.1632614,12.084313,0.3315752,0.23674807,0.24589825,0.18275674,0.0030217525,0
14.538944,0.326176,0.010685382,0.5013763,0.03385316,0.5485489,0.02880569,0.056051563,0.14176692,6.4424267,-4.353366,4.3415728,8.514805,0.67081773,0.25134674,0.0026708515,0.033123005,0.042041685,0
19.36215,0.3022507,0.011897129,0.4580629,0.029899832,0.49347472,0.036391627,0.07112056,-10.0,5.560359,-5.380911,3.9544616,4.0,0.70875186,0.29122698,6.300126e-06,1.4645395e-05,2.1281029e-07,0
13.630587,0.2968032,0.010846264,0.5320718,0.049143255,0.5446891,0.038920548,0.045987222,-1.261954,6.741369,-7.753384,2.622209,8.630506,0.32642245,0.16641273,4.639896e-08,0.00010007961,0.5070647,0
18.396704,0.3111618,0.010741021,0.4609446,0.027467713,0.5194714,0.042775765,0.07074085,-0.3611599,4.262771,-0.9232617,2.0,18.142128,0.54864776,0.4506108,1.5449766e-07,0.0007328119,8.498463e-06,0
13.066898,0.31633404,0.007792744,0.49127066,0.041680034,0.4674716,0.034284964,0.04985536,-5.437106,7.3631716,-0.61894596,4.152745,12.786171,0.14321674,0.58620834,0.26475796,0.0005179895,0.005298948,0
14.819244,0.30711582,0.012104052,0.48818877,0.017329115,0.49121985,0.040509127,0.06918917,6.052875,5.587602,-7.262587,4.472235,15.922772,0.5375869,0.28955105,0.05080113,0.12197277,8.815392e-05,0
11.784112,0.33177406,0.018535884,0.5143241,0.019719906,0.49613917,0.023348918,0.06757002,-2.3778336,5.032673,-6.7090144,5.210074,9.956833,0.3749096,0.55915636,0.06381941,0.0018057771,0.0003088696,0
16.36507,0.3110786,0.008875615,0.41523585,0.03721662,0.47142464,0.03918082,0.061376072,-0.949937,4.4104824,-2.454032,6.1114755,4.0,0.4473013,0.29516914,0.0009496671,0.028725054,0.22785485,0
19.335379,0.3396038,0.010212984,0.53563637,0.040837307,0.47090396,0.03904729,0.075890794,-2.3688767,5.517205,-6.8598866,5.3762445,7.673873,0.914263,0.0857003,5.7676334e-06,1.7524977e-05,1.3383767e-05,0
14.767931,0.32562345,0.008661384,0.4729204,0.020426072,0.54520303,0.045128867,0.028592018,-0.32626447,9.741279,-2.285352,4.4861774,12.191074,0.6131952,0.36194006,0.002015114,0.019884875,0.0029647886,0
14.409343,0.30604887,0.00853594,0.54879856,0.030240774,0.4706792,0.01331564,0.038701676,5.2325764,5.8733726,2.8721862,3.1697474,11.712842,0.5762767,0.14147843,0.28029248,0.0015058047,0.0004465807,0
11.656149,0.3026812,0.014633348,0.4808734,0.016184209,0.5323531,0.020928169,0.05459881,9.892063,3.7111928,-3.2392907,6.754138,10.968729,0.3960591,0.22157358,0.38088602,0.0014793235,1.9919155e-06,0
14.312122,0.28705007,0.007981087,0.49804625,0.028187802,0.48690546,0.03823141,0.031134732,2.9825568,7.837638,-7.8544655,4.7963557,9.409253,0.48407453,0.3006041,0.03248735,0.18245928,0.0003747433,0
10.221617,0.32581466,0.008577758,0.57655144,0.038369227,0.49923083,0.0034863553,0.05186271,4.351975,5.0561433,-1.431586,4.1324205,13.819147,0.43657538,0.42223296,0.07085217,0.0037013744,0.066638105,0
12.261366,0.31290826,0.0052375216,0.48890647,0.025650416,0.51685536,0.034920063,0.052507393,6.86571,6.567518,-3.710619,4.6270914,9.49596,0.64323235,0.3380241,0.0012529065,0.015076763,0.002413907,0
15.680358,0.2725561,0.007727165,0.549554,0.027509652,0.48204324,0.040598046,0.08619367,0.9954843,4.788679,-3.6006281,3.5345113,11.92345,0.7823865,0.21363622,0.0028617876,0.0010053006,0.000110240355,0
18.957039,0.3092857,0.0048748003,0.5015618,0.018702047,0.51703715,0.024236247,0.06285068,6.2810035,8.561546,-1.0987085,3.938652,11.585984,0.65899837,0.1516839,0.10577774,0.08353999,1.2561285e-09,0
23.427633,0.30197933,0.011895414,0.51661676,0.023516417,0.4386071,0.0256981,0.080588594,3.1696045,4.8184805,-0.2358504,3.8750834,9.894493,0.5420954,0.4512988,0.0001577152,8.65699e-05,0.006361492,0
13.240245,0.35151356,0.018399091,0.5027983,0.04758111,0.5131912,0.019258626,0.0660335,0.57594943,8.795716,-2.8579915,4.4253254,8.356112,0.7184736,0.13398524,0.0006129225,0.14692685,1.3388523e-06,0
19.3059,0.28594443,0.008899963,0.5339141,0.03072925,0.4259441,0.02478453,0.049286656,1.4013641,3.9014788,-3.2427213,6.31151,9.71801,0.27852887,0.51146084,0.062879495,0.028604336,0.11852648,0
15.731257,0.29117298,0.004999726,0.47257873,0.019976923,0.4931946,0.025074314,0.062674336,-7.285668,5.4141874,5.254166,5.8142242,16.620865,0.15003256,0.80385554,0.00073422596,0.006026635,0.03935101,0
14.546257,0.3421994,0.012699999,0.46063805,0.02685228,0.5256273,0.023171587,0.07458853,1.168477,8.799992,1.802216,8.093474,14.337343,0.67755204,0.25489366,0.05740938,0.0030208281,0.0071240864,0
16.297783,0.34713528,0.007819225,0.47445697,0.014025724,0.51866883,0.022623219,0.08386803,-6.17499,6.3363485,0.33418447,7.423458,14.061166,0.34701332,0.4266674,0.061276317,6.528607e-09,0.16504295,0
15.185749,0.30510035,0.013898041,0.50398844,0.019858403,0.46104768,0.027289951,0.0573538,-6.5010767,10.542932,-2.4751763,8.912844,8.640609,0.4045869,0.53958577,0.028870534,0.0050269277,0.021929862,0
15.331187,0.3073583,0.009153913,0.49116725,0.043603398,0.46491006,0.027168958,0.027049787,0.7715148,5.461719,-7.022973,6.118317,6.686932,0.6079943,0.38968682,0.0005225383,2.6773014e-06,0.0017936567,0
13.775001,0.3323247,0.0081045525,0.528411,0.028575176,0.47933984,0.04874132,0.025643954,-4.4563146,6.514086,1.5095456,6.0862103,14.289483,0.4974028,0.4386946,0.04804725,0.015855318,4.324582e-08,0
10.805671,0.273458,0.0094661275,0.5521893,0.048907302,0.5055865,0.026058149,0.053471748,-0.028455006,9.810299,-2.4228234,4.0251684,13.714302,0.31808752,0.635423,0.0041041193,0.04084043,0.0015449575,0
10.369124,0.28277612,0.01227333,0.46096647,0.029046522,0.439042,0.033441503,0.01324197,0.55373806,2.9721537,-5.3086762,6.65203,11.411747,0.28858945,0.5610071,0.08526263,0.03627872,0.028862128,0
16.959734,0.31438532,0.009317738,0.47064206,0.029640213,0.4996033,0.024231171,0.09590209,0.7321984,2.7245,-3.9725618,3.687766,9.88838,0.37727338,0.3973624,0.035951003,0.18492581,0.0044874037,0
14.1699,0.3509978,0.008509826,0.44255042,0.036408942,0.5093429,0.024104042,0.07193866,-3.6164856,4.4089837,-6.8647304,2.059089,6.608166,0.59584725,0.29271403,0.008330645,0.10298147,0.0001266187,0
13.211733,0.3112854,0.009403505,0.5812149,0.003274124,0.49150887,0.012956294,0.04728666,3.5947294,7.626745,1.2293161,8.052647,13.602201,0.46173984,0.39492708,0.0049036113,0.13682938,0.0016000816,0
15.0255165,0.32201874,0.0061844345,0.51218677,0.03204939,0.51575965,0.014286337,0.037807047,-0.35694095,2.7802975,-0.26785168,2.5016367,14.558405,0.4788126,0.45091504,5.474631e-05,0.06994205,0.0002755654,0
17.384796,0.34267578,0.011191095,0.5191921,0.029510135,0.5067117,0.017930018,0.08056238,1.7643027,7.194098,-2.2734702,5.8777037,8.962723,0.5534142,0.27360654,0.15367813,0.017884504,0.001416596,0
15.541092,0.3621377,0.00463982,0.44639167,0.04486039,0.48375037,0.031836968,0.037727255,-4.7857585,7.0534134,-3.1711423,3.2393372,8.712201,0.5378094,0.45389414,0.0046391664,0.0021627874,0.0014945304,0
13.031836,0.30846304,0.008667636,0.4999532,0.039646793,0.44191432,0.040761735,0.039635465,-0.71331024,10.028781,-5.7226753,7.2533355,14.723186,0.5894423,0.3552413,0.037656154,2.4284245e-05,0.017635938,0
18.678879,0.31966326,0.012278155,0.52036995,0.018663082,0.5040024,0.012133354,0.04468108,4.389178,8.09097,-10.0,7.5259,9.074407,0.34465724,0.5057429,0.14205712,0.007542601,1.1093795e-07,0
19.737556,0.3564411,0.010909145,0.48988968,0.042421386,0.47140774,0.024509232,0.06228175,3.8807106,6.7281003,-8.651708,6.058356,16.337181,0.16841795,0.6851817,0.10826006,0.027196405,0.010943896,0
16.48367,0.28955603,0.011770962,0.54302824,0.027376855,0.4826497,0.016331093,0.07241595,-3.1891708,8.718266,-5.9705815,7.492729,10.672845,0.1938026,0.7453972,0.034221493,0.00052160287,0.026057111,0
17.92099,0.3405516,0.009804863,0.59247327,0.020955468,0.5143737,0.02735723,0.083853446,-2.1822329,7.077808,-6.5718656,5.014674,9.840315,0.28346142,0.6888776,0.027660964,5.6728093e-09,3.1265174e-08,0
18.72588,0.29963368,0.013509238,0.4621175,0.031971034,0.54252,0.040757693,0.080899425,-3.954747,5.0798597,-1.8425575,9.468349,11.1353245,0.6558722,0.06881506,0.030935373,0.23777862,0.006598703,0
18.390299,0.32204944,0.012774098,0.45911652,0.027972307,0.49885818,0.025531176,0.060015474,-2.6256516,3.7107885,0.24597497,6.4923306,9.840105,0.5086228,0.2590876,0.011022204,0.06445167,0.15681572,0
16.842297,0.3151476,0.011338423,0.46488976,0.045384653,0.51662195,0.029524831,0.080410436,-5.59627,4.861269,-3.513757,3.198897,14.378637,0.5668494,0.37591216,0.0017371064,0.055490304,1.1029069e-05,0
16.795042,0.30083978,0.012782637,0.56424797,0.03340622,0.4566656,0.044552285,0.04658001,-0.5527035,5.9198523,2.6356678,5.1392136,13.657431,0.43583903,0.50190413,0.030215433,0.02902505,0.0030163443,0
16.55898,0.30033797,0.012251271,0.5416942,0.03205659,0.5073657,0.03457901,0.02358268,2.5325537,6.3500366,-6.131591,4.694996,14.264318,0.45687127,0.23551913,0.007728081,0.025459174,0.27442235,0
11.707987,0.3255283,0.008681609,0.4945789,0.03900647,0.49820283,0.02239908,0.04657738,-3.1402113,2.0,-3.5421486,4.4991517,11.553559,0.26746306,0.27762225,0.34525937,4.0703976e-06,0.109651245,0
17.102169,0.33991078,0.0059683034,0.5014624,0.040928718,0.5368768,0.031589154,0.04387479,-0.36242512,5.560879,-3.2039487,2.0,9.630937,0.71973157,0.23350447,3.7767993e-05,9.675015e-06,0.046716496,0
10.932558,0.31740528,0.011261086,0.46733826,0.037836052,0.48378626,0.02172451,0.04736026,-0.88199365,6.0571637,1.3687453,5.7737293,10.972808,0.49626148,0.45531616,1.4574791e-05,0.03561545,0.012792321,0
12.616201,0.32140225,0.011638268,0.5356011,0.044194635,0.49275088,0.03420482,0.040812507,4.2204747,7.0950747,-2.5764518,2.228494,9.72291,0.61075056,0.28284344,0.003551335,1.374578e-05,0.1028409,0
18.910696,0.3314235,0.013271416,0.48480392,0.036086824,0.53176445,0.0351534,0.050777808,-2.4463673,9.253602,-2.4657242,2.0,15.39979,0.5161407,0.11619553,0.00037845824,0.026542049,0.34074327,0
17.52066,0.30056763,0.0071910364,0.48959693,0.031676516,0.497239,0.016328404,0.07240035,-2.3008645,6.371307,-9.619372,4.3119726,14.006822,0.17517635,0.7736537,0.0005810415,0.04904577,0.0015431562,0
19.462194,0.33479384,0.007280707,0.5243516,0.04239172,0.46673477,0.031751495,0.09430514,-3.3840845,4.1808743,-6.599627,3.4882126,10.7254305,0.69533914,0.25312757,0.0010587003,6.435542e-05,0.050410196,0
14.184977,0.33638686,0.011379701,0.4924802,0.029091038,0.576549,0.028824268,0.02549307,-4.550038,2.3638413,1.3838091,3.276926,8.220575,0.09714467,0.6884373,0.08824739,7.4541845e-10,0.12617067,0
11.543254,0.37207252,0.009786499,0.49060136,0.030332465,0.46764222,0.035446774,0.03424531,2.11674,7.374022,-10.0,2.0,15.6225195,0.5260251,0.4211544,0.0048599807,0.010854038,0.037106488,0
14.278688,0.31247792,0.0043427153,0.500423,0.04721577,0.498059,0.03831347,0.044171076,-0.5404432,4.261825,2.3719707,3.2983143,11.410052,0.34071207,0.32763213,0.26459318,0.064766355,0.002296269,0
15.306094,0.31083837,0.011125324,0.5318142,0.04621924,0.51040065,0.034774497,0.075314835,0.21923944,7.733674,-1.001342,4.652716,10.609498,0.47717968,0.2676365,0.13996927,0.10503256,0.010181977,0
15.236966,0.33537933,0.0044427314,0.56585974,0.029918242,0.5080285,0.026968066,0.05590105,5.0985646,8.79484,-5.990085,3.731692,15.648958,0.8518654,0.07596459,0.010059416,0.062108777,1.8025025e-06,0
18.401041,0.3363821,0.0071642306,0.52341944,0.025464484,0.4943077,0.0393333,0.045517817,5.328323,2.9118505,-6.328196,5.7746873,9.470154,0.8200772,0.13367388,0.00032658753,0.023381103,0.022541275,0
13.916189,0.30929825,0.014055044,0.53213257,0.044631734,0.4944572,0.021269372,0.07433466,-6.584937,7.107785,4.5838213,7.785321,10.04322,0.7231044,0.15639353,6.992821e-05,0.11850444,0.0019276735,0
16.056103,0.31193674,0.015474637,0.49200583,0.038004182,0.49295205,0.01679478,0.0791278,2.5913386,8.585245,2.6456232,6.032735,10.307723,0.06114927,0.77844936,0.07422305,0.0020077624,0.08417057,0
12.034119,0.33082262,0.006353031,0.4716881,0.033155814,0.46652198,0.0,0.059624802,0.9025877,8.038078,-3.4777632,7.0527887,7.0502925,0.84116954,0.15433156,0.0034612594,2.3648651e-08,0.0010376101,0
16.350952,0.30344832,0.009011826,0.52615947,0.026781272,0.5645066,0.02929859,0.043675616,-1.846364,2.0,-2.461633,7.2182536,11.9472065,0.7181312,0.26960367,0.00036200578,0.010861517,0.0010416241,0
15.009326,0.31178933,0.010127868,0.50684965,0.033316966,0.49340028,0.021784535,0.06540559,1.3107347,4.292696,-5.5847254,2.9622784,8.712966,0.34770048,0.40898156,0.14507891,0.03688562,0.061353434,0
12.75056,0.32179186,0.015343681,0.44309485,0.029782915,0.5179079,0.033977546,0.055334635,-6.905533,3.439639,-2.460864,5.8782296,9.287835,0.37421533,0.5655146,0.038349837,0.021239849,0.0006803726,0
14.292512,0.33991876,0.008521393,0.4868772,0.023356618,0.4899604,0.010287726,0.055179734,5.8505692,7.0469456,-5.695615,6.9903145,8.886694,0.28169754,0.26919588,0.030176295,9.04517e-10,0.4189303,0
14.447473,0.30790803,0.008569348,0.4966841,0.031290423,0.48935708,0.023528215,0.049751997,2.0597763,6.8266535,-3.314172,4.128079,9.23879,0.5205777,0.34085655,0.010637046,0.12774195,0.00018670988,0
14.189534,0.2831523,0.014646176,0.47958168,0.03265424,0.48633668,0.0347027,0.07849967,-3.4607909,2.0,4.2413177,3.4187467,8.483256,0.5736683,0.337478,0.0038735094,0.016608482,0.06837168,0
20.314024,0.28166804,0.008875633,0.5592694,0.026246049,0.45350462,0.01970164,0.064997606,-2.341641,5.398337,-3.3824563,6.060813,11.741643,0.34701797,0.5558325,1.734322e-09,0.007030751,0.09011877,0
14.704662,0.29481173,0.012166605,0.5191936,0.039038256,0.49518135,0.034092568,0.08071402,-6.812586,7.6014395,-7.1920877,2.0367422,10.53322,0.23444134,0.48965326,0.0020893512,0.2592525,0.014563583,0
14.2683115,0.29373664,0.005568571,0.554927,0.042888325,0.48778978,0.024429774,0.086726524,-1.255829,6.295952,-8.465488,2.8239908,11.144025,0.8503356,0.13328351,0.00014222192,0.0007508682,0.015487826,0
8.707647,0.3169078,0.009486302,0.510537,0.039698977,0.53514576,0.029671917,0.06917962,-1.9309279,6.292534,-2.491529,3.6664872,18.061365,0.931934,0.03581112,0.018413715,0.00059160305,0.013249575,0
12.317378,0.2962224,0.0050212094,0.5032555,0.027237516,0.464099,0.03595158,0.049870458,-5.3004417,5.270013,-6.0435805,5.9010286,10.533317,0.40626284,0.44793743,2.3510102e-05,0.0018758476,0.14390035,0
14.21078,0.3059449,0.0068336986,0.4625361,0.037558217,0.4826856,0.03952797,0.08080652,3.106809,3.8821182,-2.0135875,5.437825,12.814843,0.3752541,0.46057624,3.0881836e-08,0.009582534,0.1545871,0
12.942442,0.30451828,0.012517604,0.5004772,0.030779613,0.47304678,0.030924924,0.069313295,5.1071887,5.9658885,-9.478012,7.0647416,13.156249,0.7957296,0.17072731,1.9991416e-05,0.013505603,0.020017523,0
19.145123,0.31118983,0.009850284,0.50052214,0.01764254,0.5432759,0.021859897,0.11206736,-0.10944196,6.104187,-0.23899946,3.1562598,10.81143,0.7820677,0.13788569,0.00026935292,0.013039712,0.06673754,0
14.505187,0.3464501,0.009042683,0.44531545,0.036727294,0.47391775,0.025419611,0.06620206,-1.2225876,7.230509,-7.2406597,3.0490541,11.821398,0.26764607,0.7321795,9.326804e-05,2.1143514e-13,8.112399e-05,0
18.865334,0.33323896,0.0077537512,0.4784189,0.031461317,0.516869,0.036369555,0.07395376,1.7399384,7.3929996,-2.814811,6.047824,11.062095,0.51852244,0.29441482,0.0032105963,0.17994009,0.003912054,0
15.185114,0.3203226,0.0093380315,0.48706868,0.05593548,0.5291048,0.019787464,0.065808475,-0.07855585,6.171723,-4.353213,3.402666,11.607676,0.41888592,0.5418109,0.029585348,5.1762225e-05,0.009666014,0
15.111684,0.31077948,0.01090334,0.51653916,0.044572707,0.49561632,0.028219335,0.05801803,-4.3287168,8.189816,3.873556,3.792992,9.24045,0.22871402,0.58357894,0.025771262,0.032398447,0.12953734,0
14.733611,0.31133536,0.012948749,0.518454,0.037111502,0.45869568,0.02614116,0.05482417,-2.610712,5.2501507,-2.3140433,2.0,9.517366,0.5136014,0.48619738,2.8078519e-05,0.00017141436,1.6928152e-06,0
15.011389,0.32655492,0.0021245598,0.47674727,0.032491706,0.4590754,0.028966382,0.06588487,-1.185744,3.1119509,4.781888,5.581692,11.050767,0.80242044,0.12606803,0.0019847914,0.024087438,0.045439318,0
20.156385,0.33168337,0.0075047165,0.5187548,0.03163722,0.5257929,0.019907175,0.07042351,0.99274635,6.9541073,-0.7570304,8.082581,5.084289,0.7590616,0.18164496,0.035830352,0.01259061,0.0108724795,0
8.041168,0.30184764,0.010477289,0.49271685,0.019963106,0.4621822,0.011480557,0.08308776,0.03734687,6.252759,2.7016237,2.9414222,15.488218,0.23570378,0.6717771,0.074517116,0.017641068,0.0003609188,0
8.995363,0.3207296,0.009703411,0.3852152,0.012610128,0.5117608,0.035207424,0.06617701,0.8414775,6.993863,-3.835193,7.0434074,17.482574,0.6623894,0.314232,0.019512028,0.0038665878,2.7165008e-09,0
13.370487,0.2793676,0.011210129,0.48061192,0.021274408,0.5034305,0.039641313,0.050742216,-6.099312,3.4710972,-1.6179878,4.8812027,11.511051,0.4589787,0.41130581,0.06918007,0.00050481193,0.06003056,0
15.043584,0.32423428,0.010802621,0.54315954,0.02952283,0.511314,0.012078251,0.05346292,2.660871,9.581593,1.8745743,2.0,12.9964075,0.39043134,0.5840824,6.499852e-05,0.0015002958,0.023920951,0
17.070312,0.335243,0.009085396,0.43272778,0.008944607,0.5141475,0.03368926,0.033541262,0.013663536,7.421005,0.6198398,3.2105463,14.243173,0.3978683,0.3452769,0.20713213,1.7654702e-05,0.049705032,0
16.419262,0.31439862,0.00841944,0.50450766,0.024556782,0.47198987,0.04083183,0.09322428,10.0,5.424006,-0.87602687,3.0870652,7.025991,0.7809898,0.20853938,0.0003137156,0.010050161,0.00010691719,0
13.847262,0.35633054,0.009263496,0.56341046,0.02752387,0.47073415,0.03595911,0.04917653,-1.5505375,4.1290936,-4.3117394,4.3669443,13.784834,0.56472,0.23106831,0.15223555,0.005457504,0.046518657,0
18.05713,0.30237523,0.013446227,0.4695755,0.027845735,0.52144784,0.025833298,0.07934881,1.293834,8.154306,-3.635106,5.8390284,9.72068,0.56068164,0.33144182,0.0025427327,0.07969398,0.025639834,0
18.090586,0.3243488,0.007803976,0.50008595,0.023382764,0.48111966,0.020565037,0.065531015,10.0,3.7964604,1.5506479,8.697845,17.872173,0.53741735,0.34546718,0.067096055,0.049952935,6.649017e-05,0
15.552174,0.31928352,0.00981158,0.44783935,0.026584862,0.41749555,0.03080978,0.06607464,0.77636653,10.52273,2.383645,2.1377084,10.435222,0.8745903,0.054179024,1.0798775e-08,0.071123436,0.00010723256,0
17.887972,0.31799406,0.010550027,0.5650892,0.04723894,0.51946265,0.032477852,0.057651043,-0.27052215,4.77359,-5.371451,4.030445,13.724546,0.34119827,0.41390693,0.0058802953,0.23900305,1.1461651e-05,0
15.817936,0.31771356,0.014681052,0.4966667,0.03662145,0.46891215,0.030958075,0.04424402,-3.9476876,9.44101,-5.9750357,3.2080383,10.464761,0.35054162,0.5602339,0.00041943847,2.5955767e-05,0.088779055,0
13.315551,0.3221421,0.009099076,0.5018651,0.024396991,0.51401407,0.028198654,0.040629294,6.1130652,5.6310525,-6.616535,2.464041,17.590078,0.69773686,0.28176686,0.009941437,0.008924052,0.0016307869,0
17.09345,0.33695918,0.01287642,0.55417204,0.029316522,0.54178464,0.019173482,0.09456931,-4.6364064,9.161493,0.31880248,5.1908956,9.46295,0.4671028,0.53252983,1.7568142e-06,0.0003656204,1.919029e-08,0
15.33184,0.3475547,0.0136959385,0.52645916,0.029716866,0.5005029,0.034226883,0.06227922,1.7084837,4.530263,-6.7179003,5.00296,14.495266,0.7213105,0.27626413,0.0005535105,0.0014371752,0.00043467493,0
15.00402,0.319955,0.009808737,0.46497485,0.022320446,0.52987295,0.034708545,0.08250535,-1.8942213,6.0376725,0.27041364,2.0,12.8800335,0.2499127,0.6276416,7.038191e-08,7.998378e-05,0.12236562,0
19.418861,0.33630633,0.009367843,0.47410887,0.022308698,0.50461394,0.03200822,0.08769814,-0.757345,7.6094985,-0.8172386,5.036301,12.21293,0.48730823,0.2719742,0.00260533,0.07267772,0.16543452,0
8.0,0.30596465,0.009012839,0.51979727,0.04010524,0.54762286,0.031109937,0.051783063,-5.6957293,7.3241544,-5.1803675,2.5892081,11.687022,0.63926494,0.270053,0.01708704,1.1341149e-05,0.073583655,0
10.746947,0.3353191,0.00923253,0.47503516,0.025802156,0.4681368,0.046792496,0.06847011,5.372509,8.201524,3.2554374,5.0236554,8.998962,0.74343914,0.23302603,0.011344812,0.012043516,0.00014651152,0
11.438788,0.30476016,0.012562719,0.41531026,0.019053036,0.49975356,0.023756212,0.060900215,-1.1111892,5.025056,-8.849035,7.538993,4.0,0.2843536,0.6961129,0.003553071,0.0134575125,0.0025228898,0
13.910218,0.3418132,0.0106930295,0.49787036,0.029568596,0.5201948,0.04281435,0.036855724,-4.8603587,6.1696167,3.6381304,5.926136,14.223176,0.64001817,0.22618516,0.08892663,7.549079e-09,0.04487002,0
14.236176,0.3642128,0.010705869,0.4407915,0.031180097,0.49428764,0.022659754,0.0562904,5.010762,8.496778,-1.7244565,5.3550344,9.533483,0.57730407,0.06940917,0.059698563,3.3755794e-05,0.29355443,0
10.478024,0.31755832,0.0066243294,0.56465125,0.010272957,0.5345666,0.041089505,0.071750134,-2.0165472,4.589489,-10.0,3.9424684,14.5088005,0.25707373,0.30860147,0.17765541,0.16411737,0.09255203,0
12.044526,0.27614912,0.0070975297,0.5070715,0.029592536,0.48703882,0.042333674,0.050019413,1.3384292,7.145082,3.3675184,5.133735,12.055094,0.23431198,0.3937292,2.927878e-05,0.37191525,1.4287443e-05,0
12.417475,0.30903855,0.01643034,0.463793,0.0386798,0.56208116,0.027069489,0.053503137,3.3656654,5.5616794,0.88885003,6.126508,14.60077,0.48115134,0.15206528,0.11633039,0.00015216233,0.25030082,0
22.372272,0.3446375,0.009466522,0.4720547,0.034512293,0.5636659,0.04660963,0.056532662,1.8961374,6.4117484,-4.7128468,5.928333,13.405678,0.566941,0.42786905,0.0005385177,0.0045830407,6.834807e-05,0
20.405226,0.33106154,0.007675684,0.42442408,0.05229795,0.50846213,0.034690358,0.102230586,-8.786542,6.1691003,-6.8588824,4.8015623,4.0,0.26823342,0.6671963,0.00057237584,0.0022550076,0.06174296,0
13.764751,0.32497826,0.014293297,0.45602152,0.042511094,0.516578,0.021227276,0.02331902,2.781427,4.423434,-9.276267,5.4347525,12.8446865,0.5659592,0.41983247,0.007884204,0.0054393783,0.0008847076,0
13.90925,0.34017336,0.010845426,0.54065293,0.04448934,0.53575015,0.026258433,0.070032865,-0.40245506,5.478614,6.6617846,2.3668764,9.968973,0.66177255,0.12220482,0.043026783,0.15335847,0.019637382,0
11.552388,0.32968906,0.011734465,0.5892714,0.05800086,0.46438408,0.04132762,0.05493322,-1.3161148,6.2898645,-6.6935277,3.5313265,14.495033,0.35745257,0.605523,0.02176094,0.0015825852,0.013680932,0
9.275609,0.3443545,0.009585858,0.52905583,0.037581563,0.46064,0.03923065,0.047186904,-0.4362998,5.794552,-8.054355,6.4151196,12.7736225,0.0683845,0.63450557,3.250151e-05,0.29660025,0.00047717264,0
14.64936,0.33838847,0.00904398,0.4963183,0.031630702,0.53769255,0.019419596,0.054442488,-6.440131,9.145472,-1.9283235,6.684066,12.8089075,0.31669068,0.5262472,0.08817318,0.0016566595,0.06723225,0
12.006444,0.350434,0.009491241,0.48272163,0.039737403,0.50821966,0.028607426,0.073347524,0.7686837,8.019911,-9.551574,5.187197,10.183271,0.7531963,0.07765689,0.0103122555,0.13604003,0.022794545,0
14.745448,0.32717592,0.0058517857,0.46174017,0.024407636,0.49320483,0.03203523,0.07449047,-5.4575653,6.579961,-6.9261937,7.9579315,8.262181,0.9181801,0.07870276,0.00095510477,0.0021505416,1.1459259e-05,0
10.199383,0.3381052,0.009736218,0.5823906,0.031076863,0.5003337,0.024923954,0.063720345,-1.1433588,4.4737077,0.97987676,6.016039,9.701339,0.39892924,0.2740958,0.007355127,0.25820702,0.061412826,0
12.714077,0.31385747,0.0108881,0.49245006,0.023522723,0.42841876,0.053577997,0.08185483,0.6250577,4.351954,-1.1431576,4.533745,5.600323,0.647727,0.26595047,0.034421753,6.550888e-05,0.051835272,0
15.445881,0.3079708,0.01555139,0.5846252,0.033979844,0.49428314,0.032336637,0.08537666,4.2961483,9.947622,-4.54548,2.5604944,9.228969,0.12343382,0.33535776,0.47735766,0.0039078603,0.059942912,0
16.098629,0.35413536,0.010257998,0.5557408,0.023480909,0.4774086,0.029381879,0.07632752,-3.2784526,3.9802291,-2.9267733,7.8774667,6.6075225,0.40294665,0.472593,0.010090748,0.015783444,0.09858615,0
16.252417,0.3243241,0.002997469,0.43036816,0.023130715,0.5275422,0.04190851,0.04907615,5.8063493,6.2277193,-4.769882,6.540635,6.6867776,0.4216068,0.43235096,0.14555211,5.8923963e-09,0.00049012376,0
11.038533,0.3360976,0.009718044,0.4733619,0.034134734,0.5298509,0.026347864,0.06988883,3.7874131,6.7218976,-3.2479913,8.596622,11.349437,0.06401501,0.497759,0.021815984,0.29231173,0.12409826,0
17.564056,0.3224748,0.018218512,0.4732382,0.028622886,0.5173004,0.040074278,0.06998401,-1.717639,5.3773527,-6.0472455,9.333694,12.602147,0.73954386,0.1828585,0.021267807,0.0008010075,0.055528857,0
12.599365,0.30826968,0.0125990985,0.49680614,0.0107247885,0.51186377,0.013322676,0.04368737,-4.434997,3.9955924,-5.320957,2.4261193,10.904619,0.5007381,0.04047203,0.016897121,0.0004932871,0.44139948,0
16.898573,0.32021967,0.007567333,0.49758744,0.0154444305,0.4550796,0.02546346,0.028611222,-5.7752647,4.430207,-5.442713,2.4313326,9.503629,0.10440802,0.85293466,0.009759,0.032888304,1.0001266e-05,0
14.968084,0.3487199,0.01177332,0.61984956,0.018527335,0.51771927,0.040490706,0.019544488,1.0870154,4.90699,-5.9034433,2.0,8.157776,0.26970676,0.7017541,0.018406918,0.0015488125,0.008583435,0
10.870837,0.33110482,0.0077739595,0.45691088,0.02117028,0.5188819,0.045701977,0.06139711,-2.9491365,4.581014,1.175644,6.8367243,10.048421,0.49837774,0.1692864,0.19142495,0.14091091,1.4731808e-08,0
14.051407,0.28577054,0.0059385775,0.5091588,0.034144234,0.5373558,0.022267044,0.065960795,4.797427,8.65544,0.08046957,6.3129654,8.533331,0.24250641,0.6032673,7.222674e-05,0.008592667,0.14556135,0
16.09609,0.3156951,0.008954892,0.5246603,0.032189388,0.5635463,0.021101784,0.03636437,-2.7180953,5.981748,-6.729453,5.195558,10.811508,0.19885388,0.53029317,0.0007966722,0.27005625,1.2125488e-11,0
16.838896,0.35564587,0.01027458,0.49993712,0.040652793,0.4492232,0.035674464,0.080920644,-3.602684,4.952398,-7.777575,2.5477335,6.435405,0.8117159,0.12151249,0.018648641,0.01724832,0.030874677,0
14.577036,0.31572407,0.0043835333,0.5044072,0.03752802,0.48834568,0.023769662,0.06304436,0.9345054,6.2139163,-3.6291065,4.821933,13.103952,0.11377621,0.64593285,0.02577637,0.21037298,0.0041415947,0
19.595337,0.2839904,0.006552522,0.45820764,0.04071903,0.477732,0.027314221,0.08698905,-2.7441874,7.3359118,5.6211505,5.369411,9.298906,0.6717479,0.100734904,0.13991725,0.0026475384,0.08495237,0
18.022532,0.35786098,0.010031006,0.50425947,0.036083963,0.50517523,0.038764052,0.067410715,0.03419997,5.3107605,-7.110821,6.565451,12.128771,0.520829,0.17986526,0.29584053,0.0034237679,4.1433173e-05,0
14.230038,0.33364785,0.00877548,0.52045596,0.032096792,0.50040203,0.024558978,0.03867333,3.9439573,7.8039627,-3.6448975,5.545974,13.661666,0.14213903,0.52926356,2.8949205e-05,0.00056064676,0.32800785,0
17.250366,0.31859973,0.0111844335,0.513104,0.04099352,0.49297753,0.010345742,0.069165625,0.46891734,3.4577065,-2.6451182,6.3276024,11.983613,0.16229853,0.82584023,5.1274452e-05,2.4252493e-05,0.011785737,0
20.80138,0.31257164,0.006355995,0.522808,0.03919413,0.5308281,0.016989155,0.07340221,0.48385784,8.3426075,-3.4345686,4.751738,13.397381,0.15833446,0.7764877,0.029874926,4.6517703e-06,0.03529823,0
20.881454,0.34164703,0.012142342,0.5565043,0.033760954,0.46695757,0.030099556,0.04904753,0.82058686,5.9820952,-4.8328395,7.3629637,4.800082,0.44089407,0.530056,0.0017737352,0.026403032,0.0008731759,0
11.316,0.30916032,0.006448723,0.5374787,0.042710718,0.46876636,0.0113657685,0.03115814,-6.772396,5.9039755,1.6203198,6.26346,9.52143,0.3652053,0.6294748,1.8131163e-05,4.569696e-05,0.005256043,0
12.220401,0.34296513,0.014928203,0.5028518,0.006542118,0.46927324,0.027028397,0.062005922,1.567351,4.613971,-1.1821655,2.626134,14.30923,0.57584405,0.42260465,0.00014640187,0.0011489543,0.00025596961,0
19.454756,0.3308439,0.004852725,0.45312968,0.027095368,0.48919016,0.016079035,0.03998311,0.6397263,3.5442998,0.3832213,7.778441,12.527689,0.72659963,0.2504718,7.769938e-05,0.022361731,0.0004891333,0
11.825157,0.32489365,0.006722337,0.4759998,0.026942095,0.4631423,0.04639939,0.08241776,3.5715892,2.666656,-0.6424802,7.4511433,16.54539,0.70717436,0.12953454,0.16299397,1.7367503e-05,0.00027973682,0
11.032376,0.3229103,0.011252113,0.49121475,0.041526828,0.49854285,0.051651426,0.051856466,2.4232433,4.474447,0.57579327,5.9309497,16.113142,0.46507877,0.49662444,0.0004516488,0.001445794,0.036399357,0
13.541418,0.31650063,0.0149927,0.5100938,0.04571395,0.4950353,0.01941803,0.094492026,-0.8077945,7.1753464,3.3376234,5.561435,11.898776,0.3840185,0.0705569,0.15020731,0.39432734,0.0008899325,0
16.26068,0.3409128,0.010945129,0.4808667,0.015498206,0.47640455,0.032567587,0.017516827,4.1295714,4.077443,2.3241758,8.317224,10.244064,0.641811,0.21580857,0.12559849,4.6198453e-05,0.0167357,0
14.69281,0.30269313,0.011688574,0.46257067,0.044111673,0.526213,0.020395963,0.06269591,-1.1705228,2.9031036,6.299216,2.0,8.124684,0.31038547,0.13841154,0.08282768,0.031680718,0.4366946,0
13.048309,0.2875615,0.010052611,0.45247206,0.018285548,0.498215,0.026906844,0.08858785,0.9886284,4.1818695,1.8693651,7.482449,9.572575,0.31380922,0.68405944,1.1389705e-05,0.0021199642,2.3498306e-09,0
12.977363,0.3322888,0.0069208047,0.4339529,0.018587848,0.5318794,0.048034694,0.042193912,-1.2445977,5.2303333,-5.6777873,4.0475864,9.775259,0.60809636,0.16465202,0.11033286,0.062100776,0.054817963,0
12.862988,0.33262476,0.008529585,0.490602,0.027657144,0.4941485,0.025333114,0.056815982,1.8470312,5.3089976,0.38924816,7.190355,9.220252,0.43036678,0.092801936,0.11299453,0.09821313,0.26562363,0
12.361471,0.32960483,0.006364271,0.44121337,0.026817935,0.49927416,0.027139625,0.051939286,-1.5059592,5.742214,-0.15825929,5.2407517,8.244987,0.4728404,0.5138212,0.0053066607,3.8607254e-07,0.008031375,0
21.844898,0.32815456,0.00616387,0.45997897,0.014415828,0.48311654,0.020574708,0.046324648,6.5902066,8.065212,4.6811795,2.514148,12.20473,0.7963015,0.16134314,0.00074238854,0.0046268525,0.036986154,0
15.892533,0.3135892,0.011205247,0.48424393,0.03649878,0.4997886,0.041461892,0.064892456,8.069451,8.498508,-6.868634,4.0069604,16.089918,0.78512746,0.20770703,0.0023799636,0.0047575496,2.8017315e-05,0
17.660276,0.33574966,0.006630466,0.4465633,0.036794025,0.52136695,0.0,0.03409157,3.495753,10.010925,-0.7681957,7.043458,13.79977,0.5008016,0.2818126,0.10829923,0.05265052,0.056436017,0
13.532767,0.31908885,0.010958662,0.51519006,0.040540416,0.48765996,0.025572026,0.057780623,6.1651864,2.7501853,-5.7242813,4.579584,10.03274,0.5756141,0.34332794,0.0030093757,0.07799168,5.6888384e-05,0
14.44213,0.31025773,0.0060945316,0.5296089,0.025665447,0.51555234,0.029541139,0.07031988,-6.156858,4.2882323,-0.94981956,3.757029,14.042087,0.31231403,0.23174341,0.002449149,0.44884455,0.004648856,0
12.859338,0.3137622,0.010889149,0.47802293,0.029604172,0.4756176,0.023389226,0.055698127,-5.685511,7.3969703,-3.8589866,3.743656,12.039952,0.15547538,0.696508,0.12948585,0.013319864,0.005210929,0
8.0,0.3604128,0.008533953,0.4825189,0.029695729,0.52277154,0.038635455,0.039995916,-1.2862422,5.0919375,-1.0821248,6.284495,10.877887,0.25942948,0.7053387,0.001767835,0.013543384,0.019920575,0
10.8659725,0.2853005,0.014219847,0.5214972,0.046879955,0.48260283,0.042020272,0.08060371,0.16492386,7.721573,-8.641353,8.50127,10.690632,0.4226246,0.38912043,0.08698938,0.0336897,0.067575894,0
9.568144,0.32999575,0.010971157,0.4714402,0.0016575522,0.5255504,0.015879605,0.07460514,-0.7928297,6.414227,0.17290592,2.0,10.40018,0.13363466,0.7979026,0.031092647,3.843311e-05,0.037331693,0
8.2506485,0.28641778,0.013707349,0.46869063,0.020430557,0.50182927,0.050934866,0.039176255,-6.568541,9.158408,-2.175762,10.601369,12.953198,0.4243827,0.28215024,0.006347993,0.09448933,0.19262975,0
11.413923,0.31783533,0.00773306,0.54785997,0.03005541,0.5456286,0.015767412,0.034117848,4.6063666,8.085432,-2.3912284,5.4074926,11.41901,0.3203956,0.64173394,0.0100582205,1.7407359e-07,0.027812053,0
18.974867,0.31132746,0.01016843,0.5353675,0.019144299,0.46537796,0.042886306,0.04096151,8.616793,8.122033,4.8009133,6.160448,8.814732,0.7047115,0.27013144,0.0111343395,0.003969267,0.010053456,0
14.866692,0.27829942,0.0070567387,0.524062,0.027416797,0.4557147,0.031498276,0.07090546,5.1239505,5.1762567,-4.5299335,4.1274767,8.669444,0.46277544,0.12385025,0.03198964,0.15779541,0.22358926,0
18.87169,0.32778075,0.008759184,0.5370258,0.028739244,0.48151347,0.02496299,0.06551146,4.342093,5.8050785,-1.6309383,4.9929695,11.917712,0.2222316,0.15389629,0.20851454,0.41535223,5.3725744e-06,0
16.232948,0.31239924,0.009213687,0.42090884,0.023423139,0.45846167,0.02590633,0.075801656,0.90447843,5.389493,-2.5989172,5.385026,12.2859535,0.6584879,0.22079456,0.030465871,0.02190329,0.068348356,0
17.347677,0.27801588,0.007822425,0.55415344,0.030644689,0.45851794,0.029664872,0.053476997,-3.3719895,2.9882157,-2.2078433,2.901808,10.060602,0.43990433,0.24230437,1.4737262e-07,0.13581227,0.18197888,0
12.297309,0.33679137,0.0063534915,0.51568246,0.036281493,0.51864654,0.03208418,0.041505314,0.2901122,8.943539,5.8872156,3.388637,7.603983,0.42259493,0.54436934,0.0012303366,0.031805407,2.458477e-10,0
16.571854,0.34870014,0.005759448,0.54043126,0.027637336,0.49987462,0.020798456,0.07837693,8.422352,7.4907746,-2.7447717,7.369135,14.752895,0.65764594,0.211632,0.12970388,2.73388e-07,0.0010178937,0
17.186142,0.3498025,0.0029807556,0.5154865,0.025468053,0.48560956,0.0276606,0.04893103,-1.4079524,5.3099456,-5.2691193,2.0,14.115814,0.85685146,0.09669708,0.046252195,0.00019921445,3.8255077e-08,0
13.270058,0.32717913,0.0068309605,0.501957,0.028342351,0.48839113,0.022293271,0.06373096,-1.819829,8.609185,4.483611,5.882078,5.0378704,0.628479,0.33722466,0.020962106,0.009694712,0.0036395337,0
16.678621,0.32092115,0.011882482,0.48898762,0.029925637,0.48208287,0.017849505,0.029001502,4.4292145,4.7392645,-4.230755,4.258966,15.018749,0.16030525,0.8102129,0.022674449,4.6887646e-05,0.006760494,0
16.698563,0.34656313,0.0052045044,0.51468575,0.012596805,0.5495111,0.021826884,0.04860379,4.694744,2.323731,-9.420712,3.0785856,10.373073,0.32783604,0.3923474,0.059396584,0.08087824,0.13954173,0
13.351342,0.35364768,0.0058956314,0.48753008,0.03461554,0.47793484,0.018500254,0.080187924,-3.3916073,8.014739,-5.9633746,8.943864,11.569962,0.5527528,0.44062245,0.00021248599,0.00641113,1.1343315e-06,0
11.631695,0.34267136,0.015372695,0.53471506,0.025489988,0.46033597,0.025798451,0.04567451,-1.0459385,3.4428794,-7.98635,3.0909948,14.414669,0.33958006,0.6319161,0.02491666,0.0035871118,7.41896e-08,0
11.447615,0.30116925,0.008090512,0.43654174,0.04261535,0.5238815,0.03432475,0.07629008,-2.007622,5.608449,-10.0,2.739796,15.957617,0.61747044,0.3644562,0.0005414451,0.006489859,0.01104204,0
15.259517,0.32402688,0.010963138,0.47833696,0.035910536,0.49352732,0.031207103,0.013379606,0.2787575,6.412246,-4.45206,4.626055,14.008595,0.094468534,0.6021125,0.0014837367,0.30191746,1.7819651e-05,0
15.9810295,0.32879034,0.011926952,0.58179295,0.041700665,0.5611632,0.049743447,0.048812166,4.4147468,6.770931,-3.2808638,3.4628828,11.723091,0.081066824,0.9038604,8.106835e-05,0.014954011,3.770095e-05,0
12.622422,0.28380767,0.011987578,0.47495678,0.019889962,0.48421383,0.00789547,0.056572907,-3.21611,7.696802,1.7221117,5.012761,6.873078,0.8114149,0.16916455,0.01153242,0.00042506208,0.0074630654,0
15.079756,0.32938722,0.0054330574,0.49045265,0.026286134,0.52537954,0.03469341,0.09485081,4.3586593,7.1617026,-0.48239356,5.3107986,4.9213047,0.55962783,0.24758682,0.16618511,0.0010619,0.025538357,0
16.71161,0.36545983,0.009306821,0.46469676,0.017575415,0.53246593,0.030064203,0.036618743,0.406605,7.099785,-0.6646628,5.469316,13.634477,0.8122079,0.112319276,0.04328264,0.03218922,9.797037e-07,0
16.854572,0.33279872,0.0051453183,0.5134338,0.022948088,0.48435992,0.038156703,0.07341987,9.304769,4.4184966,-6.57284,4.7522182,15.026091,0.6156745,0.36500278,0.005339003,0.0011092899,0.012874404,0
19.65564,0.34946826,0.017338954,0.4705494,0.042521056,0.47771236,0.03716465,0.08113863,1.2753235,6.588487,0.53973305,3.5956767,8.556066,0.360963,0.4408246,0.19816665,2.3603523e-05,2.2161197e-05,0
18.830942,0.3236583,0.0052153743,0.49257556,0.044874907,0.522241,0.028350083,0.045570206,-0.38767427,2.9889,2.5649314,6.286806,10.19066,0.51931757,0.10325565,0.0522207,0.0016700184,0.32353607,0
11.996126,0.31853563,0.006856479,0.5339547,0.018518668,0.5172468,0.031726513,0.05252952,2.298859,9.124275,-1.4217165,4.7766147,9.328202,0.7848515,0.2139037,0.00057996524,0.0006467232,1.8145704e-05,0
20.050758,0.32762542,0.0068781977,0.47204947,0.025417224,0.4576817,0.022559308,0.06283258,-1.348585,3.1948702,-1.3099298,4.008765,9.2483,0.6842215,0.23287058,0.020224499,0.01650694,0.0461765,0
13.40707,0.30368346,0.0055100187,0.53154445,0.029238043,0.46614692,0.0361368,0.0303703,-7.1810923,5.3071203,-8.058769,7.959987,14.224883,0.7266789,0.2664779,0.00024195359,0.0018766684,0.004724556,0
18.134619,0.3007245,0.014057782,0.5328892,0.035856057,0.4239071,0.01121124,0.050897937,-0.9620847,3.3622515,1.2177433,4.757376,11.655119,0.51323473,0.40777746,0.0011988599,0.06354056,0.014248415,0
15.203959,0.3453261,0.017267345,0.54219824,0.012401897,0.5178616,0.037768263,0.08552224,-1.0251744,4.5396676,4.123322,7.1839733,10.312465,0.6541156,0.06992479,0.044305045,0.22600614,0.005648448,0
13.763552,0.34744686,0.008572753,0.5056216,0.013969999,0.49214518,0.029768266,0.0704531,-6.36927,6.026857,-1.7081904,7.4536767,18.97256,0.73610526,0.13945904,0.030333174,0.09410251,3.364593e-09,0
9.576909,0.30017787,0.0060387305,0.62965035,0.034896262,0.4951355,0.02512938,0.056864973,-0.29214075,4.942484,-5.377429,7.5753455,6.6967373,0.5992753,0.1400337,0.0012048159,0.15481785,0.10466834,0
14.485307,0.33935997,0.0032892234,0.5421814,0.010509614,0.4492567,0.027674668,0.062261447,-8.268441,8.288492,-3.6479795,6.3823156,12.643733,0.37370583,0.62309134,0.00017657453,0.00048039376,0.0025458352,0
10.32185,0.3182608,0.009267674,0.5129951,0.025532026,0.46705693,0.028408037,0.07161811,-1.3907473,6.453802,-4.681683,4.998733,7.853065,0.44837463,0.28695646,0.16371104,0.08091269,0.02004518,0
17.901897,0.32679617,0.009050904,0.46496302,0.03162092,0.48566124,0.042973038,0.0754482,0.97438395,5.0741806,-4.4417987,4.871917,10.527689,0.4520222,0.39308473,4.348095e-05,0.0555045,0.09934508,0
19.550379,0.32920438,0.008046112,0.49611762,0.03415666,0.47983024,0.062334936,0.04887172,0.38798472,5.7328362,-0.40806773,4.5117598,11.445915,0.7379352,0.054318544,0.15677607,0.03689208,0.014078121,0
12.609267,0.33988702,0.010664126,0.5570531,0.028582819,0.5035351,0.042198706,0.09069442,-1.6442779,8.439401,-1.8821435,2.0,13.533787,0.85622144,0.12090633,0.022011623,0.00075504393,0.000105583764,0
15.905912,0.32165435,0.011185519,0.56838137,0.026342433,0.51750404,0.024346743,0.086326964,-0.3421216,7.817742,1.0157465,6.4376135,10.2164545,0.7218181,0.105476536,0.0392957,0.08560066,0.047809,0
12.823826,0.34820324,0.0109692495,0.5591332,0.038445707,0.56808835,0.036297817,0.07354515,-3.1362576,3.7224581,-1.5163898,5.488931,9.899156,0.30538306,0.49966165,0.00012596109,0.19261217,0.0022171491,0
13.114546,0.32618827,0.009051626,0.5314077,0.03285206,0.49939948,0.036733292,0.043140803,0.043266077,4.6386967,-6.4563518,6.6510487,10.1627445,0.59403324,0.10165179,0.02923798,0.00045272685,0.27462426,0
17.323484,0.33248368,0.0066951346,0.44977358,0.023529833,0.5334621,0.020748394,0.039595522,0.23234563,6.9495797,-5.002768,4.765997,7.760142,0.45293334,0.4467669,0.0005814357,0.0007455261,0.09897279,0
14.884385,0.30333474,0.0119974995,0.5194865,0.03037723,0.47510082,0.017392008,0.053467926,-3.6009998,6.706733,-5.251364,6.3296504,12.89693,0.7430977,0.1323391,0.016692923,0.059072956,0.04879728,0
20.218945,0.3631732,0.010037541,0.4503439,0.03383169,0.44975162,0.02936719,0.0612153,1.0707968,3.899237,-3.7458804,2.2449858,11.844003,0.1981374,0.5887047,0.012134774,0.18607138,0.0149517115,0
13.553303,0.3293965,0.012665072,0.44050115,0.047182374,0.48943096,0.038077075,0.024630163,1.0458106,7.4982533,4.178855,2.6614687,12.305506,0.8832498,0.07368818,0.0037315008,0.038326245,0.0010042555,0
17.998009,0.33425996,0.012370227,0.50956637,0.037863236,0.45206836,0.013881917,0.06989386,-0.6648396,4.2182517,4.819598,2.0,10.791371,0.40268165,0.23853625,0.23839165,0.11923359,0.0011568576,0
15.29224,0.28783628,0.0057347137,0.52092797,0.04214557,0.5004402,0.02279102,0.085749246,9.684188,8.607654,0.3464048,4.731302,10.421366,0.39916325,0.40259346,0.0064363247,0.15151839,0.040288586,0
17.387335,0.30354595,0.0056973333,0.5361351,0.023893926,0.47658637,0.035726517,0.071529485,-0.5628095,7.0588984,-2.5249448,3.454949,14.526801,0.46982893,0.35147855,0.076155365,0.019981151,0.08255598,0
13.658527,0.34475768,0.0077333776,0.5198854,0.024758171,0.44137186,0.030417236,0.046478946,-1.1169369,3.736151,-8.446609,3.1932364,14.065359,0.124510586,0.6131513,0.25930458,1.1700427e-05,0.0030218388,0
14.851323,0.32573783,0.0068312036,0.5212634,0.0276462,0.55208075,0.044162735,0.044111934,-1.6895725,4.9418464,-2.1199667,5.669305,15.244402,0.47715768,0.47262105,0.003262321,0.04693739,2.1559652e-05,0
14.653503,0.2817244,0.012265755,0.4606139,0.028564274,0.48387316,0.015886325,0.06599705,-3.8837569,4.9070787,-6.1600294,4.1489854,12.117783,0.33650184,0.21308629,0.0011005512,0.10166238,0.34764892,0
12.491829,0.3407658,0.011053929,0.49580094,0.019919751,0.4508714,0.053521648,0.056933925,2.7435894,6.3197536,3.5220876,2.133818,15.057992,0.33855113,0.38192824,0.02079206,0.019932216,0.23879635,0
16.986244,0.30912435,0.013297552,0.43971533,0.042659335,0.5269452,0.014620076,0.06886082,-2.744988,5.5920463,-9.424423,10.089534,9.751752,0.55393416,0.42225233,0.00075300183,0.012076407,0.010984114,0
16.950747,0.34822634,0.011189461,0.41986522,0.038833518,0.47814158,0.009708363,0.072034426,-2.2717927,3.7090223,-1.4620627,4.9259787,10.397445,0.48071355,0.33577594,0.1544187,0.0015209999,0.027570814,0
16.780664,0.3182433,0.010625949,0.5296257,0.026943222,0.532705,0.029410873,0.08183781,-2.1529663,3.2114818,-6.4969573,2.833674,14.585302,0.71634424,0.11952239,0.011198802,0.017487178,0.1354474,0
19.610897,0.32409415,0.013599189,0.46987504,0.036417108,0.47799817,0.01865541,0.03735753,-3.939774,7.098047,-3.0380607,3.660329,13.530265,0.6883914,0.24102156,0.00049520726,0.0541737,0.015918123,0
19.348034,0.34357908,0.011409182,0.53489995,0.03222899,0.48377308,0.029612442,0.06443238,-7.0043335,6.5724735,-0.33572724,4.653714,10.128649,0.61903274,0.3495468,0.000114118804,0.031304013,2.3228358e-06,0
13.875166,0.30205014,0.010204303,0.5443339,0.03719828,0.5103449,0.02926273,0.0527305,-1.8517594,6.2110753,1.0878748,4.649508,7.861225,0.80358636,0.015981935,0.05149998,0.12130338,0.007628339,0
16.119158,0.30014306,0.014441359,0.4752273,0.016556928,0.5177966,0.028042259,0.0580273,3.4933412,6.541464,-3.242761,7.6043286,10.388107,0.7958347,0.14408052,0.009767688,0.018968524,0.031348545,0
13.129198,0.31607002,0.010345543,0.52361244,0.028543388,0.52305454,0.02157589,0.07728818,0.7879192,4.7621617,0.0448662,4.8411403,8.9453945,0.68186593,0.29464963,0.02348237,2.070484e-06,7.879627e-16,0
15.0700655,0.33654347,0.009086979,0.47355372,0.029419614,0.49730778,0.03432656,0.07946252,6.242301,6.367985,-5.6498804,8.710417,16.17351,0.44043466,0.43553576,0.0064485585,0.117523134,5.788591e-05,0
13.200751,0.29338247,0.00748653,0.42616484,0.03623642,0.51585853,0.02682663,0.08796887,3.0038252,11.077011,-2.0178463,4.1351542,13.280122,0.47886238,0.51673853,4.5748893e-06,0.0015246862,0.0028698032,0
19.86021,0.2866393,0.012109077,0.5049324,0.023715625,0.52236885,0.04103665,0.06851181,2.0958593,8.349134,1.0088297,5.852872,8.702232,0.22568606,0.7511049,0.017874977,0.0028714293,0.0024626586,0
16.091095,0.33647442,0.013711152,0.48116505,0.005000693,0.5060171,0.028196277,0.057799663,7.5305963,5.423183,-1.6716021,7.0439606,7.865027,0.39458287,0.4734117,6.3663797e-06,0.018297097,0.11370195,0
14.345913,0.30794042,0.009848238,0.48239645,0.019183002,0.49572027,0.020353526,0.05494243,-0.38858238,4.9532566,-5.117375,7.3903046,8.66506,0.48285744,0.37910244,1.668874e-05,0.039996605,0.098026834,0
18.580856,0.3121555,0.0139237465,0.5790137,0.02938952,0.45664114,0.013122895,0.0253049,0.2523027,2.0,-4.1161695,7.6237445,9.323524,0.24942812,0.6802677,0.06854943,1.3221414e-07,0.0017546267,0
8.488153,0.2828638,0.004089955,0.4389657,0.030638842,0.5179752,0.028278906,0.086794704,-0.045857687,8.137388,1.0626242,4.4559765,10.499899,0.6780404,0.23443401,0.08752012,3.864679e-06,1.6190871e-06,0
8.957692,0.30642042,0.0098336395,0.5153148,0.046837483,0.5012652,0.017307954,0.05356203,6.175147,7.5732107,-7.367378,4.9890213,14.343639,0.5262079,0.15043736,0.30995208,0.007854409,0.005548195,0
17.387516,0.31984866,0.009879715,0.4602077,0.035827465,0.48759153,0.016500382,0.07011794,0.010061266,4.912344,-6.7772603,2.0,8.10045,0.6303586,0.33313864,0.0031886152,0.021090915,0.012223256,0
15.181405,0.33860755,0.007819016,0.53633046,0.030815303,0.538333,0.035274573,0.07357993,-2.5931096,3.1365845,-0.593645,4.60798,17.868612,0.14475287,0.5392749,0.016128073,0.052573644,0.24727054,0
15.751339,0.30457538,0.017151583,0.51193726,0.029676087,0.457165,0.0122233,0.03509369,2.350702,3.689465,-4.756574,7.1825085,8.170099,0.7248756,0.2524344,0.0002489095,0.022440493,5.5680687e-07,0
11.020812,0.35314754,0.009801422,0.5151738,0.041041832,0.5493211,0.044121932,0.04153307,-3.2650392,6.888796,-8.812233,6.793673,6.7728567,0.18634014,0.80023843,0.0007953056,0.012124609,0.0005014948,0
14.930299,0.30630887,0.008776807,0.46220443,0.024098895,0.4993318,0.031597164,0.0909404,2.133886,5.8213186,2.4032748,4.827026,16.064915,0.36068675,0.62020767,0.005141283,0.013191238,0.000773088,0
21.010529,0.30633816,0.010077886,0.46937647,0.028597163,0.50952554,0.029561574,0.06580871,1.6553637,7.383184,-7.3984013,8.398279,14.963767,0.8107835,0.17877513,3.0023166e-09,4.6741118e-11,0.010441354,0
17.472599,0.35074714,0.0039915587,0.53709,0.019107418,0.4881487,0.01965234,0.048388287,-0.7576107,6.1728864,-3.79772,4.2319894,10.452953,0.60159814,0.31658247,0.04459099,0.005269506,0.0319589,0
15.50912,0.3242292,0.0077203964,0.5708319,0.044189062,0.4499878,0.037643723,0.05747306,2.2632463,7.9335175,-5.4780827,3.5677204,12.143997,0.49162474,0.42149243,0.0004921394,0.004999116,0.08139157,0
13.682838,0.3089595,0.01294972,0.5192123,0.03392499,0.4958117,0.029970951,0.08172474,-5.95116,6.73915,-4.190734,4.0636764,12.2197075,0.40549415,0.14681755,0.37969288,0.04810471,0.019890701,0
13.816281,0.31689733,0.0081131635,0.46410316,0.022924768,0.51004237,0.023139033,0.07868629,0.6518485,7.657591,-6.538478,2.75507,11.410137,0.22772086,0.7022834,0.0006322447,0.00032023859,0.0690433,0
8.612407,0.34706149,0.0075133746,0.51355755,0.02885545,0.52028674,0.031998247,0.030678365,-1.8510616,2.0,-0.14288305,6.24479,7.1105614,0.12444883,0.6720675,0.13721804,0.04411724,0.02214839,0
15.772922,0.34932405,0.013928577,0.5970989,0.035096508,0.494059,0.013172145,0.09268568,10.0,3.531309,-2.556706,5.5769634,4.0,0.2969751,0.5934935,0.05409379,3.6192989e-09,0.05543761,0
17.53645,0.30366415,0.014020763,0.5040969,0.02749281,0.4342238,0.013646728,0.079322964,0.62330025,5.2712965,0.93461436,6.219959,8.465821,0.5277058,0.30763483,4.1825466e-08,0.09577189,0.06888746,0
10.273142,0.3191513,0.011550971,0.55847365,0.024655294,0.45375016,0.018798139,0.056950495,-2.3855681,8.159138,-5.4366727,4.1712575,16.448463,0.6096464,0.37727657,0.00050921994,0.012567661,1.9946117e-07,0
13.015749,0.32180312,0.008634648,0.47038683,0.023457263,0.5615606,0.033495273,0.03616555,-5.513207,9.76106,5.532087,4.883854,16.56624,0.3480492,0.34981605,9.2537e-07,0.03293807,0.26919574,0
11.527606,0.3002752,0.009281587,0.49831656,0.03338962,0.4672239,0.029967416,0.081080176,5.221625,5.6715283,-10.0,2.0,10.214489,0.116479576,0.63211465,0.25083566,0.0005516789,1.8452152e-05,0
12.103947,0.3188863,0.00758755,0.5247826,0.026419457,0.5428115,0.040489793,0.06952855,-1.4001309,4.7768397,-9.34054,5.752451,8.126107,0.54014313,0.40668353,0.05270695,0.00039936113,6.6995504e-05,0
15.160445,0.32010645,0.0070156804,0.51589316,0.025462423,0.4719774,0.0208001,0.030844033,-3.1654084,2.0900629,4.0123396,5.197683,11.834364,0.92795837,0.04913807,0.015381185,0.0059021385,0.0016202372,0
8.746794,0.3428042,0.0068667503,0.46934447,0.016639382,0.49452633,0.03574668,0.05535844,1.3451968,7.7271276,-1.1038333,2.7989447,12.316943,0.45758528,0.5348316,0.0064774784,7.668144e-09,0.001105666,0
16.842812,0.3441485,0.008145837,0.4676193,0.030776406,0.5187563,0.028861294,0.12,2.5988753,4.8996186,-1.6344557,4.7906847,12.802158,0.7578432,0.057543084,0.00038527654,0.011608606,0.17261983,0
17.261566,0.31341583,0.006895837,0.53953135,0.028187765,0.47539416,0.020569548,0.060330033,2.5358117,11.916669,-1.2748988,4.4843016,4.0,0.7183706,0.25953767,1.4303227e-07,0.008761894,0.013329647,0
14.246693,0.31572095,0.0053088847,0.547662,0.026783517,0.54776645,0.033853076,0.045160588,0.079001695,4.521192,-0.7151709,8.528624,20.0,0.21281084,0.5724763,0.0001465788,0.21217796,0.0023883143,0
8.0,0.33328584,0.010658208,0.5604857,0.031987708,0.50227183,0.029339882,0.039830066,0.63676053,10.21055,-1.8009291,2.877746,14.397424,0.21505226,0.4472656,0.00077351177,0.2761468,0.060761865,0
12.010744,0.30829623,0.010703787,0.5721572,0.037480023,0.51382554,0.023708807,0.09544198,0.9281483,7.4967346,-6.863618,5.6628523,10.406409,0.69098777,0.23879403,0.0022939132,0.046867944,0.02105635,0
18.698706,0.3317728,0.015102378,0.5053848,0.037015654,0.4919718,0.03041999,0.07695519,1.3455851,3.9434712,0.2727636,2.8184633,8.844567,0.7045937,0.093721956,0.06856844,0.13304679,6.911938e-05,0
8.0,0.31824186,0.007994985,0.48755202,0.035527285,0.5197616,0.028704695,0.08814878,1.6995407,6.4642878,-0.35728717,3.884253,13.961917,0.6156716,0.045101453,0.33606723,0.0028778245,0.00028191393,0
13.95743,0.30061203,0.010888302,0.55403966,0.027593298,0.54736376,0.02846312,0.064963706,4.377811,7.542761,2.7137246,5.553638,12.486184,0.7002715,0.15484172,0.015514585,0.004763754,0.124608435,0
11.459998,0.30086327,0.010938138,0.5285228,0.024330016,0.4960614,0.025874069,0.085080385,0.22565944,5.5494957,4.0569644,4.577274,11.276443,0.28831923,0.61897945,0.05221811,0.0403606,0.00012261949,0
17.413712,0.34894118,0.009238487,0.4607018,0.019560844,0.5518914,0.016950514,0.043033592,-3.267213,7.6759653,-1.6780957,4.9880185,12.375004,0.27617747,0.65353155,0.05677085,0.012021458,0.00149865,0
12.974658,0.31687158,0.012233001,0.45865458,0.024068436,0.48165214,0.030747654,0.06325182,-0.5771668,7.631914,-7.9101963,5.6654444,10.661841,0.39703074,0.42092434,0.1419187,0.03976335,0.0003628692,0
16.211863,0.35280707,0.012325687,0.5196772,0.030196501,0.5229229,0.021972856,0.06574107,3.0151234,7.192677,4.0900917,4.012621,12.205586,0.6239859,0.34468082,9.466052e-05,0.0019526121,0.029286025,0
16.69638,0.30972728,0.010982233,0.492909,0.022137139,0.5146734,0.01979671,0.087648936,-7.146112,5.9670534,-7.0726,6.768293,13.179089,0.14238186,0.644428,0.011840615,0.0027525001,0.19859701,0
20.508678,0.3258241,0.009233081,0.4989428,0.030960571,0.46794254,0.027593002,0.06637686,-7.1230087,3.6501198,-1.6481432,4.3890405,12.029951,0.17414932,0.6656814,0.080598295,0.079568416,2.5466006e-06,0
14.391174,0.36785352,0.00892741,0.54290134,0.020345433,0.5064143,0.037340265,0.047489766,3.6731045,5.8464293,-4.0269356,4.804889,11.872766,0.23453844,0.76232463,0.0010026797,0.0013108584,0.0008234035,0
16.128134,0.29885226,0.0058967383,0.5303615,0.013390081,0.50022095,0.031856135,0.061281476,6.080491,6.3521295,-4.7225013,5.7226224,15.17858,0.12996966,0.5800929,0.2851303,3.692901e-06,0.0048034764,0
10.544833,0.2820437,0.007582247,0.55319494,0.03819406,0.47440425,0.024688577,0.026471736,-5.0608,2.2478983,0.057200488,5.4540005,6.2086787,0.48494616,0.5100109,7.263926e-07,0.0003830988,0.004659103,0
18.571241,0.3457318,0.008133978,0.42273855,0.025255853,0.5107401,0.02428654,0.013580625,0.40183708,6.3384705,-2.0221615,6.288456,8.606353,0.85591173,0.1296489,4.6549758e-07,0.00071486214,0.013724059,0
12.718473,0.30346382,0.006628085,0.5101359,0.021629663,0.5043887,0.036358133,0.07662683,-1.5981804,5.8063974,-0.94703406,5.633929,11.079682,0.40396586,0.5679237,0.022196792,0.0057960995,0.0001174987,0
13.317738,0.31958586,0.011319772,0.52778757,0.019061528,0.4978224,0.0060326424,0.05250512,-1.0433204,3.4067478,-6.2627454,5.938061,8.810397,0.25330827,0.21845275,0.22377324,0.2986575,0.005808205,0
14.933256,0.30828163,0.013589883,0.43893656,0.03423036,0.4979427,0.03797365,0.054771654,1.222124,5.333987,-3.6962998,4.349255,9.811902,0.73967284,0.13418919,0.00011129297,0.0862329,0.039793752,0
10.311347,0.32536325,0.007275813,0.47380418,0.043749075,0.4972997,0.011259843,0.07661893,-5.171481,5.3763075,-6.07814,2.8624578,14.863225,0.3823446,0.2022611,0.15843397,0.0007601653,0.25620016,0
15.68631,0.30098927,0.010850324,0.4663806,0.025969261,0.488969,0.01584592,0.08794021,-4.42887,9.860189,-3.7962863,2.1447222,10.553087,0.20656863,0.24872412,0.38268465,0.15704939,0.0049732216,0
17.9024,0.31640118,0.0068976665,0.5008679,0.027844366,0.50419503,0.024857342,0.07068976,-1.2050047,6.4402366,-3.4750488,2.0,5.512367,0.8232688,0.105166845,1.4926071e-05,0.0477768,0.02377265,0
15.878801,0.3289963,0.009085233,0.56511414,0.040716317,0.48068258,0.05170124,0.09856146,-0.5815024,8.07209,4.377217,8.525454,9.729975,0.69361305,0.28027496,0.024042675,0.0010145442,0.0010547489,0
10.233307,0.29983383,0.007929011,0.5809036,0.011895543,0.5797043,0.046774194,0.070053786,-4.5038204,5.7643695,-4.0375543,2.0,11.174339,0.08765016,0.55767566,0.028310273,6.0446023e-06,0.32635787,0
14.628572,0.30599833,0.011805687,0.4674285,0.049668685,0.45772,0.037064876,0.06604427,3.1585908,2.252167,-10.0,7.387447,11.119068,0.51712674,0.35160738,0.049218066,0.0047281715,0.07731966,0
17.226088,0.31305236,0.007963635,0.5210623,0.054441,0.4824579,0.033565424,0.06480778,-1.6702439,7.3446836,2.5803661,3.358262,12.668113,0.957678,0.037701778,0.0006589462,0.0003870753,0.0035741844,0
9.366034,0.29142368,0.013034982,0.5223519,0.0029366247,0.48482773,0.01137723,0.03429009,-1.6872704,4.6836267,-1.2029625,7.372882,12.423165,0.7038822,0.06940975,0.024303986,0.0005304665,0.20187357,0
11.7757015,0.31154877,0.0092628375,0.515505,0.029024968,0.5612148,0.03156758,0.07911997,1.1306351,5.3287997,-3.5240417,2.0,10.583522,0.31030753,0.61029327,0.02173843,0.005674235,0.051986504,0
17.629631,0.32237592,0.008051189,0.5159592,0.02281053,0.46039596,0.024507785,0.01109068,-0.5156331,3.8940575,-4.7488613,4.5298123,7.420881,0.5060118,0.18178077,0.00018938618,0.00019978882,0.31181824,0
9.32635,0.29984805,0.012346517,0.4967872,0.090578064,0.4771356,0.07398862,0.10761999,7.126285,13.999642,-9.826984,19.21842,31.895819,0.46364573,0.0025743574,0.049804475,0.4839481,2.7318358e-05,1
9.00122,0.31541073,0.024971373,0.51806116,0.084069185,0.4028947,0.04996228,0.18635985,-1.0537304,19.069883,-12.791777,13.866979,29.808472,0.24353483,0.53918606,0.20970374,0.0045975344,0.0029778194,1
7.9257755,0.2375689,0.01375406,0.44275194,0.03262644,0.47872883,0.07144349,0.04,-2.416246,16.827438,-6.9753346,8.739928,27.078651,0.18575588,0.12966985,0.4200718,0.023335293,0.24116717,1
7.9903274,0.2720456,0.015805077,0.41395122,0.057750676,0.55817664,0.04410629,0.07966111,5.674432,21.93036,0.083118975,17.411413,22.756731,0.34767404,0.3478732,2.8458777e-05,0.03363965,0.27078462,1
9.938021,0.2227658,0.022592979,0.44032398,0.06267863,0.47950622,0.047191583,0.09701118,9.506625,15.2117,-6.729552,7.549677,15.143936,0.053014874,0.056175157,0.38906822,0.5016012,0.00014052489,1
15.4979105,0.24069649,0.016273066,0.38413325,0.04339467,0.3046087,0.088160194,0.12964188,13.796135,11.84281,-0.83544403,8.354986,15.484714,0.46168786,0.23785786,0.23453218,0.0017726879,0.0641494,1
9.128659,0.27779487,0.011256743,0.40758345,0.08994314,0.406724,0.07533745,0.11196372,-12.908134,21.432055,-4.41397,8.115051,35.192142,0.4789517,0.13825116,0.08269426,0.06752805,0.23257484,1
16.21232,0.2544391,0.018650789,0.4185687,0.09877859,0.5206762,0.053870227,0.121958114,-2.0064578,14.443526,3.4699097,14.107391,37.89607,0.356659,0.12660585,0.09932449,0.27135012,0.14606056,1
17.469872,0.21251419,0.012857621,0.38519332,0.06978876,0.44226205,0.043388978,0.14940223,-21.93532,12.056243,-2.2854438,9.720106,26.907045,0.5787371,0.044667114,0.2488153,0.021315213,0.1064653,1
13.140386,0.32156596,0.016445626,0.542302,0.07597186,0.5348691,0.0789783,0.18828277,-13.675009,20.464077,4.713854,16.029305,13.584161,0.044689223,0.36404583,0.31862935,0.26887017,0.0037654303,1
16.916523,0.2685256,0.017560784,0.42796028,0.06977435,0.39549533,0.07752921,0.16209723,-7.041188,23.246239,-12.003146,11.736013,20.594069,0.20835224,0.1658396,0.36339843,0.21823172,0.04417801,1
6.554959,0.23686783,0.012528474,0.350946,0.07198307,0.5067203,0.07278395,0.13224614,8.65012,16.91623,-7.424192,13.635902,20.246744,0.5176479,0.17286928,0.21365592,0.06521917,0.030607698,1
9.767254,0.27384102,0.015931858,0.46789977,0.09235364,0.510236,0.05644343,0.12679434,-4.808931,10.978579,-6.010742,3.0,22.109547,0.19652933,0.5348059,0.26547065,0.0030390266,0.00015506452,1
12.757667,0.26757398,0.023000231,0.4109422,0.03469003,0.53529304,0.038108177,0.17405646,-2.889648,23.673912,-11.977163,3.203422,19.807106,0.69270027,0.23374599,0.0038443469,0.06876866,0.0009407455,1
12.892936,0.28265476,0.011867327,0.61672664,0.07972207,0.43413532,0.059703283,0.2053694,3.0003068,17.883602,-13.049713,3.335062,29.644165,0.31030622,0.24237822,0.34163716,0.014861107,0.09081727,1
17.71693,0.25980437,0.021584462,0.5106332,0.07023707,0.53458554,0.088152,0.15553172,-6.705612,17.098686,-3.3252335,8.28756,27.731754,0.17865707,0.33175287,0.22602563,0.18803486,0.075529575,1
8.004619,0.27942777,0.012047516,0.38236162,0.055730566,0.5854591,0.041819222,0.11039582,-19.946758,13.98014,-1.3432584,3.8446095,37.06044,0.2915479,0.01982278,0.12476394,0.007663946,0.55620146,1
9.852178,0.2983091,0.024010343,0.54549575,0.05993295,0.3209114,0.06094907,0.14036913,-7.4592648,21.649134,-5.2115498,14.961277,23.275927,0.13157642,0.06937578,0.72066736,0.05517325,0.023207182,1
11.660068,0.23045447,0.01072257,0.506798,0.10664741,0.4836192,0.092715845,0.15321249,-1.2072328,10.457671,1.4131528,9.20324,27.401276,0.3082914,0.20348057,0.0778837,0.016560668,0.39378363,1
9.925523,0.24920239,0.013030722,0.48091128,0.043449983,0.3535555,0.05391534,0.107794166,4.684628,9.981363,-13.723217,12.461367,31.187897,0.51394874,0.032061137,0.095219195,0.17263716,0.18613376,1
7.829495,0.29517785,0.022541279,0.6259695,0.06662886,0.41978627,0.057450358,0.16463017,-2.0638897,25.472536,-8.737426,8.030914,33.151703,0.35287407,0.22563699,0.2526287,0.16456924,0.0042909724,1
10.093799,0.25345844,0.022761164,0.42195833,0.102589734,0.4254998,0.03299195,0.14056166,4.518336,11.687882,-14.258991,13.299206,17.355663,0.5877393,0.3682691,0.026587108,0.013823149,0.0035813437,1
11.017894,0.2675498,0.019092133,0.5828117,0.044597406,0.4753484,0.07246401,0.17658633,9.247061,20.798414,-5.024298,3.0,28.833908,0.555766,0.2627936,0.015189601,0.11647046,0.049780317,1
17.790178,0.25588822,0.009590752,0.46723825,0.060876694,0.5064279,0.04518804,0.09093033,11.205625,22.892181,-2.5849273,9.804438,27.026608,0.74362946,0.2084881,0.035289794,0.0093836505,0.003208991,1
7.919072,0.25775924,0.015412047,0.4985315,0.070846185,0.54334885,0.02890793,0.060340896,1.723094,17.05082,3.3928905,12.00288,28.119576,0.42548084,0.18969342,0.04161708,0.3285041,0.014704572,1
15.260738,0.25521195,0.015006243,0.44001392,0.0782532,0.49848148,0.04092883,0.11428984,-11.3716,11.594911,-14.240799,12.34001,26.417456,0.19736898,0.10949935,0.37548232,0.24752726,0.07012209,1
17.088541,0.23223937,0.010720935,0.44511402,0.06839375,0.5271539,0.06416892,0.13094948,-12.4501505,19.14889,-3.393046,8.72928,37.9901,0.47218212,0.047862913,0.111391455,0.237929,0.13063449,1
9.949621,0.2837759,0.018484186,0.46511683,0.05209273,0.40450507,0.028397897,0.05796389,-11.518682,22.958874,4.0527887,3.1560066,19.76413,0.09938091,0.40037778,0.27828434,0.0138933025,0.20806365,1
13.039573,0.3018691,0.0111165345,0.34793884,0.07894805,0.5539661,0.032283694,0.10566167,-10.748864,17.712421,-13.011824,14.045178,19.349976,0.32003802,0.17205715,0.37003163,0.039640542,0.09823266,1
14.303745,0.26470527,0.008547053,0.52773196,0.06798794,0.28,0.071185686,0.18134221,0.99405813,12.267732,-14.653729,8.430906,20.25319,0.3720487,0.10790503,0.024240704,0.24190839,0.2538972,1
13.644018,0.29848388,0.0068956623,0.5091915,0.08255512,0.58686846,0.058552314,0.15133134,18.874426,17.530338,-16.321268,8.778462,23.96861,0.5213603,0.07034885,0.14839873,0.16929542,0.09059671,1
12.328573,0.25526753,0.023561476,0.38018346,0.08847388,0.574304,0.04172021,0.1355291,2.119053,9.076871,-1.6286582,18.876837,28.053219,0.17856044,0.27080947,0.140204,0.26298976,0.14743634,1
9.284697,0.25349653,0.0124475835,0.55279624,0.04027521,0.5325038,0.053574655,0.08776862,-0.839948,11.131675,-11.078342,10.386403,22.807005,0.20436506,0.54153126,0.24405879,0.006864156,0.0031807006,1
14.649826,0.28232092,0.012552474,0.6165651,0.0906626,0.63602763,0.09476341,0.18001127,9.618906,14.706792,-2.6536255,7.924352,33.044186,0.6188669,0.14742425,0.042128608,0.18728614,0.0042940695,1
10.502169,0.28282124,0.009846651,0.4468385,0.06490742,0.3537327,0.085634634,0.11330617,-8.285637,16.307617,-7.5130816,7.684733,25.975487,0.13448507,0.0719476,0.17414814,0.35591087,0.26350835,1
12.114604,0.26661724,0.021839624,0.4372184,0.08650421,0.5345599,0.05785133,0.13379978,10.42035,9.989843,6.606321,12.580684,25.325367,0.22072507,0.5709583,0.1312394,0.069674015,0.007403173,1
12.703273,0.29029766,0.0080987485,0.589073,0.07987745,0.48945743,0.07632364,0.14629607,9.679146,17.24868,-0.48497128,6.716504,16.688307,0.13531314,0.2741837,0.072521016,0.49299288,0.024989277,1
15.423957,0.2313907,0.008979331,0.5322601,0.107081644,0.497086,0.062420063,0.13685004,0.58997077,18.608292,-11.626665,12.046822,38.74763,0.28959468,0.40061206,0.18784529,0.11653441,0.0054135784,1
19.711765,0.26088083,0.01339086,0.48912612,0.07012508,0.3985501,0.024516115,0.18967113,20.937458,14.926378,-8.114638,14.405372,25.66784,0.18849087,0.031063227,0.44349593,0.3359052,0.0010447783,1
9.04886,0.29894453,0.014892166,0.565165,0.06193369,0.50763655,0.02093688,0.15300456,11.152312,5.2090015,-0.48492151,9.646817,37.459736,0.11229393,0.4281771,0.36459175,0.08976106,0.005176164,1
12.210299,0.2988638,0.018293176,0.52192885,0.059740677,0.5043476,0.041813344,0.14353369,0.45389846,16.522276,-13.480471,13.951309,21.64415,0.23799436,0.32089528,0.18336025,0.004460698,0.2532894,1
6.062332,0.29508078,0.011622024,0.61428005,0.04925812,0.43172833,0.028484937,0.12654282,-1.4365295,25.0743,2.2751625,9.7246275,31.814363,0.4656468,0.15765595,0.22672957,0.08900703,0.06096064,1
17.925768,0.30062217,0.022721669,0.49865964,0.08616204,0.47519147,0.065431334,0.14727624,-4.319112,18.288616,-7.7515397,7.2501807,22.06164,0.3860049,0.12750758,0.10123895,0.2216063,0.16364227,1
12.175398,0.25882378,0.011656062,0.53411776,0.04797161,0.38798472,0.04900121,0.12160015,-1.307398,16.07812,-0.33763078,3.3416924,38.733295,0.29238412,0.5457419,0.018327333,0.08449965,0.05904698,1
10.80129,0.21884406,0.009957096,0.5878449,0.08598656,0.4523221,0.06850658,0.13757516,-1.017983,14.137751,-7.372815,11.100441,33.8454,0.53805345,0.14096713,0.06339888,0.08020733,0.1773732,1
12.208904,0.26223642,0.009481124,0.30417368,0.065530054,0.54725724,0.06881392,0.11633143,-3.1949027,18.88559,-9.666902,11.184339,31.946766,0.66566515,0.08055866,0.23548554,0.0022866363,0.016004002,1
12.411054,0.28907987,0.011130543,0.59073985,0.034735493,0.54865646,0.07380055,0.110022664,-2.1396978,17.042212,-10.812395,13.925268,20.92699,0.6701344,0.12917928,0.0013705482,0.17691109,0.022404678,1
9.072642,0.2939831,0.009157288,0.45959154,0.09976543,0.5338091,0.04138758,0.09335763,-11.924929,19.53656,6.126633,13.539828,39.346622,0.14208445,0.49440694,0.06426198,0.015086372,0.28416026,1
16.75188,0.25421184,0.018754523,0.5399958,0.002483613,0.5472271,0.07031343,0.119152345,-5.681382,10.518325,-8.065826,18.269463,40.265835,0.19892725,0.290602,0.29975933,0.11063687,0.10007456,1
14.5789585,0.24095953,0.009995791,0.63313013,0.06836482,0.54814255,0.040890753,0.11652821,-15.97259,16.606678,14.0,7.6758757,23.3425,0.46585354,0.38785154,0.07653403,0.0597394,0.010021492,1
15.136682,0.24394472,0.014335856,0.4755281,0.07467917,0.43495172,0.0742268,0.20317504,4.144325,13.694021,-4.937161,11.423632,27.13164,0.35640454,0.31642014,0.06720468,0.21273994,0.04723072,1
9.279962,0.25368994,0.009852253,0.46355855,0.02387904,0.50376827,0.08445308,0.16968422,0.80058765,17.857973,-11.955527,7.249556,32.487682,0.062386505,0.40639302,0.24392144,0.26656866,0.02073039,1
9.063545,0.21308582,0.009127694,0.49562055,0.07882507,0.55607456,0.07446307,0.12463897,-1.2258638,6.2721324,-17.096872,13.720259,12.194746,0.66912675,0.21158178,0.11659805,8.461039e-05,0.0026088115,1
11.545797,0.25418562,0.020532683,0.38381678,0.05660424,0.38343063,0.05645845,0.11306754,8.862335,14.036345,2.629482,6.292374,34.02109,0.6418965,0.119645596,0.032884706,0.17213058,0.033442646,1
15.199832,0.2714363,0.023013879,0.6759299,0.06502963,0.38302764,0.07133537,0.1546022,-8.635436,18.712254,-7.356115,13.654831,33.165718,0.044981502,0.38578436,0.47259465,0.0039288625,0.092710614,1
14.0067835,0.26706347,0.021345006,0.49659866,0.096860215,0.37915456,0.029334601,0.20769118,-7.1082926,19.518625,-0.24121305,7.0538487,22.057991,0.6558532,0.18346936,0.1013002,0.03418942,0.025187789,1
8.889261,0.26009187,0.0076433206,0.6316472,0.0728544,0.35501218,0.024825888,0.1618624,-14.812125,15.847552,10.255932,13.066049,10.653798,0.6334052,0.21630633,0.066351414,0.0062891985,0.07764786,1
14.671044,0.2493222,0.008337064,0.4733434,0.062988736,0.40644357,0.06933592,0.06119785,10.230191,5.1979613,-1.3181484,14.825862,28.332277,0.42055416,0.12282767,0.009633306,0.4095461,0.03743876,1
8.111516,0.25281578,0.024891896,0.5027205,0.06659081,0.4432172,0.08615469,0.16452658,6.055326,19.206701,-3.6389072,3.7836082,18.064365,0.36033383,0.117288336,0.35819668,0.08131783,0.08286332,1
9.353523,0.25334626,0.013728336,0.57554114,0.10552207,0.5858614,0.035371024,0.17161278,13.295865,23.920704,2.58414,4.611226,14.88257,0.5867832,0.10940608,0.12951237,0.090319686,0.08397868,1
12.630894,0.2911644,0.008126023,0.41182283,0.07809226,0.4493768,0.06030369,0.21796955,15.825705,11.806082,-0.3711914,10.939632,28.594961,0.5410723,0.21184793,0.24705227,1.9261526e-08,2.7501133e-05,1
7.314107,0.26997215,0.020411186,0.491796,0.052324746,0.37385407,0.06877727,0.12006614,-4.24364,13.870633,-14.839199,10.513821,35.225693,0.3078035,0.046424903,0.18471068,0.17521484,0.28584605,1
8.145885,0.36,0.015336925,0.5725442,0.060233656,0.49163318,0.047708962,0.13554275,-7.111483,20.032703,3.3285599,8.831343,24.467478,0.39240578,0.47851276,0.061240707,0.00062942726,0.067211315,1
18.208487,0.26002988,0.017847486,0.48295727,0.04619857,0.46677253,0.053212345,0.14800961,-17.95466,20.166237,-6.321699,8.094956,34.295975,0.21566439,0.5666895,0.20010746,0.008298081,0.009240571,1
17.465063,0.2831362,0.0038105482,0.46135408,0.0609658,0.42525077,0.072264865,0.099440895,-10.97987,21.485174,4.7894936,6.579207,30.648943,0.16111392,0.5560938,0.10718984,0.011118884,0.16448358,1
21.158863,0.26069897,0.013368625,0.58921826,0.10215787,0.43880057,0.06216373,0.095817,-3.24906,21.07317,-2.4506767,11.324272,16.38767,0.426934,0.38906202,0.103243396,0.0024127048,0.07834789,1
13.802292,0.25996995,0.019744016,0.6120892,0.06667332,0.5546962,0.062251143,0.14597431,-20.609474,8.338943,2.340854,6.1423087,22.121143,0.6778755,0.23754852,0.05376915,0.010650677,0.020156132,1
14.579058,0.31687114,0.01179819,0.62481064,0.043259744,0.38130808,0.040354032,0.06827884,-10.773315,13.603088,-7.5722933,11.464398,33.55488,0.471999,0.110627845,0.009143148,0.008170142,0.40005988,1
11.38017,0.29992646,0.021175003,0.4460007,0.07861855,0.36339614,0.059377015,0.07731906,-0.8283477,19.13219,-16.621145,7.702481,22.06416,0.56146413,0.13869932,0.12206737,0.1614078,0.016361367,1
10.59823,0.2173593,0.008416224,0.4536547,0.06214844,0.5126785,0.05204173,0.16262709,8.934374,15.569164,-2.0540097,8.309256,31.733747,0.8756512,0.022451682,0.00833396,0.008455553,0.08510764,1
15.487662,0.23932423,0.014437099,0.4622736,0.081228204,0.43702206,0.05311236,0.14991356,-7.170795,17.829458,0.83796334,14.863114,23.128956,0.49429548,0.21626739,0.035120454,0.24066351,0.01365317,1
17.447908,0.26591274,0.023224607,0.55748165,0.06515203,0.58865464,0.049171917,0.17998965,1.2797976,15.347885,-9.898525,13.817934,31.048786,0.05070276,0.33756936,0.45716026,0.121200375,0.033367235,1
15.146614,0.25448662,0.009245705,0.40425617,0.09890541,0.46919876,0.059454396,0.14852932,18.63758,13.820769,-7.423137,6.0124025,29.00373,0.4968076,0.24117142,0.124457,0.029522907,0.10804107,1
8.640745,0.22475019,0.016357386,0.4087731,0.05178708,0.4729739,0.042634442,0.1304169,-18.060436,14.790635,-18.0,6.508319,24.261955,0.17967442,0.33830988,0.07752455,0.3679243,0.036566842,1
13.566496,0.27347416,0.017925499,0.44285294,0.046696756,0.5350586,0.060241796,0.18156277,10.8587265,10.390869,-7.0870805,13.111331,30.851385,0.48026258,0.009387025,0.09487669,0.3085826,0.10689112,1
8.919397,0.21365625,0.015457019,0.4249422,0.08875201,0.36294878,0.05269937,0.11308518,3.8077269,12.382689,-14.753165,4.2645745,10.880885,0.80930436,0.06017194,0.022882946,0.0005080115,0.10713273,1
10.702001,0.27380258,0.01374976,0.5707488,0.029928885,0.503631,0.041358124,0.11666647,12.665313,15.665318,-2.379436,15.81599,18.400305,0.3436118,0.03077319,0.3364415,0.026031582,0.26314196,1
18.544907,0.2918993,0.010618408,0.56535774,0.06656134,0.45440674,0.021028178,0.12741928,9.668924,15.756251,-3.6555412,10.540611,22.754602,0.039076388,0.28155667,0.079939954,0.5626507,0.036776327,1
7.2016764,0.29618207,0.015982732,0.4614655,0.08601228,0.5518765,0.07894932,0.14801861,-6.632024,18.837805,-5.8935976,7.6871386,34.208916,0.7600302,0.03821149,0.0822454,0.018370206,0.1011427,1
20.674786,0.26567057,0.014486716,0.48449066,0.026112074,0.43472558,0.0749262,0.1273351,0.018016402,14.574156,3.2585456,10.041982,15.876781,0.47057027,0.087386645,0.08609064,0.20592678,0.15002568,1
14.198137,0.3153245,0.007818526,0.29682136,0.07129286,0.49237755,0.04390292,0.070598096,-14.605434,24.378857,-4.3132467,15.444338,25.757177,0.31495416,0.20304768,0.2869471,0.13437648,0.06067459,1
10.135549,0.27994877,0.020499237,0.4634058,0.040081028,0.45487252,0.07363336,0.11933632,-5.2293634,22.149626,-4.645821,3.0,28.222027,0.78981394,0.09272305,0.023619903,0.09286246,0.0009806332,1
12.272864,0.29537475,0.010449747,0.5995163,0.033103112,0.50890297,0.039504252,0.12873772,0.2924804,13.488181,-3.7486467,14.10522,27.732798,0.2363722,0.6238026,0.08475544,0.051732257,0.003337508,1
9.260142,0.2479121,0.007948422,0.4590544,0.048681177,0.46241978,0.05385742,0.13459282,3.0358698,16.989058,-10.079675,14.778189,25.309889,0.10351251,0.20406091,0.04267171,0.08412846,0.5656264,1
9.812344,0.31564903,0.012021591,0.41259918,0.066332154,0.49836174,0.049394403,0.11202398,7.8943596,22.064209,0.9396857,8.7163925,21.655912,0.44905406,0.10710216,0.19259743,0.2088598,0.04238653,1
12.293183,0.26991126,0.010536402,0.610098,0.055882487,0.6027267,0.05444818,0.15022464,15.829269,12.796476,-12.414543,9.713669,24.273306,0.30028906,0.66682106,0.017830696,0.014963746,9.543776e-05,1
10.684316,0.31730312,0.013708795,0.41084158,0.09214134,0.45998093,0.0729236,0.06557897,-4.355454,12.261305,-3.040722,10.545792,32.823357,0.21725026,0.35535482,0.3309511,0.05165778,0.044786043,1
8.268129,0.3107446,0.008787745,0.6236848,0.071647726,0.5081925,0.051962517,0.14663038,11.447683,22.496754,2.5307755,12.934126,21.181873,0.69361764,0.14937522,0.09660046,0.0025950822,0.05781158,1
11.114358,0.27772915,0.017239857,0.731033,0.06022088,0.64005274,0.05320721,0.2017144,2.6730266,19.456896,-13.185318,7.0810747,10.884613,0.51408345,0.29473272,0.07114578,0.12002161,1.6476866e-05,1
6.741541,0.2821706,0.021905255,0.49124983,0.043801922,0.5072898,0.074864544,0.10572768,-13.074172,21.369024,-15.396703,9.941951,29.263218,0.002693514,0.3580939,0.3374838,0.20432581,0.09740298,1
6.912741,0.26460192,0.015529324,0.59950227,0.07448218,0.30960757,0.06123416,0.13230442,-1.5040344,17.577158,-13.308897,9.600465,36.470886,0.29614776,0.39891678,0.10638911,0.18554187,0.013004475,1
6.8717847,0.24542451,0.007778572,0.3664853,0.11117798,0.4333616,0.04816424,0.12011899,1.1588004,14.725553,6.719391,12.715382,18.641481,0.14469516,0.12587139,0.010091626,0.060038373,0.6593034,1
18.685299,0.28785595,0.010433902,0.3629647,0.05594167,0.39573756,0.06481283,0.120793186,-8.366973,9.290564,-10.26515,20.701685,35.525257,0.24252187,0.07480367,0.54356784,0.13217467,0.006931963,1
13.622496,0.28632125,0.0161064,0.4362618,0.058288965,0.5445374,0.07985324,0.08886125,-10.405658,16.68427,-14.403208,7.0645013,29.64467,0.63485575,0.09625156,0.09005032,0.088175915,0.09066646,1
14.383429,0.22143982,0.0051652314,0.5657936,0.04878571,0.47343263,0.08111833,0.20966235,-10.741581,22.160467,-3.4355118,10.315344,17.905443,0.5403445,0.18257481,0.24397649,0.029482493,0.0036217356,1
12.045044,0.2675166,0.00883609,0.50013953,0.093683586,0.5544463,0.03350743,0.14543141,-5.4354906,22.219017,-18.0,6.9567804,21.07389,0.4999758,0.16398165,0.12480079,0.003563999,0.20767775,1
14.025128,0.29604045,0.006762481,0.48508787,0.088540114,0.52280897,0.03450912,0.10316814,-8.646299,21.35378,-12.682134,8.044662,20.767244,0.38870385,0.2412949,0.11222928,0.06580615,0.19196582,1
16.703384,0.31397212,0.015577146,0.39673313,0.06107458,0.52250683,0.079981685,0.09861414,12.304078,19.936113,3.8985245,5.696171,27.183212,0.59312993,0.046267215,0.29935706,0.05528322,0.005962586,1
13.631278,0.2917595,0.025810895,0.48981202,0.058019117,0.3943685,0.05424961,0.13246004,-22.0,27.055346,-12.687574,3.878077,24.731024,0.34359026,0.16725206,0.23832004,0.2501953,0.0006423382,1
18.56132,0.224482,0.00869506,0.44851106,0.051122937,0.51534265,0.015999882,0.043293074,1.112714,8.241388,-7.8255367,14.731414,33.738976,0.43718868,0.07804501,0.45794496,0.004036147,0.022785198,1
11.851258,0.23836666,0.019081648,0.42620033,0.06421377,0.5756613,0.045401968,0.17211288,5.283144,17.154716,-3.941171,11.42431,31.945604,0.22752263,0.28928185,0.058023844,0.23291034,0.19226134,1
14.39565,0.2596201,0.012180618,0.41941106,0.09039758,0.37870324,0.05121916,0.109445974,-9.62825,11.316168,-3.9372911,10.371506,15.182972,0.47591737,0.43150643,0.03261183,0.052389868,0.0075744838,1
14.816052,0.31196436,0.008399135,0.5153551,0.0708305,0.45779997,0.05374861,0.14555174,-2.3191376,23.762201,-9.727646,6.5041833,16.067278,0.7949111,0.021722678,0.15131924,0.00049561233,0.0315514,1
8.271819,0.25178772,0.022820644,0.4423738,0.09575295,0.5048093,0.07529857,0.14742391,-3.421023,13.236856,-2.1753151,9.70014,30.299942,0.4399851,0.1355969,0.22118597,0.20230305,0.0009289933,1
12.170964,0.301758,0.025799222,0.4994786,0.055596776,0.4868611,0.041416645,0.16861197,-0.7737799,21.042511,4.1235695,5.374571,22.391968,0.061763998,0.17868224,0.595334,0.09639762,0.067822136,1
5.0,0.25130603,0.017059313,0.3584789,0.023745658,0.5805611,0.078710645,0.14970502,6.629343,13.753307,-13.431521,9.890968,24.77587,0.24905603,0.37519166,0.23033845,0.14493115,0.00048272123,1
11.480501,0.28597853,0.016812554,0.5402511,0.12210671,0.53099555,0.06570265,0.159727,5.7338123,18.101326,-9.39106,11.334924,29.825909,0.24930976,0.39818624,0.26692432,0.006833612,0.07874606,1
10.88353,0.24179915,0.015311353,0.51925707,0.07429166,0.5084264,0.034269184,0.17076261,-5.999778,15.457416,-6.7360477,7.8299985,32.00931,0.39315674,0.2755601,0.21390569,0.117368706,8.755626e-06,1
10.644206,0.2641856,0.0142587675,0.48149046,0.08557052,0.5372321,0.053610526,0.11679014,-15.044521,15.931076,-1.1010004,6.972767,17.366308,0.47814232,0.17173104,0.13582602,0.12219461,0.092106014,1
10.369945,0.23605165,0.016700394,0.51292133,0.054249693,0.53350025,0.069893345,0.2160555,1.650686,17.668156,-5.768197,8.03079,10.448734,0.60084826,0.030146413,0.36467707,0.0007157272,0.003612547,1
14.047897,0.31329298,0.018380592,0.57473344,0.042749137,0.48287484,0.060791243,0.14411496,-6.5667357,20.597538,-6.8901587,13.259275,25.207973,0.46682194,0.17793208,0.10222984,0.040670093,0.21234602,1
8.4566765,0.24915443,0.023316704,0.3840952,0.07309497,0.45516258,0.06757946,0.12888071,-5.277554,15.4534235,-16.845587,10.806498,20.016108,0.09281609,0.15397069,0.57538474,0.028010627,0.14981788,1
19.43996,0.2235856,0.012386333,0.5053357,0.030166194,0.54932165,0.048251677,0.096355826,2.2344642,20.45681,-13.931399,3.5723386,26.463753,0.13836809,0.18892738,0.58449864,0.03286514,0.055340778,1
14.269925,0.2212105,0.015636932,0.39558885,0.064658776,0.42798448,0.07109536,0.12171804,-4.350717,21.189169,-4.6512604,12.893846,25.37972,0.39472625,0.23368578,0.3316819,0.029555816,0.01035023,1
8.788137,0.267437,0.014557739,0.5070087,0.09044623,0.4749405,0.05203076,0.14607424,3.0671597,13.914463,-9.596876,12.173022,19.172125,0.058578037,0.53055066,0.0655656,0.00083261455,0.3444731,1
14.588864,0.25625795,0.02012031,0.47929168,0.07896941,0.39902866,0.11092331,0.13381109,22.0,25.425962,-8.39467,10.748387,40.608044,0.4197451,0.4547922,0.05718508,0.006724446,0.061553184,1
15.979412,0.2894617,0.027000403,0.49800706,0.07509804,0.5312173,0.033610962,0.20309791,6.8584423,19.725903,-6.433115,16.582462,26.119009,0.40101907,0.083844684,0.072447635,0.39975658,0.042932056,1
13.47647,0.26294652,0.020292822,0.56787306,0.10487479,0.5662766,0.11395902,0.114400595,13.448979,13.842917,10.391778,10.095331,21.983713,0.6880706,0.035393946,0.057805482,0.21797635,0.00075365085,1
7.9767747,0.304979,0.018991219,0.56548077,0.07750684,0.41451162,0.040977035,0.15717238,5.108931,19.070116,-9.482367,11.722971,26.710037,0.08479029,0.44670472,0.017942894,0.029704323,0.42085776,1
20.949148,0.2584375,0.019539371,0.5869367,0.03191148,0.46922493,0.08542449,0.08497807,0.77117753,21.192127,3.7086632,11.877663,29.70915,0.4743125,0.056783162,0.26045096,0.16183275,0.046620615,1
14.557898,0.30079445,0.021337114,0.46828976,0.0670186,0.4463954,0.076548815,0.21732832,5.260646,18.948395,3.196834,13.509662,21.572227,0.38028726,0.232148,0.0788522,0.3087084,4.1414464e-06,1
7.0096817,0.2414233,0.027072236,0.5562537,0.10850636,0.5552728,0.041808695,0.08225451,4.7730813,17.009363,-0.37367824,9.10854,42.241795,0.1541548,0.4254769,0.38647327,0.0035851323,0.03030988,1
12.83646,0.2249,0.0065730736,0.54053104,0.063811265,0.579188,0.07198943,0.21297137,8.628055,5.0,-11.932099,7.4206367,15.341916,0.37725484,0.15501611,0.29245517,0.08835037,0.08692351,1
11.11873,0.24529985,0.017997975,0.47030327,0.10728192,0.44646347,0.050083805,0.12456643,0.5936641,11.163225,-5.0397344,13.892284,15.828587,0.07594624,0.23979366,0.37693995,0.21151118,0.09580896,1
12.025709,0.23613772,0.0020939517,0.5093762,0.090472884,0.28,0.06549699,0.040617924,-13.083158,19.392979,-8.733433,13.685361,14.804661,0.36574918,0.059837785,0.10127534,0.0042360495,0.46890163,1
7.225134,0.23278107,0.019756768,0.4894251,0.061830483,0.56069607,0.06295735,0.18408151,-14.681414,11.063855,8.100913,15.099338,26.027239,0.30111787,0.20315838,0.11299545,0.036322173,0.3464061,1
12.217306,0.28240958,0.01775519,0.6115909,0.04839007,0.48315665,0.0530138,0.13329299,4.6123385,18.569319,-3.1254268,11.662275,29.310684,0.41504994,0.12315519,0.36606,0.089056365,0.0066785123,1
8.674989,0.2620705,0.012265865,0.5648173,0.07679787,0.48342675,0.051351402,0.11186237,-11.261951,20.423676,-7.49227,3.404976,23.686794,0.409075,0.12727466,0.3189363,0.07341354,0.07130052,1
10.601842,0.27425325,0.0016498467,0.47313076,0.09541,0.54745996,0.06681745,0.15566726,6.8642673,15.436931,6.4944415,10.656326,29.289827,0.30795878,0.09506525,0.19473082,0.18459891,0.21764624,1
13.549776,0.28582647,0.014928026,0.46756458,0.03842723,0.45451877,0.041923556,0.15657634,13.386541,7.1766677,-8.467526,10.134764,29.1959,0.1624997,0.017395427,0.08390969,0.07507062,0.6611246,1
10.09347,0.2194291,0.01611421,0.5766092,0.07240775,0.4358807,0.0426781,0.14658333,-2.2065985,12.31624,-2.1387386,14.9178,23.474655,0.23127855,0.5545653,0.09258609,0.06430054,0.057269525,1
10.838313,0.2870979,0.014684461,0.6071975,0.029172236,0.45510042,0.07909952,0.17540154,12.113462,19.42388,-1.0831109,14.233729,28.991814,0.20621878,0.64455163,0.128632,0.012290753,0.00830687,1
15.280927,0.23384385,0.01189286,0.5252428,0.06320818,0.51423603,0.06856772,0.14010197,2.5893805,22.28481,-3.5683455,12.451236,24.624878,0.23735088,0.22992727,0.23221992,0.29993477,0.00056716154,1
8.445611,0.2526954,0.010516058,0.5526858,0.036905345,0.5415277,0.033866655,0.15598898,0.25920036,5.591829,-6.7448444,3.0,23.136833,0.3172912,0.11935769,0.1931464,0.36497742,0.0052272836,1
9.406317,0.21323623,0.014741073,0.6042505,0.081244715,0.5943208,0.039934404,0.10912943,0.72846174,16.404055,-0.13734975,6.7007303,22.510437,0.5659122,0.25447816,0.16041328,4.5568777e-05,0.019150818,1
6.9816422,0.28963742,0.010990617,0.48601714,0.05622004,0.5082375,0.017269783,0.16062255,-8.308504,8.662496,-10.409636,8.542868,27.631315,0.45871484,0.4296612,0.023517823,0.08423783,0.0038682772,1
8.708547,0.2193281,0.019046502,0.5066776,0.093160726,0.4698762,0.0781938,0.10930392,-9.586347,16.45225,1.7958701,8.634525,34.524536,0.5256894,0.16619997,0.01410798,0.28593507,0.008067546,1
12.516497,0.23399673,0.014606486,0.5389383,0.059190165,0.5420334,0.07377152,0.08501836,-16.440409,15.214886,-7.9698997,10.667499,17.56478,0.4209036,0.41387734,0.12790944,0.023776274,0.01353335,1
14.557856,0.23617256,0.00637667,0.46568012,0.057368554,0.41201192,0.038224857,0.121749505,-7.330965,27.801952,3.364566,15.92082,22.637905,0.34796715,0.35756472,0.10734332,0.17677498,0.010349808,1
8.7753315,0.2661372,0.015883498,0.6359236,0.03769669,0.57935715,0.07299302,0.11896878,21.393938,13.306029,1.323996,13.117029,27.138666,0.64957374,0.17993832,0.052122466,0.0004602176,0.11790528,1
14.439249,0.26522192,0.017070957,0.4649598,0.077821,0.4947964,0.099710025,0.16711001,-14.933656,21.243973,-2.1547804,6.3240027,38.29802,0.49507722,0.08221966,0.34461385,0.06285358,0.015235678,1
12.420861,0.29435694,0.02308994,0.5049029,0.079842016,0.46399167,0.029213227,0.07187197,-11.765374,21.044785,-6.631402,6.6853228,29.021843,0.041819744,0.29215127,0.55754256,0.108403586,8.280878e-05,1
6.469589,0.26686293,0.019640695,0.65331006,0.08879489,0.41223824,0.047697984,0.17374533,-8.055899,15.025553,1.7187167,6.3240275,20.311066,0.15113582,0.18592337,0.42552558,0.01988782,0.21752742,1
12.698241,0.2989731,0.010506545,0.35105795,0.08310403,0.5238858,0.02877617,0.105081014,-7.5865507,16.594248,-2.0023382,9.532635,19.532717,0.5029771,0.23400128,0.22592013,0.027220652,0.0098808715,1
16.77743,0.28137973,0.022129131,0.5172767,0.07802539,0.46035683,0.07897088,0.04,2.693239,16.002384,-18.0,13.2221985,32.895664,0.6489093,0.037348527,0.13886584,0.1746814,0.00019498644,1
5.0,0.24163562,0.008069839,0.44715473,0.081917025,0.47340024,0.058078848,0.08170442,-6.118114,12.281194,-11.723987,13.856072,23.804579,0.3266957,0.26026756,0.042871304,0.3623098,0.007855611,1
20.020823,0.24998416,0.015140834,0.50001353,0.083936624,0.36301643,0.052037902,0.117698595,-1.9851562,11.848631,-4.8188257,8.495137,17.38363,0.15205419,0.39081645,0.40110448,0.012122677,0.043902207,1
9.557927,0.3153175,0.01877034,0.4035296,0.08815314,0.44957244,0.06454836,0.14776903,-8.495009,13.950835,-4.041914,9.8794365,33.09662,0.4227091,0.314864,0.2120531,0.029041922,0.021331854,1
5.4035773,0.30682293,0.022293476,0.47032973,0.039448556,0.4402052,0.04886132,0.12466802,-4.752225,10.307965,-1.0498972,16.696724,28.157291,0.3439887,0.37884083,0.18301262,0.00034560412,0.09381225,1
12.553695,0.29472235,0.024444506,0.50198215,0.06076364,0.5092994,0.051967353,0.08161846,-0.5967456,13.498048,4.841926,4.060578,17.640968,0.5700724,0.09669464,0.045147993,0.20387574,0.08420921,1
15.324348,0.2986647,0.021373618,0.5190656,0.037538853,0.46126476,0.06549525,0.09885862,-1.3455511,15.022668,-1.8934206,12.55185,16.617708,0.4289775,0.13746087,0.21349375,0.21976198,0.00030589706,1
10.878266,0.28395376,0.014316927,0.5716516,0.07664268,0.29457888,0.047798444,0.0822856,19.807642,16.809095,-18.0,12.119802,10.8265295,0.19666617,0.27643913,0.47412792,0.042308085,0.010458727,1
13.246397,0.2800532,0.01789836,0.31409284,0.10259919,0.45094916,0.05062029,0.14035025,-0.28186682,18.21842,-4.6164794,8.813419,21.643362,0.37134838,0.40029883,0.050911795,0.13629507,0.041145913,1
20.478947,0.27149144,0.01612202,0.48993045,0.08792683,0.37818617,0.056869596,0.12637626,-2.0974176,15.0183115,2.5106254,9.926209,28.132055,0.3374749,0.52073145,0.11890019,0.020582382,0.0023110537,1
12.822616,0.32096547,0.011452826,0.48602465,0.057858948,0.40700087,0.061826803,0.15455088,-22.0,12.154574,-5.2188845,11.68088,32.723877,0.7101217,0.11842614,0.14531432,0.0015746598,0.024563193,1
23.92995,0.25606024,0.014421874,0.49485773,0.08010827,0.5502719,0.072032884,0.05919207,2.399254,18.127789,-4.57586,8.821784,28.974602,0.54356194,0.2518395,0.11284564,0.07891499,0.0128379455,1
17.058523,0.277209,0.023989102,0.5025821,0.0769788,0.36177114,0.07166456,0.10864068,-19.750854,19.954834,-9.459749,7.449578,16.866207,0.23004472,0.17698587,0.3146681,0.23933189,0.038969424,1
12.206141,0.21875189,0.018230807,0.43359056,0.074662596,0.5006391,0.03000822,0.21115193,5.5169516,13.570702,0.64455825,7.1483355,24.01406,0.104321375,0.2699367,0.59414935,4.6019086e-05,0.031546544,1
13.166149,0.22707848,0.025296837,0.37624025,0.043933082,0.44449458,0.088159025,0.15564138,1.4241737,11.086898,-8.472236,17.44867,36.005627,0.567632,0.0763648,0.01253019,0.09901667,0.24445635,1
10.722261,0.32445487,0.009587507,0.5173685,0.09630271,0.43099752,0.06118234,0.11815571,7.9789715,13.768676,-1.8500048,8.238825,22.415258,0.15156744,0.34332815,0.24400415,0.059582707,0.20151755,1
12.998312,0.2885034,0.013092212,0.42045987,0.046438195,0.41144735,0.05336678,0.09050584,-6.3442893,15.092161,-3.0001898,10.805405,31.382092,0.488686,0.010357934,0.43496662,0.031241417,0.034748033,1
14.246231,0.26361904,0.017076293,0.5322193,0.06266513,0.5023666,0.041929185,0.17430991,0.26979795,21.725336,-5.620458,13.14101,30.517431,0.18827234,0.13955078,0.65090454,0.011819074,0.009453245,1
10.3834,0.27234975,0.018711789,0.42502388,0.08918284,0.51022637,0.09978334,0.19130684,6.75766,19.468912,-2.611344,9.154015,31.318718,0.57238126,0.18024153,0.13866705,0.005762177,0.102948,1
6.480115,0.22925633,0.01441608,0.5554178,0.06253167,0.35923952,0.10719726,0.08405329,-9.29548,15.983602,-4.5882926,10.143159,29.018364,0.34590274,0.06811858,0.13864717,0.05744447,0.38988703,1
17.285114,0.2571564,0.019002505,0.49564353,0.07158603,0.5605367,0.09732361,0.08783725,6.100343,25.503454,2.9411745,12.010981,31.297138,0.6231044,0.2773928,0.008647382,0.088369176,0.0024862452,1
15.8939295,0.2262559,0.01896479,0.5011966,0.07239212,0.3969615,0.062428314,0.14115204,5.6425614,15.826087,-1.2629638,6.608272,15.629133,0.14995758,0.41320878,0.41282627,0.015145274,0.00886209,1
6.3316445,0.26114082,0.0080603855,0.4802924,0.07131827,0.5072026,0.0668821,0.14489134,-1.3486729,23.068886,1.2780576,3.854188,36.607315,0.24137855,0.32515922,0.35975814,0.0495992,0.024104891,1
12.683965,0.29040962,0.018767208,0.4674649,0.072301105,0.3973323,0.08982073,0.14931114,15.785338,22.106314,-11.347405,7.0775833,13.3539505,0.71631676,0.085289724,0.012530161,0.09374107,0.09212228,1
16.10829,0.28359902,0.020366322,0.48136133,0.07427838,0.44786564,0.055184983,0.2037348,5.1555305,21.75321,-11.786333,16.91387,28.182644,0.17507292,0.5327785,0.2353001,0.0010274051,0.055821076,1
15.694915,0.3176736,0.016480776,0.594532,0.07149405,0.3904839,0.07082605,0.09114049,-16.74153,17.605808,-5.5610113,7.699365,25.660828,0.23575257,0.13227919,0.11694958,0.23253828,0.2824804,1
9.224119,0.278842,0.0058001936,0.37725016,0.05209024,0.44298816,0.06454439,0.13159433,9.886881,16.583782,-0.7538005,10.522596,21.620573,0.5736867,0.27129042,0.087166384,0.058344413,0.009512075,1
15.928467,0.2,0.013615819,0.44814909,0.038999155,0.46593177,0.09837536,0.15884776,-6.581089,16.025763,-2.279708,4.6967554,19.173878,0.4928592,0.17338367,0.033595867,0.13614196,0.1640193,1
12.0603895,0.32852,0.017189702,0.58453286,0.08996258,0.3995477,0.08872656,0.15841678,7.976813,20.250784,-11.258873,15.368577,29.848248,0.42996538,0.24580649,0.06688007,0.20690066,0.05044742,1
13.5547085,0.2447792,0.010671477,0.56558186,0.09087557,0.5020109,0.057240568,0.104087405,2.9552727,12.053415,-0.53606474,8.795659,31.609365,0.14038499,0.6192758,0.19688517,0.029715149,0.013738906,1
8.322033,0.2748631,0.01959154,0.60748243,0.07674947,0.5111802,0.09050101,0.10566703,-22.0,14.685225,-10.394881,8.180224,25.278479,0.096229464,0.13732761,0.13954553,0.61844134,0.008456049,1
5.0,0.27305484,0.018647952,0.49526063,0.076582454,0.6694221,0.059923146,0.11163112,6.0486493,24.334826,-1.2830445,9.46627,23.975256,0.3300849,0.19398275,0.10027456,0.14324524,0.23241258,1
8.890686,0.27722695,0.015672434,0.3945367,0.051696237,0.5450087,0.049084444,0.1981383,-2.2165625,19.11694,-3.9941256,20.05215,34.969994,0.18146817,0.63718617,0.12026862,0.017664399,0.043412607,1
14.146308,0.27144176,0.0150872,0.41137266,0.021228293,0.56234944,0.054293267,0.09086116,-4.5944695,20.770557,-7.575848,11.766111,23.04804,0.63922006,0.11420947,0.08267395,0.02073545,0.14316106,1
11.178271,0.2719703,0.015964432,0.4761031,0.06502623,0.35616893,0.06294823,0.11702761,-4.22198,9.894233,-9.751843,9.372825,25.704727,0.13506801,0.24741228,0.5387261,0.020743098,0.058050487,1
14.600763,0.23035088,0.014979702,0.56085575,0.032052957,0.3429074,0.044299,0.16101807,7.8887887,13.8397665,-5.067736,3.0,24.574753,0.23904774,0.4689032,0.015223627,0.096898586,0.17992683,1
16.424599,0.3476095,0.008572563,0.47962573,0.07368799,0.45921066,0.049647626,0.0864475,-9.2127075,17.669163,-5.4186683,15.411981,43.295555,0.304337,0.2802527,0.2721024,0.07588533,0.06742257,1
10.6779175,0.2895431,0.012849465,0.47346547,0.09608478,0.60507715,0.031132333,0.14032073,11.132809,15.792626,-13.32595,7.2204394,20.12016,0.37053716,0.17185749,0.15183607,0.23971686,0.066052444,1
10.2842045,0.2715564,0.015362378,0.5317548,0.057677228,0.6532054,0.04355035,0.054018743,-15.1965,9.873241,-1.7854856,6.589395,31.820007,0.21316075,0.041664843,0.4781008,0.25547066,0.011602921,1
5.0,0.32525602,0.022093015,0.5022177,0.058826093,0.4318725,0.06469094,0.13770406,2.956942,19.798779,2.0967884,6.9470096,14.104547,0.32527098,0.46714598,0.10712405,0.09580774,0.004651242,1
5.809305,0.23784226,0.01846022,0.46475294,0.049883448,0.4389644,0.08084276,0.132095,7.7244053,21.387142,0.02403899,15.860095,19.294516,0.4455462,0.21715578,0.17298791,0.014441607,0.14986849,1
6.6402817,0.29605168,0.02236159,0.41987896,0.07088504,0.51807255,0.07828064,0.13654439,7.4789834,14.573248,-3.7947545,9.831347,23.835526,0.26556614,0.16382559,0.008659642,0.48113155,0.08081709,1
14.226557,0.253345,0.007975224,0.57575625,0.06933539,0.46619886,0.068596795,0.0952427,1.8407769,19.978659,-9.149555,3.911753,25.083288,0.3050779,0.3530675,0.20144026,0.061061617,0.07935273,1
10.717878,0.28206998,0.013219113,0.58382505,0.049617387,0.4679646,0.029414516,0.13910897,-2.0679572,26.145464,-5.097405,9.183462,24.079042,0.7337365,0.072472684,0.02520303,0.052048363,0.11653943,1
9.863062,0.2827336,0.02536929,0.41538504,0.088251494,0.5244429,0.04277995,0.12843807,-5.4998493,23.626633,-6.9202313,6.673855,25.30414,0.52072906,0.12211554,0.2095444,0.08829386,0.059317116,1
9.405017,0.2,0.011285159,0.46779123,0.1240474,0.67008626,0.056051146,0.18196481,-12.224204,14.797037,-5.129892,11.438165,21.176807,0.36170512,0.24057741,0.21747464,0.15270369,0.027539147,1
8.884076,0.22705007,0.011185361,0.55335784,0.09379718,0.5713201,0.07925666,0.15551364,-6.856701,10.482382,0.55510247,8.454328,35.013,0.2090434,0.015636072,0.2488054,0.094339766,0.43217537,1
15.693844,0.3175932,0.013641227,0.40898705,0.067787915,0.61083883,0.048862915,0.0720407,-9.613788,17.150791,-6.756138,3.7228167,18.997046,0.49453768,0.08365407,0.1864906,0.06263272,0.17268495,1
12.373386,0.26243505,0.025090558,0.5292142,0.06754915,0.35091054,0.035604883,0.09669659,-11.253162,27.734861,-18.0,9.670045,31.211187,0.10833109,0.58283615,0.049106758,0.084010206,0.1757158,1
15.965308,0.3300474,0.011642379,0.47388065,0.059728816,0.55523473,0.088965766,0.10534571,18.037106,22.690264,-0.4031699,9.772819,30.74335,0.3869649,0.32398742,0.22935338,0.008648931,0.051045373,1
5.0,0.30930376,0.017787423,0.40265942,0.059316542,0.4135092,0.04530134,0.13721544,-17.194273,15.969508,-3.2195532,4.9860296,19.365131,0.21223426,0.29901284,0.043935068,0.07657651,0.3682413,1
14.130934,0.26339176,0.01696017,0.64218736,0.08916313,0.5973514,0.03744259,0.12323531,11.255097,23.811232,-4.9506006,3.0,23.431042,0.27206197,0.29908118,0.21369387,0.16291359,0.052249383,1
10.064829,0.26074457,0.005357556,0.47268525,0.09003414,0.57501286,0.064546704,0.123069786,-12.365021,21.84355,-14.220633,11.130457,25.982603,0.5372502,0.20139213,0.052581243,0.007942458,0.20083398,1
10.874108,0.3194525,0.014921614,0.54194456,0.04660941,0.52226704,0.058998507,0.24270932,-10.221264,6.5028257,-11.826221,8.877429,37.727913,0.15553729,0.522211,0.1773669,0.10707467,0.037810124,1
17.411304,0.3330906,0.012235374,0.41030627,0.077326305,0.42799747,0.049997475,0.109484136,-10.384756,21.308168,-11.00771,9.1392765,23.41578,0.3377205,0.15340616,0.18436381,0.24639581,0.0781137,1
10.4406,0.26140195,0.01838986,0.6241872,0.09222251,0.44613272,0.060007356,0.18563464,-11.104757,16.593805,-10.0859165,12.983329,48.0,0.605647,0.16298285,0.06173303,0.12613167,0.043505426,1
13.967586,0.31614494,0.023695352,0.6557909,0.06299636,0.4517965,0.04148119,0.12410556,9.22855,11.6670885,-9.430805,3.0,31.375135,0.5323324,0.32725233,0.08617648,0.0535156,0.0007231478,1
7.9282184,0.30090055,0.013277259,0.37982568,0.06576932,0.53336334,0.049768385,0.04285903,5.883669,16.456259,-14.272022,10.241211,28.404495,0.4575947,0.37043843,0.07351252,0.08144197,0.017012378,1
12.144441,0.3060764,0.013277046,0.48683518,0.08391965,0.5082722,0.05927741,0.13765302,-2.3259914,18.071346,9.061569,12.650312,32.18949,0.12298017,0.104396656,0.4573576,0.20248951,0.11277607,1
5.635013,0.27303436,0.02758914,0.60623115,0.084488355,0.57940227,0.019282876,0.17476924,22.0,12.029414,4.514648,9.269409,13.969935,0.11026724,0.3798303,0.4966132,0.012807626,0.0004816264,1
11.770756,0.24982746,0.0114422925,0.46252543,0.07858117,0.5927574,0.07910131,0.15533789,-0.16726756,15.400514,-4.0598493,4.3353972,34.20314,0.74428135,0.114978194,0.13624825,6.975754e-06,0.0044852355,1
13.541635,0.23836876,0.008284992,0.53274393,0.075084575,0.42082497,0.032541916,0.14024602,0.5987623,14.346035,-6.235602,7.3566794,16.740288,0.27478504,0.3673279,0.097633004,0.18421789,0.07603618,1
16.425497,0.230872,0.02188786,0.36557236,0.07777175,0.51326376,0.041222874,0.13094904,-6.856378,19.97628,6.7857165,8.194141,32.087616,0.16317077,0.32261118,0.31524366,0.04391935,0.15505502,1
8.728425,0.32732666,0.014746833,0.4369358,0.06444565,0.51241255,0.08000307,0.11021366,-8.047336,14.493054,5.366355,3.6840856,21.852295,0.24808209,0.1721751,0.11602835,0.35824856,0.1054659,1
9.884144,0.27032834,0.016416598,0.5244035,0.04764568,0.47334835,0.07138623,0.16584942,-5.331133,7.5003695,-11.179421,11.485497,20.405127,0.21976517,0.36117896,0.3073274,0.0024012423,0.10932723,1
9.423513,0.23565674,0.02615753,0.45284304,0.038867712,0.54592353,0.061746463,0.112631865,8.517292,13.762502,-4.266265,10.012813,38.407566,0.34854987,0.008977616,0.26245567,0.30415088,0.075865984,1
10.983959,0.30007282,0.007985105,0.47115716,0.08191123,0.5143681,0.025836183,0.10438651,5.711223,11.268272,-7.2768316,7.428278,25.302404,0.4820858,0.023739014,0.42349732,0.029846238,0.04083163,1
8.144375,0.25563383,0.014022687,0.37875408,0.07216394,0.43978095,0.047886383,0.14642528,12.906019,9.529892,-7.8854666,13.942096,15.282605,0.31560418,0.34528285,0.11571044,0.13504659,0.08835594,1
5.0,0.25047073,0.008818656,0.5523253,0.07911039,0.4700518,0.055676863,0.11799702,-7.17077,21.901829,-7.1582985,7.9120636,32.8235,0.17881382,0.13440837,0.17169036,0.49289575,0.022191698,1
7.829151,0.3320403,0.016675917,0.39283374,0.053422414,0.45555452,0.057129648,0.18123458,5.8950906,20.017822,-6.599674,15.919619,17.455431,0.104231626,0.20580462,0.17350087,0.51312613,0.0033367411,1
11.804152,0.23007892,0.012234982,0.6232555,0.07205172,0.4290738,0.08282837,0.1486912,3.0550818,11.16531,-4.524845,8.924286,35.525238,0.2433146,0.5068293,0.121485,0.06445128,0.06391979,1
11.407597,0.27705142,0.009135312,0.44538465,0.0715728,0.47402745,0.099885866,0.09888121,4.342021,9.6531,-4.485194,6.1818337,25.886545,0.3084609,0.13078956,0.06717556,0.39647198,0.097102,1
14.208478,0.2522724,0.018661387,0.5640563,0.095580146,0.3892153,0.072297074,0.08421091,-8.637756,15.486766,4.0672636,6.3025866,17.083206,0.5032948,0.13806307,0.27503553,0.015425516,0.06818102,1
15.368776,0.24748488,0.015051645,0.55617636,0.0870351,0.5131718,0.049312167,0.10705633,-10.38733,9.382641,-11.648228,10.364324,31.749336,0.14972907,0.031183701,0.008782065,0.4437979,0.36650726,1
10.201792,0.22608435,0.008741841,0.42119375,0.05520079,0.57828826,0.08428827,0.22351827,5.3913827,14.789508,0.76843685,5.7180586,29.648336,0.42949346,0.21253788,0.15933806,0.055302992,0.1433276,1
5.657043,0.2717875,0.009048185,0.45393944,0.08009106,0.483533,0.04820861,0.12049709,8.72841,16.352573,-13.525081,10.577604,11.136468,0.7424513,0.031299576,0.12711324,0.044999428,0.054136436,1
13.612877,0.24378297,0.016039042,0.46340492,0.05506217,0.5462499,0.007526116,0.16033113,-6.1830606,17.522432,-4.3420844,8.3979225,25.55609,0.52408344,0.053780947,0.42005455,0.0017747228,0.0003063111,1
11.960764,0.28774133,0.0066461307,0.46882775,0.017740402,0.49087307,0.035009332,0.07777413,6.090352,17.700678,1.3034487,8.306196,28.09199,0.59772575,0.3813432,0.001395564,0.003698311,0.015837204,1
10.9662285,0.2685898,0.016137421,0.39618653,0.104519024,0.40845266,0.012561553,0.08667675,11.993745,12.096316,-2.0167933,9.833478,27.683695,0.5296045,0.103008814,0.24646004,0.08291613,0.03801049,1
16.8817,0.26062125,0.021697784,0.5427095,0.06250141,0.62049454,0.05232341,0.122462735,-3.6179779,16.3528,-8.214604,14.018736,24.706861,0.12067371,0.5107204,0.12410669,0.123201035,0.121298194,1
13.802192,0.24394366,0.018335301,0.44490018,0.090789266,0.31042996,0.056434326,0.19804393,-14.388126,22.402748,-4.0064282,7.828024,31.21487,0.29210266,0.2449754,0.20835134,0.13190109,0.122669496,1
12.491597,0.31292117,0.011883374,0.49086607,0.056773137,0.4807215,0.028146576,0.07837062,-13.137906,5.5144753,5.566024,10.736516,29.982588,0.06785897,0.52159595,0.15215166,0.09157579,0.16681765,1
12.655537,0.29207042,0.0163717,0.5805083,0.05385303,0.42620128,0.042917702,0.10481062,-6.765227,17.62848,-10.141901,11.777197,26.218014,0.2378957,0.3864067,0.28969887,0.04479207,0.041206658,1
15.398825,0.24955973,0.008742119,0.54574376,0.059068143,0.5907185,0.031472865,0.16606776,-4.4601383,10.108407,-2.034128,5.160626,24.34548,0.37359035,0.3101638,0.02137483,0.011894637,0.28297642,1
9.241788,0.22922385,0.01568142,0.45029554,0.075052984,0.49511778,0.05745994,0.19370355,-0.36138815,23.019468,0.7556096,12.091048,27.036821,0.06311483,0.3104822,0.44284034,0.05395108,0.12961154,1
8.479122,0.21336032,0.013365752,0.5832746,0.07352293,0.6588834,0.042930286,0.14749613,-0.15818246,20.085045,-8.716172,13.261519,21.77411,0.28108704,0.310333,0.23673986,0.04547634,0.12636374,1
11.06346,0.3041206,0.009803243,0.55324316,0.07995393,0.48252046,0.08019879,0.15703474,-2.7236094,19.925735,6.147596,13.8645735,18.842491,0.469974,0.2448049,0.045153793,0.15226725,0.08780005,1
7.2882566,0.2972752,0.018118583,0.4435324,0.060072623,0.4267411,0.06339369,0.09412311,6.79235,11.7330885,8.512582,5.565,18.133387,0.62005556,0.37340307,0.0019971512,0.0045130835,3.1123887e-05,1
11.818324,0.30139711,0.0051126303,0.45887616,0.070808545,0.36028117,0.09209575,0.07708318,-7.607736,17.319136,1.658212,5.844541,25.299911,0.31137103,0.44355372,0.04446497,0.1470015,0.053608794,1
12.387805,0.26639137,0.009070937,0.58004034,0.053136576,0.5574652,0.0509047,0.08416705,12.646744,17.875896,1.6730778,9.782603,19.995865,0.19628578,0.55189407,0.055485927,0.020795327,0.17553893,1
11.7247925,0.29418036,0.009672094,0.56229407,0.099385954,0.42156887,0.102887325,0.09506566,9.400659,5.0,-18.0,9.555018,24.8884,0.17581071,0.24888307,0.25936872,0.15463215,0.16130534,1
10.554329,0.30081582,0.012475962,0.37979478,0.04371999,0.4506134,0.060050398,0.1390241,8.668071,16.73255,-15.246467,10.077255,35.31067,0.26967883,0.5196357,0.1471699,0.020929934,0.042585675,1
18.612041,0.26790613,0.021496687,0.4195526,0.05356059,0.5659675,0.049430702,0.08121447,-6.5950522,19.066345,-6.59111,8.573559,24.550549,0.44702616,0.10145491,0.04857354,0.2090462,0.1938992,1
15.762645,0.25925556,0.0187713,0.5556303,0.061531514,0.5537356,0.10817472,0.14001605,-1.1642329,8.929729,-10.604273,10.743321,26.967178,0.22148031,0.37642762,0.36827698,0.027947145,0.005867944,1
11.611441,0.2407115,0.01552656,0.40605003,0.11777864,0.43732557,0.023429878,0.11739253,7.2284346,19.009918,-1.6188548,3.0,24.399035,0.2802779,0.54825854,0.08889271,0.03624089,0.046329923,1
12.372111,0.28278446,0.01529082,0.564395,0.085336626,0.44821942,0.04894643,0.10749928,-1.9991418,16.498255,-18.0,12.632323,35.145546,0.31252933,0.456109,0.12069108,0.04489344,0.06577716,1
17.505377,0.28677642,0.0149412155,0.65486294,0.05292841,0.3570752,0.026699021,0.1654015,-6.9914994,22.906342,-1.6641504,15.887544,37.604546,0.5455404,0.07017424,0.29403543,0.021220857,0.069029085,1
9.661782,0.25780395,0.021859124,0.5298632,0.08644382,0.33611417,0.023234492,0.09163878,-7.3926263,13.934499,-7.230187,7.7877965,22.71329,0.271076,0.23248178,0.44557714,0.046517175,0.0043479255,1
8.137608,0.26133776,0.0059215575,0.42616093,0.080316596,0.5334589,0.018657282,0.18742818,-6.905584,16.888239,-9.792582,10.809424,31.094591,0.10857653,0.18900235,0.566534,0.12598193,0.009905208,1
12.907589,0.26348114,0.01885779,0.51412046,0.07547489,0.54118294,0.07233515,0.16323373,-11.609367,17.706345,7.3461647,16.722677,40.63803,0.81343424,0.048920877,0.046315983,0.08373318,0.007595724,1
13.6556225,0.29373723,0.012459029,0.58276904,0.083916284,0.5050047,0.033418953,0.090395935,22.0,5.0,-8.1564665,10.133856,17.875553,0.44825527,0.048939124,0.060900174,0.35175338,0.09015202,1
13.954022,0.22877023,0.017514952,0.5079128,0.071161434,0.49310574,0.054904487,0.17808945,-19.523191,14.227118,-17.317343,11.221704,32.86227,0.07516437,0.5638892,0.23940544,0.0053005246,0.11624045,1
15.31111,0.2368424,0.017538879,0.5387069,0.07341596,0.43056834,0.077838324,0.08567051,-9.807905,16.431486,-2.8012726,17.366806,13.814954,0.47343987,0.31935945,0.19433616,0.011867254,0.0009972572,1
9.069691,0.23742764,0.018666225,0.43604696,0.03894145,0.5827693,0.0692669,0.18172319,5.960233,5.0,-3.3247938,18.145714,26.20737,0.71974117,0.1614844,0.098419234,0.0010655771,0.019289624,1
6.3662014,0.26554406,0.022918237,0.4421064,0.09886198,0.3551185,0.068278395,0.14331736,-6.8140078,19.371077,-7.217562,5.7569385,25.01943,0.50273275,0.3312363,0.0055406988,0.1591779,0.0013123461,1
9.661731,0.2794583,0.008144823,0.57248455,0.061049897,0.44720545,0.08427643,0.06683508,-3.5171218,16.429348,10.459045,8.354027,14.050901,0.3839134,0.26777634,0.0028991308,0.32633984,0.019071292,1
14.327365,0.23793373,0.020027224,0.443035,0.045255486,0.49124908,0.0921886,0.078184865,3.9518907,16.401136,-4.5293064,13.574356,33.624607,0.5252769,0.22857383,0.02966728,0.18583754,0.030644462,1
8.312413,0.29727018,0.0146807255,0.29310375,0.059913527,0.47997114,0.034965295,0.11380102,10.32354,19.60595,1.1035374,11.98846,27.033447,0.6256156,0.05950108,0.08837303,0.18418363,0.04232667,1
5.0,0.3138795,0.01269572,0.4754934,0.060718913,0.47985658,0.06966405,0.16471182,-2.7341928,13.945814,-3.7385256,12.824167,19.50924,0.22990808,0.16502301,0.50767523,0.04003225,0.057361424,1
12.577078,0.28241393,0.02516881,0.5251357,0.05397529,0.44365254,0.05455567,0.12317241,9.220281,16.216585,2.8939655,3.0,28.300068,0.13087957,0.31332782,0.04716032,0.3746492,0.13398309,1
9.731664,0.3036837,0.018509556,0.58468086,0.085553,0.5178635,0.057066496,0.12217518,-16.974201,20.325434,-8.316139,3.0,32.326843,0.15620726,0.14155518,0.2154069,0.48065358,0.006177088,1
5.0916424,0.24254484,0.012913977,0.6316621,0.089483865,0.39492252,0.0297705,0.13160677,-6.0597672,16.277376,-13.443928,17.13686,13.6185465,0.2772208,0.45118546,0.18497004,0.01938955,0.06723414,1
12.297806,0.2432592,0.01978656,0.506776,0.030816011,0.46991962,0.04936103,0.05019664,4.9481893,6.781083,-0.63982636,13.095495,8.0,0.3241172,0.23352501,0.38371435,0.0012211729,0.057422243,1
10.454909,0.28543872,0.014769708,0.5526894,0.059704483,0.51023304,0.0515451,0.16296901,19.731907,16.257803,-3.9051044,11.414567,25.706076,0.5598616,0.32191268,0.093953826,0.023108937,0.0011629368,1
18.703932,0.2688479,0.012835576,0.5096501,0.061137907,0.4567229,0.088605076,0.18358633,-9.653918,16.319677,-0.43344364,5.030841,20.621986,0.51739365,0.015156797,0.40513158,0.0023470183,0.059970964,1
12.355374,0.2432034,0.0119695645,0.5283256,0.066557094,0.4803351,0.03689393,0.16157445,-11.414422,20.502876,-10.3169775,8.340048,35.36941,0.3638632,0.5171902,0.024418041,0.0525004,0.042028125,1
14.344338,0.31275144,0.016522815,0.48505124,0.10412634,0.49508598,0.0122909015,0.11306055,3.4140208,14.283828,-2.6386735,12.278608,23.407066,0.018255226,0.559301,0.27605256,0.14183146,0.0045597185,1
11.931081,0.2789637,0.01193064,0.5309153,0.053728428,0.35674256,0.05987799,0.094598345,0.531809,11.110173,-17.159924,4.4676723,28.166063,0.54936576,0.35637876,0.07732183,0.012680645,0.004253006,1
9.6098795,0.29106525,0.015777145,0.44160616,0.10124824,0.36328897,0.034864686,0.08672252,-7.18433,11.126537,-9.3585005,7.1789837,24.691149,0.060628694,0.5824875,0.11964143,0.22606425,0.011178121,1
10.049546,0.24977246,0.01943508,0.65840685,0.06707581,0.48937503,0.05720847,0.084674366,-12.166882,23.213072,-10.932599,11.501603,15.178322,0.30644593,0.13840158,0.50487506,0.027593514,0.022683885,1
16.323835,0.32039726,0.015552555,0.30870178,0.10143455,0.43741325,0.07321511,0.22058252,-5.138927,17.446276,-2.528278,12.358971,26.213623,0.43424872,0.05969272,0.27157748,0.23306668,0.0014143849,1
14.991156,0.26532212,0.024882505,0.5456709,0.06378086,0.44163847,0.05800369,0.12684709,5.2123737,22.957676,-9.389519,7.907806,16.71665,0.40849078,0.111005306,0.0036786008,0.25232196,0.22450335,1
6.045484,0.3005717,0.015066031,0.5255639,0.061438367,0.5198305,0.051375102,0.16618744,-3.3320098,23.681257,-15.60979,13.929071,16.374119,0.1942614,0.56111985,0.22252536,0.016637657,0.0054557165,1
7.005575,0.25251517,0.021745194,0.52970254,0.06954725,0.41078132,0.05686878,0.16398552,11.711623,12.282282,-9.977695,13.799109,18.316952,0.45592412,0.16532671,0.31639087,0.060739204,0.0016190736,1
7.2276964,0.27505943,0.019881478,0.40537462,0.095845014,0.31107315,0.07694799,0.13570441,-1.3602225,11.900182,-1.8105798,3.0,17.702719,0.48274642,0.0563493,0.05634849,0.38319004,0.021365756,1
16.240398,0.2867351,0.022626506,0.36574835,0.073166326,0.595992,0.036906663,0.09273379,6.01505,15.361561,-5.082417,16.551865,24.526773,0.38890135,0.022591077,0.20132004,0.37246126,0.014726284,1
5.0745044,0.3298622,0.02486052,0.54846203,0.07418505,0.56468904,0.074569635,0.15074775,2.7847383,19.072012,-11.215582,14.665663,23.256054,0.4621242,0.09738488,0.103833765,0.13254555,0.20411164,1
15.145951,0.2568082,0.006193315,0.6072801,0.08273395,0.5638019,0.03991118,0.08669905,-4.036673,8.992168,-0.12550306,10.826275,27.988989,0.032957233,0.5477297,0.032635853,0.17257226,0.214105,1
13.59343,0.27607688,0.016325822,0.51761836,0.052405532,0.40154767,0.07204141,0.1540922,8.331178,18.274494,4.957849,9.450801,14.980702,0.5902848,0.12826449,0.10808741,0.070680834,0.10268243,1
12.587253,0.28775567,0.014440657,0.5644216,0.07673376,0.47458068,0.029138198,0.08852495,-12.1728525,18.021238,0.3617957,13.157372,24.238148,0.24189454,0.58146155,0.11375779,0.022300819,0.040585276,1
10.108024,0.2275548,0.015557165,0.46334842,0.05743704,0.3912107,0.07085021,0.1125536,-5.535704,10.37296,-18.0,12.134875,22.630665,0.59622586,0.21699502,0.0034099221,0.082068734,0.10130046,1
16.754467,0.2047698,0.013013001,0.5265259,0.09942531,0.47580284,0.05796257,0.11248664,-4.138914,10.548308,-4.3399153,8.913789,27.409817,0.090907775,0.69464606,0.08036629,0.12887675,0.0052031283,1
12.453873,0.24012488,0.012282717,0.5980528,0.07837324,0.45563924,0.061931085,0.18595807,3.8153868,18.222488,-6.9928403,16.425083,27.74552,0.2555064,0.38882545,0.25816798,0.008913286,0.088586874,1
6.2231646,0.2990154,0.009502061,0.4749162,0.08385453,0.40453607,0.07917887,0.04,6.308277,26.365068,-18.0,3.0,27.093966,0.18259266,0.41783753,0.005799641,0.3730568,0.020713363,1
7.15471,0.3214922,0.0154869165,0.59485745,0.029213462,0.51523006,0.043578114,0.22323143,-8.151796,14.525692,-15.032903,7.3404293,19.068102,0.29576087,0.07828718,0.17734206,0.15325415,0.29535574,1
5.420969,0.24231043,0.019670077,0.3692342,0.08413464,0.461888,0.059498977,0.09776379,-9.560958,17.648746,-0.4065394,11.791114,26.172834,0.49243134,0.37383553,0.093276076,0.03856502,0.0018920372,1
16.801336,0.23349826,0.012531523,0.45095977,0.06644919,0.60058904,0.06606601,0.12506552,0.7857424,12.974972,-4.700308,9.791584,22.407581,0.5704517,0.04090372,0.31932235,0.002124515,0.06719773,1
17.69702,0.3160424,0.013357462,0.5436733,0.041256838,0.4860046,0.054019775,0.14653228,-15.376486,17.182442,-5.4355526,12.798362,35.1994,0.5080255,0.25622812,0.016139695,0.21662413,0.0029825193,1
16.345106,0.25303718,0.011509636,0.65222484,0.071899585,0.3016473,0.07433579,0.14310461,10.078358,12.87309,-10.550651,4.42144,26.772224,0.8090294,0.17703936,0.012605248,0.00081294763,0.00051303714,1
11.427467,0.25884628,0.010028247,0.5011419,0.039634243,0.35315114,0.066596426,0.1637452,-2.2383142,14.7053175,1.5759938,8.982231,26.555656,0.12546317,0.045630995,0.5305283,0.19868055,0.099697,1
6.294485,0.31377402,0.013819281,0.4172866,0.08222057,0.6266947,0.048401427,0.1544149,-11.695404,28.245556,-14.608617,14.601474,17.033731,0.6124176,0.20107824,0.16967891,0.016791578,3.370941e-05,1
7.7839546,0.30884102,0.016716082,0.6504063,0.09867942,0.45486742,0.08521464,0.2114798,-11.893258,16.53536,-12.215492,4.0251737,21.867184,0.38874665,0.21678305,0.19071321,0.17032777,0.033429336,1
8.044507,0.29802197,0.021286732,0.48990867,0.034188617,0.49680057,0.07123792,0.15926383,3.1313446,8.179135,-8.224298,9.038128,27.811563,0.28748724,0.25967667,0.24038753,0.19528265,0.017165918,1
11.817228,0.21865587,0.009039484,0.5531823,0.06940037,0.48068103,0.04314865,0.12530553,2.8607447,19.214222,-16.680151,7.876726,25.44889,0.75292,0.083213046,0.04189815,0.03946686,0.08250195,1
17.54977,0.23224634,0.014848077,0.473246,0.06670219,0.5791424,0.04294809,0.10787947,-7.684345,21.646646,-12.171623,11.453454,25.373352,0.3058403,0.25334564,0.17464684,0.09077151,0.1753957,1
17.534071,0.30361524,0.020890683,0.51138204,0.03020858,0.34651628,0.055609748,0.106845856,-1.1387314,19.377506,1.4309952,11.572377,13.72408,0.118293725,0.2397547,0.55324715,0.004374979,0.08432945,1
10.046656,0.2795367,0.00910581,0.45503062,0.08833008,0.57304764,0.068949565,0.18172975,-11.292059,15.116135,-11.910009,10.388395,20.30148,0.41226405,0.06548253,0.09631082,0.40882057,0.017122023,1
5.0,0.24666795,0.021335082,0.6806115,0.08251421,0.56822604,0.01573119,0.20020808,-2.5841491,11.413203,-0.5338666,8.840584,24.07555,0.32666835,0.25249216,0.2518834,0.085894294,0.083061814,1
7.3320374,0.25966322,0.012805231,0.5952985,0.11052177,0.48043114,0.043989815,0.17016403,14.755423,11.536118,-1.5553434,10.253071,34.411777,0.20190255,0.62664115,0.16252409,0.005688828,0.0032433874,1
16.754404,0.30332956,0.018556692,0.6414498,0.07992335,0.50893,0.04845044,0.04,21.305607,15.0513115,-7.179051,9.341398,12.762465,0.29543114,0.040821336,0.45734134,0.0017751975,0.20463097,1
12.926515,0.3158283,0.013909667,0.43692306,0.052420005,0.45405823,0.031246915,0.040113993,-2.1176012,14.165908,-15.932539,9.870149,18.69141,0.8002058,0.08924087,0.07459275,0.035622764,0.00033781858,1
10.577415,0.2698208,0.017293742,0.35399812,0.08028672,0.36203244,0.039564654,0.12969752,4.318423,13.208901,-5.5561004,15.827868,12.712512,0.1790362,0.1649038,0.6261062,0.0203633,0.009590495,1
10.298537,0.24939246,0.0230452,0.47656366,0.095696144,0.52062005,0.062746026,0.12333231,3.9233556,22.076586,-18.0,5.190968,28.277859,0.32632083,0.2777607,0.2939893,0.012052941,0.08987622,1
8.996596,0.2617352,0.014392929,0.7013178,0.060702603,0.49726057,0.050221756,0.13079634,-17.210352,20.605837,-9.702314,11.366626,34.3031,0.28247526,0.4584664,0.101366006,0.15241648,0.0052758306,1
7.1849065,0.31029198,0.0199825,0.47425014,0.08704828,0.49871516,0.051793475,0.1800697,-11.498559,22.334969,-4.297206,6.231549,28.52364,0.07428371,0.44953713,0.28282982,0.16366346,0.029685883,1
20.288254,0.309706,0.016373185,0.58414304,0.022901816,0.51376057,0.032427203,0.1780756,-22.0,12.058148,0.08679328,17.819967,30.040533,0.35184956,0.11692023,0.40480036,0.05627451,0.070155345,1
18.873934,0.27582765,0.011069901,0.41801247,0.09950134,0.4376967,0.055729665,0.13699654,4.4907355,11.39601,-7.062243,10.356314,18.775753,0.5041757,0.12299205,0.061123952,0.1318292,0.1798791,1
8.712535,0.2541153,0.014272064,0.43367943,0.08600776,0.5845287,0.029918717,0.069044776,19.45384,16.38691,-10.2557745,4.9285073,28.586018,0.23414914,0.06382876,0.57447785,0.015530959,0.112013265,1
5.0,0.30248293,0.013959478,0.4936166,0.019112611,0.4805692,0.089180596,0.08083183,10.658365,18.074896,-10.81614,9.072347,20.59273,0.22079146,0.046413984,0.58530706,0.001488336,0.14599915,1
12.676073,0.31868833,0.0079409545,0.6687755,0.07765312,0.5179198,0.09486655,0.13269717,0.44499412,16.357586,-9.278103,4.1643295,26.418234,0.47401145,0.25935468,0.14239842,0.00567181,0.11856364,1
11.410128,0.22639479,0.017295191,0.58801866,0.030269934,0.46095124,0.050536685,0.1466729,-0.96483284,17.734228,-1.6310683,7.4670744,29.516958,0.35352454,0.26291347,0.03238233,0.20886695,0.1423127,1
14.512569,0.26302704,0.018289857,0.335745,0.0577783,0.55351555,0.0375512,0.08130766,-3.5236895,23.925272,-3.5493593,12.463009,23.956505,0.07135058,0.466894,0.32466504,0.012759998,0.1243304,1
15.418427,0.30467877,0.019061955,0.55333847,0.083577365,0.4872795,0.07709205,0.15642087,10.59668,14.908054,-6.1541247,15.44495,31.741152,0.08811321,0.14021753,0.09375452,0.67283815,0.0050765504,1
7.3198977,0.27221018,0.02214895,0.4081012,0.06727948,0.47404167,0.071847275,0.059904944,2.1565733,20.035688,-1.5897487,14.322743,24.854856,0.20121567,0.31915194,0.22596912,0.24489678,0.0087664975,1
17.120872,0.2553424,0.019769628,0.44547507,0.095132254,0.564515,0.0974949,0.04,0.62460124,18.589827,-5.9962626,9.580494,27.915384,0.41908246,0.5106408,0.061098345,0.00015491509,0.009023499,1
10.587352,0.27555564,0.011984867,0.5408312,0.07127469,0.35939908,0.10282155,0.0949949,-11.032781,16.476606,-15.343899,12.280222,39.236805,0.042721093,0.6191936,0.10275493,0.017107515,0.21822284,1
14.43164,0.28112113,0.013048996,0.6118749,0.06925101,0.4603988,0.019463848,0.18492253,6.010765,19.805183,-13.772269,13.234025,29.482418,0.35889235,0.32440758,0.07980108,0.0026770416,0.23422192,1
10.954138,0.23619488,0.01919379,0.60794127,0.09196989,0.4371148,0.083173186,0.1908914,-1.499843,12.160227,-1.788251,18.998907,20.7543,0.36244106,0.4884281,0.044323172,0.0042165234,0.10059115,1
15.6899605,0.27272385,0.01694854,0.5265253,0.06324807,0.5061716,0.05554984,0.066202424,3.9696875,11.154632,-15.6178875,7.584099,22.63667,0.74540013,0.17069703,0.0032401509,0.06979792,0.010864797,1
5.0,0.28102002,0.01491087,0.5276494,0.06949668,0.50210613,0.07098177,0.0692605,9.990767,18.16435,-8.666825,16.037565,32.111694,0.21427642,0.26201665,0.49257073,0.02356368,0.007572505,1
14.953334,0.25527465,0.010626396,0.60769695,0.07213338,0.47917417,0.07555696,0.1604374,-16.348793,7.8098655,-6.7990785,5.631845,33.298943,0.1822498,0.26616803,0.35623214,0.10737732,0.08797271,1
8.672322,0.24661535,0.012346413,0.37395647,0.06864997,0.43001986,0.0747183,0.112372406,-2.9560921,18.557709,-13.233516,14.7197485,25.744804,0.61772406,0.2733431,0.004611379,0.10387867,0.00044283437,1
12.293858,0.25386336,0.017914047,0.64618844,0.09320436,0.47831783,0.0800074,0.18465497,-4.4061646,10.359164,-17.674187,7.51738,15.310433,0.14439169,0.30401406,0.3201617,0.11570281,0.11572976,1
16.978811,0.24087262,0.0052457633,0.44112146,0.056663964,0.5026358,0.04879461,0.15978645,-5.2875166,23.589647,-14.223388,7.265075,19.348225,0.25473073,0.34178364,0.03154768,0.018345272,0.35359266,1
8.7874,0.2955186,0.0033001527,0.5208491,0.053393874,0.4675096,0.040942386,0.16665573,-11.168897,14.018672,-18.0,8.861402,27.265215,0.24202928,0.35255513,0.25459325,0.08505975,0.06576261,1
8.159949,0.2404908,0.018466886,0.46029976,0.048766393,0.55752826,0.08373826,0.09712479,-7.2752123,23.266155,-1.7185801,6.896025,30.062647,0.364299,0.51585335,0.063485704,0.013724245,0.042637676,1
10.512086,0.2756713,0.012332599,0.40751925,0.027163358,0.52284104,0.04256544,0.14775246,-10.984506,14.945907,-3.2176857,11.70422,33.033398,0.383149,0.2638561,0.15410797,0.19800778,0.0008791443,1
10.259718,0.25877404,0.017342687,0.5369272,0.09967484,0.48133224,0.097227976,0.21065535,8.249129,14.732301,-11.317393,14.906167,11.774662,0.36231592,0.32679856,0.17813617,0.13253914,0.00021018689,1
7.7993493,0.24881446,0.022883361,0.51892287,0.051984265,0.31577858,0.044712495,0.13568993,3.7741554,20.329586,-15.571472,3.0,32.10029,0.08726236,0.5749053,0.33118942,0.0064844983,0.00015843843,1
12.425087,0.31113982,0.009934671,0.49156857,0.0652281,0.4647184,0.05238328,0.12819992,3.0807855,17.464836,2.1640537,9.30159,35.98905,0.4661926,0.23278186,0.19039428,0.10953611,0.0010951548,1
12.632682,0.2660765,0.006652034,0.48778674,0.10115972,0.52410674,0.056191795,0.112572275,-19.26977,15.666494,-2.9175766,5.6537538,9.245091,0.18057597,0.42384157,0.18445235,0.2045329,0.0065972134,1
13.8519535,0.24991801,0.013618012,0.62207574,0.06716226,0.46044478,0.029178793,0.06592256,19.488436,13.979483,-10.347263,13.62033,25.96283,0.15429117,0.40726683,0.32202223,0.05599599,0.060423806,1
8.721718,0.24704644,0.011576,0.6754242,0.08028809,0.50122786,0.029236488,0.086042166,-4.085283,14.027282,2.3098547,15.681611,31.304436,0.34301576,0.41172197,0.14432669,0.015635079,0.08530051,1
8.22399,0.28017193,0.014873205,0.6002322,0.04158815,0.46427965,0.07824069,0.09432709,17.446312,27.787685,-5.036768,9.301431,16.120031,0.14678888,0.6175803,0.2045431,0.023853341,0.0072344043,1
11.525613,0.29479763,0.017690163,0.52219266,0.09796709,0.49627453,0.025599224,0.064227976,7.4913206,7.6235256,-3.773899,7.1867833,22.504131,0.48489574,0.10893142,0.07298676,0.2955401,0.03764598,1
11.019818,0.30812263,0.016633471,0.36901864,0.06756804,0.5780706,0.110393256,0.068260714,-2.3166378,9.987348,-13.293816,3.539184,29.921455,0.18952127,0.309564,0.29678166,0.015212268,0.18892081,1
11.096644,0.2649703,0.015231259,0.55017245,0.049634114,0.53507215,0.05811748,0.04,20.432045,21.884424,-16.613668,17.79516,22.340912,0.09353857,0.19633274,0.041760728,0.0021755756,0.6661924,1
9.171082,0.26316807,0.020290794,0.55371124,0.049619522,0.38930935,0.039413113,0.09869957,5.673803,21.509325,-16.990482,15.275722,23.454588,0.52761674,0.1248698,0.27695808,0.04140812,0.02914729,1
13.32016,0.27392864,0.018353498,0.56170666,0.103799514,0.36393833,0.06840436,0.15700991,-2.2834368,11.387498,8.581233,3.0,27.54565,0.07932703,0.35824,0.22942762,0.27666804,0.05633729,1
8.230082,0.27501374,0.014093003,0.40872154,0.05827646,0.51097906,0.010761849,0.117339246,-3.9110074,7.237884,-11.793012,12.621897,17.811405,0.6862073,0.13706516,0.07187449,0.07942975,0.025423288,1
11.511301,0.2468383,0.018176243,0.56800514,0.05006811,0.56174976,0.05332864,0.11752056,10.319537,22.361639,-5.5437856,5.5514593,18.53174,0.46191147,0.29690003,0.13057363,0.09942734,0.01118753,1
10.774527,0.31387237,0.0072719282,0.6249269,0.06133861,0.36375457,0.05589317,0.16067113,-5.3651004,10.766019,-2.7827094,7.9658933,29.278784,0.079831146,0.2228148,0.11256106,0.5725521,0.012240895,1
11.866167,0.27066666,0.020318743,0.4213902,0.07090745,0.46531346,0.034675904,0.19755861,-3.7856524,13.544457,-6.145762,5.006097,32.64259,0.33309722,0.42482218,0.11380986,0.018533226,0.109737515,1
16.74108,0.2860422,0.01511095,0.55477256,0.07303639,0.6461253,0.04736438,0.22093321,-5.9694924,16.480602,-7.0797534,3.0,28.789644,0.4322262,0.29225108,0.2597688,0.0129039455,0.0028499262,1
6.742,0.28273365,0.008996602,0.43505788,0.07888715,0.46119532,0.090520464,0.13578044,-7.556437,10.636963,-7.2358427,9.817656,35.52865,0.090848014,0.134714,0.5812263,0.18756388,0.0056478167,1
5.0,0.282118,0.012916808,0.49165842,0.07469522,0.65681005,0.063665,0.11872795,-6.944665,20.622168,-2.640377,17.58165,28.937742,0.4947336,0.12852591,0.10358124,0.011579394,0.26157984,1
9.623234,0.23987709,0.020187702,0.4241047,0.08294278,0.42234796,0.06798935,0.11347684,17.724567,16.104658,-13.278622,6.295858,38.929226,0.45861414,0.14221819,0.10093474,0.21967737,0.07855554,1
7.394776,0.269808,0.011161704,0.47194302,0.06454507,0.43471682,0.04426348,0.15364806,10.075763,11.589827,-9.083759,13.565271,26.460527,0.52828425,0.19789997,0.046313867,0.0462173,0.18128462,1
5.0,0.33842233,0.01705299,0.4725633,0.11144359,0.43079334,0.033532012,0.123747766,2.3532846,12.030382,-18.0,14.193173,27.768862,0.2881206,0.20113485,0.037080377,0.294575,0.17908919,1
18.985403,0.31761506,0.019393886,0.532982,0.060231198,0.3904569,0.055178795,0.12389083,-5.474975,22.484892,-18.0,12.887,28.82242,0.53701764,0.2497129,0.1967846,0.0073207314,0.009164094,1
14.238841,0.27471024,0.01512219,0.5712287,0.09704787,0.36160842,0.010847553,0.12654123,-5.5137277,14.606231,-15.086345,17.98583,21.603764,0.3514565,0.08111869,0.26203465,0.1837679,0.121622264,1
14.668629,0.25899407,0.010677034,0.5972942,0.058019754,0.46451303,0.038063735,0.09231454,-3.666228,19.072357,-0.023772327,13.820828,20.567522,0.35697204,0.14569435,0.08369553,0.3988023,0.014835779,1
10.858129,0.20346661,0.014680484,0.44784272,0.041444656,0.49014056,0.03495,0.04,17.889542,15.950081,-7.908917,17.21862,19.69941,0.3906783,0.2629359,0.17960891,0.105390064,0.061386846,1
13.6832695,0.25507993,0.0079530375,0.52878946,0.036658227,0.42982543,0.019224675,0.103230536,2.9091551,7.227264,-1.1181479,5.411734,22.109884,0.47579727,0.36544952,0.10697102,0.051722977,5.9238377e-05,1
10.309439,0.26764742,0.012556722,0.41214684,0.07607902,0.44666466,0.07298435,0.18829918,7.475388,19.73422,-3.3058016,12.981432,40.495274,0.6624093,0.24087934,0.051846422,0.02244319,0.022421768,1
15.257284,0.2604805,0.009463854,0.49114496,0.09323918,0.5812253,0.057389878,0.18641904,1.9983503,21.369244,-4.179328,16.043598,38.750355,0.31324756,0.37927735,0.18479303,0.086053215,0.036628854,1
12.756262,0.26256952,0.014765453,0.5034193,0.046979573,0.54802203,0.0476066,0.1675913,-8.8563595,25.212156,-12.608611,6.91199,23.704504,0.5180622,0.26622805,0.022324521,0.13393411,0.059451155,1
11.853898,0.28867295,0.008653437,0.42619705,0.05245011,0.46189266,0.07342032,0.11025086,1.0256243,6.497116,-5.475438,3.0,23.056273,0.29578176,0.2010604,0.44453916,0.0106990095,0.047919672,1
12.155712,0.23998933,0.015417095,0.54472846,0.077722564,0.5100913,0.027114574,0.098379456,-10.758327,5.0,-4.2186394,4.9306555,10.972024,0.5012851,0.35223192,0.051266506,0.060720406,0.03449609,1
17.861797,0.27817956,0.020664351,0.48753962,0.06994916,0.36545035,0.03312842,0.19498385,11.953351,19.195417,9.404754,7.100923,19.040176,0.35431647,0.40221056,0.046411213,0.19029646,0.0067652864,1
12.669324,0.26669222,0.020978324,0.51234955,0.058287054,0.4988739,0.082346514,0.0866748,-7.486225,13.003385,-8.422085,12.244727,20.334642,0.40506974,0.44751266,0.06042566,0.054774124,0.03221781,1
7.881563,0.2435309,0.008772786,0.5979607,0.044414755,0.47563136,0.10562814,0.13157591,-5.7189107,8.849961,-0.87446374,7.7342606,22.92221,0.46691057,0.19286056,0.21829106,0.12189955,3.8261584e-05,1
13.344764,0.32022315,0.011669513,0.46578586,0.07618151,0.4538084,0.07368453,0.19757974,8.131783,16.537655,-6.8671556,10.012481,22.012226,0.23787804,0.54643595,0.08072776,0.12911475,0.0058434913,1
13.956162,0.2924343,0.019263826,0.5680159,0.083058625,0.4822967,0.06943144,0.13495785,-6.9831705,13.753492,-10.915756,7.5826674,27.503311,0.28769806,0.13244309,0.17363103,0.4044976,0.0017302417,1
11.421161,0.246408,0.018520217,0.61543024,0.07983499,0.47098106,0.04836283,0.118260875,-2.1905515,9.619049,0.08674405,9.485831,31.424643,0.25211945,0.26548558,0.26363084,0.064978965,0.15378515,1
11.791588,0.28551754,0.011923994,0.6105283,0.07053027,0.38804525,0.048822716,0.17639355,-22.0,15.586031,7.2410903,9.735102,20.905424,0.31562397,0.37144145,0.07543629,0.02358123,0.21391708,1
7.7351356,0.22831613,0.012567652,0.48494917,0.048885904,0.5975841,0.064545386,0.13288048,-3.2259877,18.832512,-4.1659646,7.470491,36.058483,0.61943495,0.050357215,0.19336896,0.009049009,0.12778986,1
12.388303,0.25009564,0.015411324,0.42218703,0.07629109,0.54655725,0.08745796,0.13784684,5.9429164,16.874647,-10.781238,13.285017,28.419668,0.37109444,0.46904585,0.09548306,0.0014794488,0.062897205,1
7.1420746,0.3098271,0.0058335373,0.44320548,0.074796565,0.4528543,0.068530865,0.19058852,-6.2640133,16.91254,-2.7275615,15.52126,32.21796,0.15454343,0.37547392,0.28126374,0.06226432,0.12645462,1
10.996898,0.28054544,0.017626652,0.3730654,0.043735698,0.35676026,0.07915916,0.04,5.5927963,18.217129,-4.0440235,5.4045167,22.923172,0.7453009,0.0443767,0.036551453,0.049194127,0.12457682,1
9.322709,0.27813593,0.020415356,0.5548815,0.06395317,0.30806044,0.04167543,0.1443536,-0.16157821,7.543084,9.51553,10.869264,29.825222,0.2242982,0.10014613,0.43282086,0.23839092,0.0043439055,1
15.931624,0.29960904,0.013054442,0.5598469,0.07732861,0.62032926,0.07233851,0.0993472,10.878346,15.743515,-0.80481327,4.281882,29.174574,0.12803265,0.25881273,0.53396803,0.0009054214,0.07828118,1
18.199772,0.28833833,0.007903905,0.5093919,0.06843519,0.4678437,0.046573117,0.12171107,-7.3498054,17.199795,-12.535101,3.0,36.273098,0.13258886,0.3805883,0.057853553,0.3719209,0.057048354,1
7.422703,0.26201844,0.022063069,0.38990912,0.030789314,0.53340876,0.06280304,0.13451825,-2.4154994,14.110299,2.9228535,14.146168,30.568851,0.11651297,0.25783393,0.4120233,0.21340977,0.00022004524,1
11.981519,0.29809213,0.016097145,0.47077724,0.057192925,0.41358897,0.072316416,0.10298117,-14.696552,11.852842,-0.57247996,18.029623,31.97596,0.14183688,0.026948983,0.6510303,0.11274953,0.067434266,1
10.758562,0.21933134,0.018544799,0.6104207,0.055862468,0.458484,0.049375337,0.13914089,-0.9207541,12.269103,0.54777366,8.68654,22.296923,0.07014562,0.20157428,0.010395333,0.23339365,0.4844911,1
13.857754,0.24997576,0.008394337,0.5487731,0.08118588,0.4620567,0.039658446,0.14541459,-4.2155437,14.533055,-2.8857555,17.333189,34.37146,0.3608003,0.17163806,0.42740634,0.0003168735,0.039838415,1
12.384967,0.26709148,0.008412593,0.5626438,0.121967666,0.4969023,0.06725192,0.13813822,9.601174,20.571915,1.0581027,7.407199,17.066921,0.9325404,0.00677019,0.049721263,0.010961002,7.1107306e-06,1
10.450499,0.28643188,0.017070606,0.75,0.0726793,0.48629078,0.057304557,0.13445657,-6.247352,23.63611,-2.9156363,9.062064,21.98872,0.1458835,0.24892293,0.57926834,0.002053657,0.023871563,1
12.375002,0.26025003,0.020137824,0.52624595,0.04604065,0.4154414,0.06272261,0.12529597,-4.2372885,22.617254,-7.780642,16.670942,27.969109,0.66464263,0.21918191,0.043188706,0.06802462,0.004962142,1
11.141395,0.21647818,0.009353809,0.32730767,0.06678988,0.41471192,0.07314288,0.12608269,-6.751802,8.196297,-5.060469,6.3493443,17.931055,0.30229285,0.17086539,0.03670057,0.48679832,0.0033428734,1
18.356539,0.21226566,0.014490989,0.411912,0.07021269,0.47429174,0.08614572,0.1331757,0.27164543,11.303424,-6.81166,13.666717,19.537745,0.16492291,0.08746663,0.14186959,0.000886735,0.60485417,1
8.825418,0.2679572,0.0070638857,0.52444446,0.085131906,0.35719812,0.07326531,0.09230337,19.885147,19.287315,-3.6102965,8.60689,19.541245,0.2351274,0.5133459,0.11647428,0.040538233,0.09451416,1
13.029947,0.25566673,0.011492196,0.5014991,0.09484244,0.42238468,0.070638806,0.18080467,-22.0,22.503618,-5.4439034,7.1171784,28.65065,0.40308475,0.3204822,0.21454884,0.05671859,0.005165622,1
14.038534,0.24270068,0.013714881,0.48624098,0.09782036,0.46921033,0.049992457,0.12635547,-0.47822356,11.165941,-8.202072,7.964782,24.887323,0.09038085,0.8554595,0.0107380785,0.040729478,0.0026920952,1
13.753909,0.23768187,0.017444026,0.48764548,0.08074459,0.50782496,0.053063195,0.11386495,11.743897,16.91636,-7.271252,3.0,32.746124,0.36460006,0.22837579,0.046738833,0.07081131,0.28947398,1
10.808442,0.27401328,0.004471122,0.43724516,0.069984145,0.5852405,0.06909007,0.14583376,-5.1454873,10.340702,-6.0251946,15.044358,39.16413,0.27887225,0.20362565,0.14092311,0.13551348,0.2410655,1
17.473095,0.30906785,0.021601992,0.52990514,0.09966804,0.44664747,0.052735027,0.1254124,5.269967,17.382444,-18.0,10.905201,27.89306,0.67841953,0.08403516,0.14381628,0.08673408,0.006994948,1
5.0,0.2740158,0.014147255,0.61154884,0.06304996,0.482528,0.069007196,0.17970496,11.773755,12.782754,1.1710186,9.408003,22.419653,0.33685556,0.22042815,0.022079807,0.06970586,0.3509306,1
7.6242547,0.3094681,0.021471936,0.6385871,0.07108959,0.34928453,0.043687657,0.16578732,-2.761745,16.914612,-3.5644963,7.228227,28.578331,0.09823287,0.544252,0.059951067,0.29193187,0.0056322278,1
14.65428,0.25878024,0.018493487,0.6363187,0.065131254,0.503437,0.09858699,0.1337176,-6.525703,9.940984,-10.280422,11.247105,19.730064,0.33110362,0.30549997,0.33732963,0.024481582,0.0015851952,1
8.479569,0.28330326,0.019261502,0.42352268,0.027374167,0.41634497,0.06387356,0.1675566,9.354132,7.8306165,-1.8616383,13.533804,25.55435,0.7904692,0.09161054,0.045954846,0.0130103,0.05895507,1
8.24596,0.31056118,0.025101481,0.49838597,0.09543514,0.45842355,0.062560104,0.13941073,4.953712,30.0,-9.556767,8.90182,43.235764,0.071246326,0.22295317,0.23562793,0.19735444,0.27281815,1
10.131218,0.26526377,0.011091927,0.4748928,0.083510384,0.5133117,0.05034789,0.08383552,-0.62369376,16.346706,-9.556982,13.854359,24.578327,0.21186815,0.015410722,0.36013752,0.3844736,0.028109994,1
8.857427,0.27077916,0.015677217,0.54735786,0.022599809,0.51623785,0.09826042,0.16559471,6.112478,26.673555,-3.3775437,11.100398,28.118555,0.3751449,0.35088137,0.27179587,1.6696035e-06,0.002176217,1
14.548356,0.2587655,0.010046459,0.4933843,0.09003508,0.37823766,0.034934193,0.053982165,9.603317,23.545248,4.0143642,9.62648,24.869318,0.5896605,0.14402407,0.20339486,0.06288644,3.4109034e-05,1
15.6176195,0.2877752,0.014488953,0.4819498,0.06393126,0.5361365,0.04593966,0.04,-0.53019977,7.821968,-4.040875,13.649451,23.132923,0.13865909,0.025943967,0.10717185,0.24367443,0.48455068,1
12.353261,0.29706815,0.018600473,0.6163663,0.08977092,0.4772788,0.07707183,0.15791984,3.0545778,17.808922,-11.431134,7.9683394,29.366314,0.6990666,0.07110033,0.016337773,0.21331082,0.00018447831,1
16.218506,0.2805384,0.020636681,0.50787026,0.0715158,0.5687025,0.06479313,0.1477425,5.224677,9.527615,-8.462692,4.993871,17.103636,0.35390955,0.005617983,0.16274677,0.24826437,0.22946131,1
6.454262,0.26311675,0.013088702,0.50993466,0.042853214,0.58231413,0.04846464,0.1450701,-4.6186776,14.519008,-0.056668937,9.7876425,24.83669,0.28450796,0.4505693,0.22944647,0.027134424,0.008341839,1
12.303551,0.2250083,0.008976068,0.53305906,0.07052707,0.59242916,0.049038246,0.18558227,11.879721,6.575509,-3.170041,10.141115,16.497866,0.101699606,0.77358073,0.11765226,0.006791402,0.00027600685,1
17.391813,0.26854712,0.01536653,0.5540955,0.05203095,0.38029063,0.054182183,0.12901136,-10.309067,8.128869,0.7163027,9.110711,36.811317,0.5522655,0.2710104,0.06284025,0.08911291,0.024770906,1
15.907423,0.2642414,0.01073916,0.5545565,0.0455423,0.50815994,0.062042795,0.11486999,-1.3125012,11.726049,-3.2458005,14.75958,32.91045,0.18377003,0.48829255,0.18685395,0.05503973,0.086043745,1
17.745176,0.27707988,0.012110598,0.62417096,0.08734058,0.369582,0.09107262,0.16186559,7.6750493,13.271268,-0.60417646,12.001969,20.622799,0.7270404,0.14114197,0.11886228,0.0015637338,0.011391612,1
9.639817,0.27350378,0.018358663,0.39715073,0.07783091,0.57110155,0.07210324,0.10144825,-10.564292,16.194136,8.090971,9.539745,13.009178,0.523897,0.0692043,0.18227392,0.22231367,0.002311135,1
15.668759,0.31717226,0.017428149,0.525957,0.09995138,0.581064,0.0804667,0.120475635,8.713291,10.819057,-15.466241,9.9779625,29.43258,0.3112324,0.6400417,0.0015429137,0.046604358,0.00057864777,1
10.292895,0.2491077,0.01917101,0.49180964,0.0621123,0.5484636,0.051314514,0.14010292,1.9029397,16.746542,10.850005,10.322518,25.693981,0.3363779,0.37115178,0.16190615,0.0109568555,0.11960733,1
14.380611,0.22274211,0.013313906,0.4759297,0.050741933,0.45027804,0.07031459,0.14330167,13.251787,21.678825,0.55543685,12.104211,41.70639,0.34301502,0.44867557,0.03349161,0.03224071,0.14257708,1
17.243507,0.23572394,0.020044869,0.56062245,0.08277609,0.5180973,0.028904218,0.116679005,6.1278496,17.36945,12.3748045,10.210137,35.812145,0.5286307,0.26206776,0.06967396,0.00049314415,0.13913448,1
8.8237295,0.2509913,0.015071744,0.6037234,0.05332636,0.44134283,0.06364275,0.11038083,-1.6277548,15.663386,-12.882764,9.38215,30.446043,0.2037568,0.50765866,0.23732409,0.010311996,0.04094843,1
5.0,0.30246022,0.013579222,0.45265925,0.0637961,0.4809639,0.062359206,0.085203245,2.3160489,17.708143,-3.3228395,4.663184,22.30233,0.058935635,0.23761287,0.4063802,0.2831827,0.013888577,1
19.39026,0.23108272,0.009505987,0.634955,0.08050191,0.4735454,0.096428335,0.098513,2.6752286,8.82509,-4.884364,7.1608167,24.168839,0.7650349,0.029331844,0.006253838,0.16370758,0.035671823,1
13.952509,0.23508593,0.004550324,0.38546818,0.067481086,0.340116,0.0911517,0.20276354,20.232788,20.760035,0.18478096,11.1080065,28.114761,0.26212615,0.6612166,0.05748298,0.015564428,0.0036098578,1
11.571682,0.28241718,0.0071803615,0.5472209,0.06022538,0.4233346,0.054831203,0.11937693,0.8469059,10.011841,-2.7117174,10.752017,28.485231,0.32698938,0.06404679,0.2808692,0.32601348,0.002081154,1
11.351971,0.29547918,0.016077312,0.42874512,0.041946758,0.6389602,0.043657195,0.13757005,-1.3799399,23.759315,-3.4958522,4.058675,21.046331,0.4501131,0.3825008,0.11718497,0.018109456,0.032091692,1
5.0,0.22352284,0.0104624005,0.44865826,0.08873783,0.47393158,0.04420616,0.07034888,-1.9546903,19.853765,-0.54754597,7.7523313,16.451576,0.2587664,0.24356718,0.45149723,0.029338662,0.016830547,1
12.834925,0.21683836,0.006773683,0.50480634,0.062631465,0.4912159,0.0541071,0.23252843,1.8885596,18.78281,-6.7476673,6.2809877,39.49759,0.7467564,0.0796291,0.02488047,0.058596477,0.09013758,1
9.877739,0.2464039,0.012903123,0.46809417,0.08236186,0.47939306,0.08603482,0.0955414,-11.343124,19.00049,-9.610806,15.458535,26.237011,0.07027598,0.42186385,0.054754365,0.21032263,0.24278317,1
12.209899,0.28972086,0.0163989,0.27093786,0.07971985,0.4512633,0.068298146,0.082997024,-3.8276417,15.990541,-2.8272538,11.004533,28.969326,0.22041395,0.044694778,0.3272381,0.40337074,0.004282419,1
12.121172,0.2742968,0.017075347,0.5489176,0.09182574,0.4825275,0.07036017,0.1275527,-10.121351,12.068073,-9.624677,11.721392,19.997953,0.6556519,0.22758558,0.09344511,0.017811421,0.0055059534,1
5.0,0.24750078,0.014855649,0.56238085,0.06528863,0.45150933,0.07622413,0.09430083,-8.814645,11.291115,-6.878722,9.733118,35.56338,0.33365336,0.044741217,0.26723984,0.33900997,0.0153556,1
13.95986,0.29218292,0.014695694,0.48711494,0.06304562,0.32019353,0.040116858,0.14459926,8.041001,24.75696,-16.087767,7.4946923,33.28056,0.13950588,0.10971881,0.54993224,0.19747652,0.0033665658,1
12.755878,0.27372915,0.012307952,0.4808289,0.04783463,0.5350359,0.045818817,0.06953426,0.26271152,16.51652,-5.6085186,8.218241,26.423332,0.08184617,0.16549766,0.21349978,0.019342704,0.51981366,1
13.29308,0.26677212,0.01816953,0.4701688,0.059146985,0.5929009,0.070404656,0.17548196,-7.418566,10.425355,-12.50051,11.970894,27.470789,0.073310584,0.71562207,0.018704098,0.19232704,3.622418e-05,1
11.266321,0.22156954,0.014115927,0.36308277,0.07682327,0.39850754,0.04442156,0.16759437,-1.5028113,18.583557,-6.2308407,8.959611,27.994886,0.5674647,0.38240233,0.024751894,0.02520102,0.00018006931,1
12.195693,0.24688445,0.014618338,0.35461694,0.05365891,0.45110056,0.02947184,0.12525277,-2.4605272,17.714417,-13.602193,12.012344,26.687288,0.35354462,0.3499071,0.048874352,0.21790323,0.029770691,1
12.691234,0.3287078,0.020189226,0.5642905,0.07631574,0.5849968,0.038348354,0.06377921,0.52692246,14.353303,-6.135323,10.571893,29.905338,0.2078008,0.5758999,0.10544473,0.05830181,0.052552775,1
13.097053,0.2599112,0.0189595,0.58517605,0.09934584,0.4260018,0.081087224,0.09750987,-15.071043,11.509886,0.29794195,11.182182,28.636103,0.722288,0.095876396,0.05209841,0.12890682,0.00083039183,1
13.902345,0.24129619,0.014075674,0.54774636,0.061095756,0.5071402,0.05251838,0.13250102,-10.912612,19.677797,-10.170883,11.386229,24.76868,0.25311843,0.09750851,0.6413372,0.00019238675,0.007843459,1
13.131051,0.25853246,0.013364717,0.5303403,0.04371261,0.68,0.064517014,0.08157956,-14.414606,20.730236,-12.533031,7.8953786,17.81995,0.105706625,0.56326187,0.048135858,0.27413744,0.008758208,1
19.398916,0.27357253,0.0133258095,0.56261754,0.061731976,0.5242589,0.039349478,0.088087074,-8.995941,17.611984,-0.5285135,8.756318,25.822628,0.4288388,0.08014968,0.2519225,0.06484171,0.17424734,1
9.09594,0.29650033,0.0048936675,0.5572888,0.0415468,0.48481777,0.06758807,0.17197196,-7.22722,16.357718,0.39293852,13.635387,31.251816,0.11785742,0.5466562,0.052509505,0.13094305,0.15203387,1
10.500181,0.28863254,0.020484481,0.4371876,0.09668447,0.54171973,0.05460816,0.13619669,-10.345463,12.088049,-3.0325525,17.305443,30.705107,0.16058208,0.19057605,0.0760647,0.17907934,0.39369786,1
18.771826,0.24970213,0.011575963,0.5177969,0.07169703,0.53437227,0.06892396,0.13493323,7.6441617,18.399199,-9.258169,13.671969,35.1869,0.20912127,0.069586925,0.26935637,0.16714638,0.28478906,1
11.38159,0.3081473,0.019273087,0.4763142,0.055430926,0.43364158,0.05044237,0.15109837,18.399488,12.826537,-10.407801,3.0,35.92764,0.6078562,0.25757575,0.03672529,0.09231783,0.005524921,1
15.726551,0.29444066,0.015207942,0.47737098,0.058802877,0.35844898,0.07008568,0.12344708,8.255816,9.637634,-8.3204,6.9680085,30.911371,0.6015512,0.17784326,0.16480431,0.014889897,0.040911373,1
12.54202,0.256646,0.021958334,0.5912164,0.04635774,0.52157396,0.049459748,0.12761977,-5.653991,21.627985,-6.414148,10.458867,27.312098,0.5411803,0.015990926,0.24299867,0.19043958,0.009390539,1
11.088753,0.26615405,0.017647425,0.6259729,0.090222806,0.53207004,0.058393545,0.14823942,2.101873,10.850499,-18.0,5.607131,28.404526,0.21568699,0.5024529,0.018117713,0.10760528,0.15613708,1
15.944993,0.28802007,0.019560616,0.3122926,0.106743924,0.45917434,0.0545664,0.16235933,-0.66412973,6.5153193,-12.882048,5.4196506,21.979391,0.09526214,0.5452948,0.15389319,0.20525686,0.00029299912,1
14.07369,0.30224112,0.012039611,0.47959405,0.040118143,0.5951637,0.06052475,0.14992411,-6.088202,22.545076,2.7560937,8.325132,31.594938,0.04730825,0.42695326,0.25903106,0.19362977,0.07307767,1
5.8639607,0.22443996,0.008572954,0.47540507,0.09086522,0.5811315,0.06558129,0.18841553,13.24717,7.2778025,-4.548004,11.38129,35.26572,0.7421601,0.16075292,0.03435835,0.01890416,0.043824513,1
12.693973,0.2721135,0.01573763,0.59291774,0.06508298,0.5342162,0.05010193,0.13098522,20.07213,14.051303,2.5888638,12.470146,33.291393,0.25600374,0.4659935,0.051703386,0.09209333,0.13420604,1
8.019753,0.26906627,0.005414075,0.38396996,0.0953498,0.4604965,0.057607632,0.076113135,-14.700093,10.521927,1.1097343,8.530613,29.894524,0.25231892,0.22009706,0.14967795,0.1011523,0.27675378,1
17.08461,0.252881,0.012660235,0.26083377,0.033323437,0.33363518,0.06372973,0.17353082,14.402673,12.381,-8.187177,8.2235,24.315422,0.38850704,0.075177364,0.110316634,0.42318124,0.002817722,1
19.01436,0.25272596,0.009052836,0.5656748,0.07450789,0.46779516,0.07015374,0.12019655,-5.909812,27.120354,-8.081453,6.6252728,23.508196,0.26319984,0.38995743,0.17731333,0.050496187,0.11903322,1
19.49589,0.3016313,0.010801704,0.5770347,0.06184201,0.3514666,0.058478292,0.099252395,-2.6231813,15.492178,0.76594055,12.028387,24.881506,0.12837738,0.36607772,0.4071529,0.001436779,0.096955225,1
13.430054,0.28604034,0.017978463,0.35727963,0.08318178,0.31500354,0.042258944,0.15849398,2.8267758,17.799526,-0.68945396,11.75956,20.88883,0.50452524,0.026293103,0.40721425,0.007134575,0.05483282,1
10.153729,0.33319902,0.017649833,0.49004787,0.071222834,0.5253011,0.061729085,0.14483087,15.476576,19.95244,0.9119068,13.628182,27.92272,0.08709498,0.008308704,0.43743548,0.02374571,0.44341514,1
13.287033,0.2529062,0.0141902,0.6224145,0.07044512,0.5620615,0.07340688,0.07885009,2.8124928,12.765882,-6.094697,10.519011,8.0,0.11146249,0.36374992,0.073608875,0.0152920745,0.43588662,1
8.241102,0.27411404,0.016600043,0.4137565,0.067880265,0.34345827,0.033337366,0.15682521,4.124574,21.375702,-5.0019407,4.755181,22.228477,0.16574235,0.3245786,0.05821983,0.40217024,0.04928896,1
21.381996,0.279291,0.012296554,0.5080841,0.10124598,0.46204183,0.0335707,0.20497267,8.5336685,17.880047,-7.7889247,8.6044445,26.477016,0.5412519,0.15653922,0.08188027,0.095391005,0.12493763,1
16.777428,0.2968825,0.027133306,0.54063696,0.06650052,0.4787755,0.046755772,0.14294472,10.11141,19.769016,-6.3742795,13.427678,43.511597,0.42586505,0.49199677,0.014359342,0.0051787244,0.06260012,1
13.218105,0.3107524,0.016504187,0.38578948,0.08728567,0.45953166,0.056153398,0.11975265,5.111345,12.376175,-10.799503,3.0580812,26.030985,0.36807868,0.43892506,0.16186768,0.009885456,0.02124315,1
15.988196,0.27280834,0.01204839,0.45489267,0.08257027,0.3835041,0.01606171,0.06322978,10.173418,18.219952,-6.523499,9.6606865,26.288933,0.37223008,0.5729508,0.024782762,0.00018061172,0.029855736,1
10.033104,0.23715673,0.019376833,0.3647331,0.087776184,0.57317257,0.0714818,0.21204872,-5.978907,15.955302,-7.1200643,11.140602,20.16529,0.283604,0.3524477,0.008408099,0.22953506,0.12600517,1
7.5681677,0.24867365,0.02120093,0.48683745,0.04970499,0.38543773,0.05634936,0.109321594,-17.344809,21.648766,-9.211182,18.01475,38.03675,0.2736683,0.33940223,0.31156048,0.07187351,0.0034954695,1
5.0,0.27428183,0.011128905,0.43672052,0.08414346,0.34355614,0.0129780015,0.07368046,18.24998,13.298322,-0.46196476,7.595542,20.30627,0.12500623,0.3293535,0.4799645,0.00957076,0.056104995,1
12.332227,0.30368286,0.007907199,0.51661485,0.07673739,0.38378868,0.037736632,0.13443379,-10.376852,26.161077,-15.87166,9.513292,40.22959,0.18335372,0.092516735,0.026628155,0.5363868,0.1611146,1
11.167382,0.22660781,0.00889773,0.550786,0.04621087,0.513694,0.05398832,0.17032996,-5.3384566,17.693615,-3.6379397,16.750406,20.820404,0.4151871,0.15103401,0.38315454,0.0075363093,0.043088045,1
14.077157,0.23489991,0.01165022,0.6110903,0.06575209,0.46129572,0.024549253,0.1794366,-3.315273,15.373911,-12.451833,7.6467094,32.591415,0.28978503,0.57954276,0.033399057,0.019273682,0.07799947,1
12.052291,0.2927146,0.014728657,0.68658245,0.11588559,0.42608273,0.07940923,0.103111215,-5.038888,14.789039,-11.93496,14.298823,25.603117,0.16155052,0.34922186,0.15340163,0.19494425,0.14088176,1
13.895541,0.23119119,0.0068543497,0.516616,0.06216387,0.51693547,0.06373666,0.12605897,-7.261472,15.965775,-11.334988,11.570642,22.063358,0.39827314,0.28492072,0.1258646,0.18438073,0.006560824,1
15.244333,0.23624931,0.012908765,0.47467437,0.06264701,0.503284,0.07356379,0.1300165,4.635847,12.856698,-2.7041287,9.115952,33.067127,0.34141162,0.5309387,0.016129017,0.003998367,0.10752231,1
6.1592755,0.30409613,0.013960313,0.4700268,0.079014204,0.3184875,0.039419588,0.16906232,4.7422857,19.333578,-18.0,11.806468,35.2995,0.5937939,0.029179731,0.18977705,0.12944315,0.05780611,1
15.475599,0.26336035,0.0166243,0.4228107,0.059182588,0.51622975,0.068227455,0.15371336,6.1993694,15.940425,-4.819097,9.409952,24.701294,0.051729873,0.74996585,0.06032292,0.07771826,0.060263086,1
10.373679,0.26106563,0.018058911,0.5358524,0.07280906,0.5626863,0.04678713,0.14082499,5.5719986,25.718056,-5.6818233,19.031256,25.830702,0.49605578,0.041023348,0.10650021,0.29926747,0.05715321,1
14.070315,0.3110488,0.017007718,0.46041006,0.061021816,0.47137728,0.056150626,0.16659306,-4.1668158,13.833389,-12.791138,3.0,23.111744,0.3534307,0.46597323,0.00732232,0.12625325,0.047020495,1
16.088907,0.2381107,0.023960866,0.5414442,0.07804772,0.46355596,0.067056604,0.07551729,-4.1832595,15.396769,-4.724523,8.870133,27.56839,0.16172306,0.046422552,0.71365803,0.0029707383,0.07522563,1
16.116377,0.23208046,0.020470617,0.42535788,0.06876226,0.61257124,0.058598697,0.14683498,11.191933,13.828446,-14.492762,8.987375,18.337364,0.16630058,0.26455373,0.2942943,0.24952596,0.02532541,1
12.516611,0.3188764,0.01610981,0.46271387,0.10903986,0.4303127,0.076168396,0.13886385,-5.213852,25.345213,-6.306355,9.464029,8.0,0.241425,0.11089719,0.36168584,0.0011897441,0.28480223,1
12.713903,0.27699968,0.010147562,0.5345883,0.07092014,0.46840376,0.06278156,0.12799974,-5.4125123,8.77135,-14.756923,14.321698,12.908402,0.60477525,0.1358706,0.20452589,0.021023043,0.033805247,1
15.567649,0.29039115,0.011622513,0.49000758,0.06554778,0.5031686,0.05073747,0.12001302,9.294976,16.468204,8.352347,8.211853,24.452568,0.3610431,0.18368128,0.3306088,0.0033300647,0.12133678,1
5.9952955,0.26066747,0.007856673,0.34637427,0.090588726,0.4833908,0.07685761,0.13536598,-0.18583839,17.564917,0.029840777,11.968161,18.510824,0.5039145,0.056531843,0.36666095,0.008126783,0.06476593,1
8.193684,0.26680204,0.015766725,0.49878457,0.04217831,0.4609401,0.08107306,0.10719248,-5.0506654,10.359886,-4.2747355,10.925866,25.176872,0.22703297,0.36496148,0.35754135,0.014692959,0.035771232,1
10.882973,0.24888703,0.01665681,0.4358581,0.10383445,0.4862457,0.06175193,0.23909166,-4.956166,29.215935,-12.6862545,13.353906,22.412638,0.4695308,0.18322293,0.3276395,0.002041426,0.017565362,1
6.6688237,0.2795436,0.019464564,0.59451437,0.050230384,0.5898262,0.08672215,0.18435897,11.239036,11.347174,-7.928706,9.45127,21.055416,0.4231166,0.36632907,0.11970393,0.0052052443,0.08564514,1
10.913133,0.2949412,0.016336592,0.5776889,0.09384895,0.53653604,0.05529117,0.1737164,5.860237,16.167618,-7.6393414,11.28883,21.45809,0.5596024,0.21938948,0.09475554,0.11037042,0.015882177,1
10.694604,0.27587944,0.020269943,0.31736556,0.099132195,0.47476974,0.057441298,0.108812906,2.365357,24.420141,-4.306696,9.506241,32.770424,0.232823,0.4584341,0.002103571,0.30253172,0.0041076224,1
12.348427,0.3018272,0.020372495,0.56411994,0.059483875,0.4195242,0.060087577,0.09171229,-11.663392,14.124672,-3.2101493,6.0557857,27.64696,0.55905384,0.11810708,0.12443457,0.03419194,0.16421257,1
11.772467,0.28987187,0.00985952,0.53114396,0.06140574,0.4288297,0.057404064,0.12152191,2.4078805,16.718142,-4.4258695,16.396147,36.954647,0.383666,0.053950556,0.36307368,0.10345277,0.095856994,1
16.277393,0.23854673,0.012409683,0.38127658,0.06781644,0.54651517,0.05378912,0.13456638,-2.1279485,14.276131,-3.6038513,6.9512644,26.722822,0.117193684,0.4833975,0.19977465,0.08545509,0.11417906,1
14.292019,0.2656577,0.014944808,0.5702659,0.08243093,0.36846745,0.04570283,0.0720644,-9.124456,15.733596,-7.1889524,8.086049,12.630346,0.22933945,0.19453287,0.113848075,0.08488209,0.3773975,1
11.715875,0.25654817,0.011469627,0.39760923,0.050038837,0.6482233,0.040117566,0.14919907,-6.0159445,21.407288,-3.6027608,6.572711,18.69339,0.18575288,0.49964562,0.019694537,0.100073636,0.19483334,1
10.66695,0.29260302,0.013783383,0.5916302,0.067815475,0.47777507,0.06221522,0.17328599,6.9615693,13.892134,-10.465539,11.608086,26.805891,0.686409,0.05227781,0.15338261,0.0019307266,0.10599983,1
11.809768,0.28384763,0.016506294,0.44830492,0.06373151,0.38350162,0.083966814,0.040572904,12.424228,5.0,-13.444492,8.0873575,27.693848,0.28383994,0.39095438,0.28448385,0.0058359285,0.034885902,1
11.880556,0.27382147,0.014384618,0.37855622,0.04697375,0.4927383,0.07628403,0.093985274,-10.574085,15.835234,6.935165,16.060968,21.898071,0.803744,0.17688431,0.01406532,0.003735987,0.0015703673,1
22.075026,0.30040765,0.015001547,0.66965985,0.049099915,0.42395058,0.0677617,0.17911336,-9.312686,16.314589,-3.087955,12.135802,20.429825,0.28613374,0.045198914,0.08769347,0.085239395,0.49573448,1
6.1698914,0.2140296,0.010286806,0.37629372,0.07256494,0.4506709,0.08498338,0.14495862,6.94135,16.977188,6.6426063,8.892617,21.74418,0.4776318,0.2930683,0.029845808,0.19053276,0.008921321,1
8.2949,0.2519061,0.01753221,0.43551806,0.072210506,0.37424597,0.060384948,0.095347084,-4.0919294,15.083476,-7.9231887,6.3609977,24.988792,0.23589128,0.09327926,0.06821374,0.16851869,0.43409702,1
7.7082963,0.2544514,0.017166309,0.45120636,0.054720454,0.4632978,0.04022374,0.15941447,5.52752,11.68731,10.875017,9.557173,25.656908,0.601462,0.19144829,0.026648682,0.1780866,0.0023544028,1
13.077086,0.27755204,0.011187498,0.46354654,0.07158484,0.33141536,0.053011075,0.106231414,-4.2264304,14.77428,-5.4427686,12.080122,18.314865,0.3284624,0.30016536,0.19520439,0.16871619,0.0074516707,1
12.918694,0.28658432,0.008533863,0.5559025,0.057060946,0.43800938,0.058786787,0.12055514,5.769945,24.82596,2.0217192,9.816462,27.723776,0.46955234,0.04514659,0.032837458,0.20299838,0.24946523,1
9.707713,0.26996076,0.021151224,0.50463295,0.09614182,0.42208853,0.049751546,0.0844449,-13.737313,15.789778,-5.770027,9.438581,27.659195,0.12553146,0.5121577,0.093796484,0.018398443,0.25011593,1
15.584471,0.2305512,0.023740876,0.58034426,0.06794036,0.44483772,0.07220134,0.13067658,5.493296,19.264542,-4.845542,5.918121,25.230358,0.55174863,0.11722536,0.012676198,0.07865944,0.23969035,1
13.478627,0.28220317,0.016173549,0.5297534,0.0919507,0.42650604,0.07871079,0.17072761,-20.992373,10.831351,-6.8064,18.97259,21.16306,0.0383711,0.29979318,0.119491026,0.27268797,0.2696567,1
15.752401,0.27384186,0.013191575,0.36616,0.03614621,0.4823775,0.025357526,0.11089981,9.253255,14.542894,-9.449618,9.195555,30.701008,0.29845816,0.021809602,0.49630505,0.077721946,0.105705224,1
16.813818,0.22593859,0.02023139,0.5439886,0.07645532,0.5421604,0.057090797,0.15581828,-0.34019223,10.996937,0.8616959,4.50193,35.265347,0.6851236,0.15125953,0.03906941,0.124407545,0.00013988189,1
5.0,0.26113793,0.01735175,0.51870453,0.08192158,0.5052428,0.0019375514,0.12800361,4.4123244,22.468365,-6.062028,5.699813,22.86233,0.39759558,0.19415468,0.036893114,0.20309132,0.16826528,1
14.742467,0.28122073,0.013946464,0.4500297,0.06724233,0.57094836,0.05816853,0.17316028,2.3712075,8.221103,-0.18694334,8.6235895,21.600534,0.4025293,0.24884322,0.15363503,0.16082688,0.034165557,1
6.839758,0.31959626,0.019840373,0.665898,0.05922293,0.44510296,0.057944965,0.1114785,-17.05847,17.86201,0.32655904,17.779104,29.261425,0.0510789,0.39583346,0.1303394,0.28207314,0.1406751,1
12.99765,0.23732787,0.010951834,0.54866785,0.066922314,0.50273,0.0955242,0.1922008,13.668276,17.70373,3.9003708,9.31839,17.805908,0.4974445,0.015933756,0.30051664,0.17318457,0.012920533,1
11.708416,0.29370362,0.011545975,0.5753381,0.084849305,0.50548804,0.08952514,0.15726355,3.3448598,17.37969,-3.0518,8.500793,17.064053,0.1710411,0.4466696,0.3313181,0.0016358896,0.04933528,1
11.879145,0.23770578,0.016818158,0.57812583,0.045789335,0.5606156,0.07864701,0.13976052,7.563286,5.0,-16.576797,13.378769,21.458105,0.14756182,0.45452818,0.2685369,0.12794842,0.0014246787,1
7.1815147,0.23188175,0.015571207,0.4663957,0.0840098,0.42886883,0.040805224,0.1412203,-7.992167,5.885311,-8.241441,13.670739,28.166386,0.6927029,0.025292581,0.18793587,0.03179999,0.062268693,1
16.121946,0.23365226,0.018186396,0.5506708,0.07636731,0.53521824,0.039649844,0.111400545,2.4077547,16.585281,-6.176409,12.636351,19.836905,0.12740497,0.61729836,0.20135157,0.053650305,0.00029479523,1
6.8380203,0.28815043,0.020966655,0.52528214,0.064784154,0.4199883,0.038078923,0.10882646,-13.09898,11.384409,-5.9130945,10.799503,25.86873,0.22516209,0.26489165,0.2313627,0.095952965,0.18263058,1
15.002134,0.27389678,0.0072377543,0.45543796,0.06563874,0.4401056,0.09053235,0.1404877,1.4922669,12.785722,3.2287676,5.582655,11.934657,0.15275258,0.759798,0.0043820417,0.081256784,0.0018106147,1
6.2724385,0.26055932,0.015194759,0.40227336,0.07123721,0.45489407,0.04179116,0.08205066,-9.395652,13.8773,1.9535897,6.995933,30.317547,0.06704744,0.13130559,0.733246,0.050089274,0.018311685,1
11.9285755,0.28373495,0.024505403,0.5019385,0.10317239,0.51172215,0.0522886,0.105932325,22.0,10.73516,-7.0144,3.6362886,36.083195,0.09141932,0.18105073,0.17434402,0.3847994,0.16838653,1
19.217566,0.27122465,0.012017231,0.54695433,0.07696005,0.40390947,0.042004637,0.09250979,6.0515904,9.873452,11.010663,9.104149,19.630909,0.28668317,0.123399034,0.30916974,0.24230255,0.038445506,1
21.446522,0.27331558,0.011426262,0.50129944,0.051146157,0.41366422,0.03483655,0.15287285,13.308599,15.999723,-8.441845,8.30136,29.10872,0.11810216,0.48407006,0.3879592,0.009683308,0.00018525966,1
5.5251245,0.2608942,0.0037950634,0.4854151,0.061294038,0.43484557,0.06665233,0.1534811,-2.4958687,6.4695883,-7.8738375,7.8862123,24.543604,0.15384851,0.25751546,0.29128668,0.084797606,0.21255174,1
9.181847,0.23917359,0.015508742,0.5021886,0.047108438,0.48339102,0.06306686,0.1807129,3.990041,13.470992,-13.646788,11.117052,26.743177,0.262564,0.024237799,0.6476986,0.035927095,0.029572556,1
9.909355,0.3207392,0.017903043,0.47704166,0.032204233,0.41446263,0.015508824,0.11661387,9.05343,12.662928,-16.91416,7.3712397,24.278751,0.5211823,0.2860195,0.09154267,0.09795056,0.0033049954,1
21.020214,0.31201294,0.01789277,0.62394553,0.046757244,0.49847803,0.033961307,0.09768928,-10.727573,15.881567,-14.26052,8.63814,23.87547,0.43357572,0.48788399,0.030471304,0.037835848,0.010233144,1
11.726693,0.31770477,0.009814744,0.52161926,0.07240152,0.45495176,0.06510376,0.07122815,-6.7258053,27.935896,1.0948156,8.054671,20.168056,0.42295757,0.48124045,0.019293863,0.041239887,0.03526823,1
16.298656,0.25382054,0.014956431,0.461083,0.095479146,0.5260534,0.058555722,0.14083801,9.725036,11.090259,-0.8094859,9.872601,18.349895,0.31465045,0.07117155,0.16201814,0.4103378,0.04182206,1
13.198829,0.24954216,0.01610773,0.35535792,0.08991547,0.4844059,0.051981367,0.18587177,-2.1805193,18.031847,-12.184854,11.4585495,33.695717,0.28349623,0.13199271,0.29928923,0.033272073,0.25194976,1
7.20315,0.25756666,0.015260538,0.4842233,0.046894785,0.6026494,0.07211356,0.1270155,-7.4766207,17.10397,-5.3008456,4.6218677,14.24659,0.2446542,0.4126151,0.0057463273,0.25671783,0.08026655,1
5.0,0.3022232,0.009525977,0.45385408,0.054047,0.48848024,0.03113934,0.13106525,-6.309731,18.79948,-0.3547155,11.812861,25.869205,0.27821708,0.2630132,0.3094907,0.1293094,0.0199696,1
9.547633,0.26999423,0.015386538,0.45088312,0.05122632,0.39471275,0.048100166,0.12975143,-12.224735,14.933542,-18.0,11.05701,25.551165,0.32000402,0.09954492,0.4302289,0.08905187,0.06117029,1
21.267492,0.25370425,0.010927176,0.5754089,0.01836781,0.46510628,0.07036074,0.14016041,-19.593449,23.20728,6.4054794,11.674505,25.671522,0.06723186,0.57671106,0.08567264,0.22567901,0.04470544,1
13.030453,0.28091586,0.0056404625,0.5063788,0.06664718,0.4814798,0.0470141,0.16988197,-16.961308,19.426489,1.3677591,10.532926,30.654068,0.74561083,0.024664752,0.07676481,0.048032876,0.10492672,1
16.217495,0.24790654,0.018406533,0.36540437,0.0860651,0.4163928,0.066250935,0.20676754,0.45703503,19.50603,-0.32639703,11.446256,23.40483,0.3856073,0.1135461,0.25497934,0.19658415,0.049283095,1
6.3270297,0.22933829,0.01570018,0.54950655,0.064952195,0.5861969,0.037075408,0.14993224,6.716163,8.928756,2.4145682,8.337336,30.571009,0.4976455,0.35996667,0.07605122,0.022661347,0.04367529,1
10.699112,0.27387705,0.017959476,0.37343708,0.04464367,0.45830435,0.04352301,0.15257084,22.0,16.481699,-18.0,11.773473,39.901142,0.2479615,0.076803885,0.37786028,0.1814812,0.115893126,1
15.1153755,0.2545178,0.012327727,0.5554656,0.053097036,0.4348732,0.024356043,0.120429404,-0.41385144,13.450723,-7.530004,14.578268,24.934519,0.2610576,0.05640389,0.11598201,0.38223475,0.18432175,1
7.635332,0.269589,0.01813271,0.461994,0.06342307,0.49270788,0.018857468,0.12568751,-12.7996025,11.69182,2.8085854,8.0184765,11.776149,0.0119156595,0.18038896,0.095120095,0.12616852,0.58640677,1
11.74413,0.2,0.02011064,0.5069526,0.0854044,0.41656548,0.05048106,0.12514766,-0.28462434,12.867678,-6.049206,8.163621,25.002174,0.17895648,0.23067103,0.13220648,0.39779097,0.06037503,1
8.480935,0.24323764,0.023769945,0.49800748,0.06634364,0.54764426,0.06900048,0.11535412,7.0293097,15.720405,-0.80126375,12.52202,24.31473,0.13449243,0.27384928,0.57069856,0.01935313,0.0016066099,1
15.3057375,0.2686483,0.019069277,0.48814985,0.08269819,0.5335747,0.057704028,0.13510105,10.301805,18.283823,4.1372237,7.7839684,28.814117,0.36916405,0.23822227,0.124388985,0.069764145,0.19846055,1
13.594067,0.22450829,0.01692395,0.5167619,0.06837317,0.48914373,0.0832057,0.15499498,9.331189,20.908018,-1.0746366,7.1230474,12.041516,0.6424412,0.13023546,0.16993234,0.0002957626,0.05709525,1
14.7335415,0.22552834,0.008100581,0.5065507,0.07473578,0.52140874,0.05214401,0.13254227,5.7277484,20.673473,-7.803965,11.688687,28.27148,0.7297237,0.052371163,0.022416206,0.14848857,0.047000386,1
15.484301,0.27116308,0.0144673735,0.64957833,0.051196616,0.44502306,0.017597217,0.11877919,0.9529387,17.463472,-1.9700555,8.27813,23.050022,0.59745,0.16378254,0.021972261,0.1405032,0.07629196,1
11.089301,0.29104745,0.007886693,0.51791584,0.056283105,0.37480962,0.066883884,0.13503996,7.368115,16.278118,-17.697002,14.886986,31.619152,0.21408923,0.28497007,0.22883151,0.036514763,0.23559442,1
16.012926,0.24324852,0.010905621,0.5197749,0.044883806,0.45720747,0.03842944,0.091605745,-11.848209,14.377564,-2.5675411,8.135154,22.370813,0.5497056,0.06932816,0.34720585,0.02891475,0.004845599,1
9.640608,0.2621362,0.02477529,0.44323832,0.082033105,0.44489396,0.06251761,0.1621336,-20.081697,14.762029,-0.7525501,6.723538,32.075897,0.57282054,0.36485788,0.042497985,0.0014676811,0.018355886,1
14.50288,0.26282933,0.009884832,0.5304716,0.0641763,0.3374425,0.014290361,0.11347364,20.932526,12.098534,-4.943351,9.980857,15.424903,0.38358477,0.19778661,0.35059136,0.045577172,0.022460086,1
5.0,0.22313057,0.003287037,0.41811273,0.0,0.4059503,0.05449902,0.08380125,-0.47020036,13.857703,2.1307082,11.741721,26.124481,0.3701542,0.33272135,0.16880798,0.06053073,0.0677857,1
9.014575,0.30551657,0.01906583,0.5920102,0.07962309,0.39387375,0.07405384,0.1484698,5.3389816,17.769133,-4.049604,11.281268,19.197186,0.40450987,0.27021992,0.26719776,0.034894384,0.023178048,1
21.263212,0.2645113,0.011634665,0.3812521,0.08948283,0.40623432,0.0716096,0.15045531,-22.0,23.701765,-4.9713254,12.155651,22.583212,0.5378285,0.08602436,0.1304177,0.046377666,0.19935174,1
14.443952,0.26483282,0.018840037,0.4325073,0.05376579,0.57333165,0.054985162,0.09560272,15.448991,15.251366,6.8263054,7.787376,45.040607,0.2393114,0.26874036,0.092958644,0.014335986,0.38465363,1
14.445388,0.2811895,0.00914935,0.36966938,0.0796057,0.5158357,0.05897337,0.15494277,11.558655,11.961589,-12.704867,14.541974,19.353014,0.19768679,0.059997864,0.2527955,0.36293232,0.12658753,1
8.704416,0.22320016,0.012870431,0.5335715,0.06580544,0.54754806,0.050056275,0.15535599,-15.656054,20.846272,3.744937,3.3786073,23.391832,0.29906273,0.5800837,0.043453112,0.00025041102,0.07715004,1
7.623158,0.29759803,0.020979408,0.4660901,0.027643591,0.5156712,0.05403402,0.20899522,-3.1730678,5.9879227,3.1907516,6.876574,17.993809,0.09344347,0.18181652,0.15801018,0.3964442,0.17028561,1
10.942559,0.30151832,0.008389899,0.5548742,0.10905935,0.55581075,0.07253548,0.120598994,2.6622787,21.215748,-0.08293278,10.15347,23.851032,0.13434839,0.3366036,0.14293002,0.13437651,0.25174147,1
11.731486,0.27421594,0.0141536705,0.42195272,0.065925606,0.481885,0.045002237,0.12782493,-12.637836,8.83581,-8.83159,7.2115273,24.950274,0.36011684,0.19308493,0.0047474117,0.22401763,0.2180332,1
19.65787,0.28386626,0.016456522,0.542518,0.07402831,0.586097,0.046962034,0.10572813,4.8875723,19.285799,-3.601131,8.7612,20.857994,0.4855,0.083958514,0.0009132159,0.00018528722,0.42944297,1
16.075758,0.2602176,0.011403824,0.54638696,0.057508178,0.39380258,0.02840902,0.14974701,10.456257,13.619554,-11.630049,6.073361,37.03456,0.4642158,0.4194695,0.11563454,0.00065035746,2.9803055e-05,1
12.435712,0.29589882,0.016209852,0.5169438,0.064089395,0.47525826,0.07293395,0.12981583,3.2420316,17.604548,-9.934794,9.167373,34.08618,0.25028694,0.47126696,0.23159902,0.043428242,0.0034188533,1
12.262851,0.24531181,0.015078238,0.5024699,0.07323325,0.40825796,0.053602766,0.16951716,-15.66225,26.415747,-5.0799026,11.852309,19.372341,0.3269821,0.028286468,0.2775414,0.13514598,0.23204406,1
15.032563,0.26902804,0.017672714,0.51097596,0.049149208,0.5669191,0.03474116,0.11264198,-10.36725,11.811117,-12.185337,7.8577995,31.716955,0.18739013,0.24751753,0.40482906,0.15992579,0.00033751488,1
6.7248163,0.2708179,0.024210976,0.4271446,0.103879295,0.5093855,0.07644699,0.14887424,-1.2379726,10.997246,-7.63332,6.4841304,22.639376,0.41095522,0.056674853,0.3078342,0.22297609,0.0015596268,1
5.0,0.26883948,0.028376054,0.41397843,0.086762935,0.5630687,0.05797912,0.12048621,-2.4957113,16.39106,-13.714014,8.156327,17.394821,0.3685316,0.13607146,0.07856277,0.16498686,0.2518473,1
14.973553,0.30207378,0.017316645,0.5435098,0.08033657,0.3817573,0.04406404,0.056300797,-2.2925773,23.62664,-1.4295275,14.41547,20.97502,0.629839,0.13997826,0.043689128,0.030865192,0.15562838,1
12.288051,0.33564615,0.014448029,0.47050473,0.067164354,0.43782932,0.07676226,0.15512162,-2.6465197,16.895824,5.444025,14.382294,17.20824,0.0942771,0.38928068,0.38299876,4.364581e-05,0.13339981,1
6.7515345,0.2667049,0.017204594,0.53627133,0.054775625,0.35512352,0.052081116,0.060078006,-18.040123,16.223078,9.378431,8.087561,32.588318,0.457795,0.31541756,0.16570418,0.03828325,0.022800023,1
5.0,0.28411072,0.0138387885,0.62407905,0.090601794,0.5052894,0.027522556,0.12362063,8.056547,16.8454,-13.234636,12.033148,19.865244,0.035721563,0.45544547,0.089872204,0.22373126,0.19522952,1
15.575467,0.24592717,0.007063088,0.4634274,0.08221387,0.4500305,0.078080095,0.1242453,6.272555,10.97664,-12.004753,9.9266615,35.01693,0.5638047,0.22627378,0.18360747,0.0143556865,0.01195841,1
9.913779,0.30095765,0.014767048,0.45199278,0.06201155,0.5328911,0.042109545,0.12966523,5.2237372,16.896137,-6.3498096,15.136194,26.986107,0.1360114,0.16009615,0.08555264,0.13809006,0.48024976,1
13.601043,0.25447547,0.020410586,0.47405735,0.048309557,0.48221582,0.119314015,0.13189243,4.297154,14.035847,-0.24362685,10.766265,23.174973,0.22298501,0.59171146,0.014436657,0.11931965,0.05154719,1
10.94496,0.36,0.0076762643,0.5031177,0.038481947,0.33088702,0.049996544,0.13149871,-2.841103,22.612309,-6.64398,9.193783,22.48532,0.30825266,0.18546267,0.04967668,0.32307667,0.13353133,1
11.863044,0.21987781,0.010077051,0.5491311,0.070571445,0.36377352,0.018600725,0.1445229,-6.07071,19.989939,1.5428267,16.39951,38.268497,0.45828462,0.02478402,0.23302244,0.27639773,0.007511195,1
9.630997,0.33442336,0.012090241,0.49772903,0.065021515,0.48576897,0.093998246,0.12565076,-10.176132,9.381325,-1.4771981,6.3047953,26.072145,0.13159105,0.16008538,0.19051851,0.43970355,0.078101516,1
11.69396,0.29973668,0.01686172,0.6662838,0.093712494,0.51260054,0.05778464,0.2346279,15.429258,14.584333,-17.576778,11.276817,22.469639,0.39812177,0.051346976,0.061483383,0.48721114,0.001836727,1
14.308293,0.23633274,0.026884997,0.533668,0.08984409,0.32486004,0.06402972,0.11630429,-0.2050863,18.639929,-4.8139677,15.46429,31.974092,0.60112256,0.25513527,0.13310151,0.0075873113,0.0030533453,1
10.897086,0.33958346,0.010953419,0.56246597,0.070777886,0.47415656,0.06654745,0.081095636,-16.605795,11.092361,-13.875512,12.664641,30.098837,0.1762838,0.021475494,0.72470266,0.038720198,0.038817856,1
10.668706,0.24214768,0.015456076,0.49705118,0.06837761,0.4087819,0.031699196,0.07359948,-0.29213902,10.603637,-9.159544,6.948635,19.083351,0.43757126,0.34418863,0.16444099,0.025368093,0.028431013,1
14.430152,0.26057008,0.015028893,0.5809465,0.046958257,0.402285,0.01557838,0.15633027,-20.842592,13.690099,-8.088008,6.7333217,26.036724,0.6612776,0.040868074,0.06466204,0.016560555,0.21663174,1
14.696719,0.23110223,0.013493771,0.48357818,0.09121955,0.4341491,0.09798749,0.06633459,2.480094,17.722206,-0.01678955,4.366048,13.339154,0.18309781,0.6147463,0.042730954,0.08507657,0.07434835,1
7.450039,0.26560643,0.014761486,0.4484621,0.0688654,0.48864633,0.027645348,0.0816101,1.4297934,21.185762,-5.4130077,15.931686,25.76584,0.6505848,0.2110193,0.07083583,0.06546515,0.0020949165,1
11.884365,0.2684191,0.0126763135,0.5724276,0.08210562,0.43054184,0.09167318,0.07584964,-5.419203,17.160372,-8.470104,5.4684267,28.19943,0.39373785,0.12244184,0.08915668,0.3557977,0.038865924,1
9.904949,0.29490092,0.028714888,0.4954169,0.09353608,0.34096995,0.069442414,0.14828569,-9.3948965,28.311682,9.462805,12.853606,29.135056,0.78415555,0.052064795,0.030281087,0.07549291,0.058005676,1
12.054872,0.34314942,0.018748377,0.5196212,0.058687847,0.4880943,0.062417436,0.1832283,5.624261,12.616198,-11.465894,4.2939544,19.003706,0.19446853,0.44629654,0.24086484,0.008448001,0.10992208,1
17.735868,0.2546112,0.012719279,0.57855064,0.053441685,0.45545122,0.04955041,0.092242144,-0.830166,19.701757,-3.197315,20.228363,20.830147,0.5465043,0.32637045,0.016775599,0.08567437,0.024675248,1
13.435869,0.2,0.02091791,0.51111865,0.11937411,0.41432002,0.105092205,0.14688165,-19.416967,10.454514,-0.5430626,4.5884113,27.73176,0.5940212,0.15527567,0.08249941,0.11640481,0.05179892,1
20.65698,0.28945494,0.01628346,0.4880601,0.081889376,0.45845208,0.04506011,0.04,12.038894,24.054884,-4.040546,10.170087,34.75338,0.16264714,0.31294882,0.2869403,0.08865429,0.14880946,1
12.878378,0.2534907,0.015289737,0.45716828,0.06442803,0.45565015,0.045618836,0.1002102,-9.398298,22.797056,-11.506615,14.84824,26.644451,0.66937304,0.17728303,0.029224666,0.00072917424,0.123390086,1
11.334166,0.3245536,0.014089922,0.5849345,0.09479792,0.4830809,0.072376885,0.154099,-13.181795,19.557539,-11.863908,7.1877084,22.09325,0.2061162,0.22936033,0.050697345,0.49592853,0.01789759,1
11.92127,0.26896247,0.013749831,0.47266188,0.06383486,0.4626477,0.045459434,0.117507815,13.586743,7.318332,-0.8768456,12.255085,32.791565,0.0537033,0.09576316,0.45411882,0.381777,0.014637747,1
12.570519,0.24722728,0.008900147,0.49591196,0.07650971,0.49157864,0.03868971,0.16976115,10.595827,19.511206,2.0948086,8.872672,26.903635,0.4305996,0.15887696,0.25082642,0.015117191,0.14457986,1
13.291406,0.23961094,0.00663169,0.5229526,0.058635335,0.4765975,0.057773463,0.040672388,-4.2050877,11.904336,-5.5889935,11.552767,27.25114,0.51300246,0.24631612,0.17287691,0.06701278,0.00079175975,1
8.03213,0.2886866,0.0168537,0.5226228,0.06966059,0.5373786,0.07268971,0.10060096,-12.524858,18.26811,-14.445405,14.32308,31.583998,0.7630959,0.098257005,0.07325614,0.06534173,4.9210972e-05,1
11.067359,0.2617429,0.014039589,0.581096,0.0645186,0.59093165,0.09652962,0.14810985,-9.097212,8.726765,-5.1517925,8.28652,25.32588,0.15175907,0.30800682,0.119599104,0.03111076,0.38952425,1
9.102415,0.3140312,0.01938716,0.49441448,0.05496238,0.4789406,0.10060885,0.1476078,-4.3749886,17.34991,5.380207,15.987641,19.46602,0.6226085,0.1670907,0.06167385,0.07127411,0.07735286,1
16.118488,0.2636823,0.010550489,0.61011076,0.07485725,0.43648708,0.023126617,0.15067741,12.161998,14.232231,-12.266569,11.409716,24.917904,0.4049516,0.07203474,0.46725976,0.0010352272,0.054718673,1
5.0,0.3124386,0.009510282,0.48009947,0.057228096,0.37942111,0.07979526,0.13830046,12.949932,12.108829,-7.4475055,17.793863,33.78496,0.26892737,0.22783038,0.35814682,0.11254637,0.032549076,1
12.627612,0.22859597,0.018880894,0.52966094,0.08151974,0.52524436,0.039265886,0.08423502,1.6597914,18.963009,-4.818432,6.672215,39.248714,0.43711123,0.078672774,0.031225966,0.1046148,0.34837523,1
5.927321,0.21784142,0.013523308,0.48529807,0.06390911,0.41682538,0.04026312,0.09883541,6.5011845,15.743502,2.3931453,7.431693,17.46884,0.12364746,0.2261213,0.06712177,0.24972862,0.33338085,1
13.728952,0.29487562,0.01927867,0.6674512,0.03559801,0.6443283,0.048159506,0.2226554,-2.0936487,14.975196,-8.931723,9.070935,37.46075,0.19652265,0.14817135,0.20402695,0.1948531,0.25642595,1
10.404381,0.25606725,0.015167307,0.47194907,0.08241696,0.6745421,0.04688589,0.079624906,-8.728239,19.685963,-1.8356826,5.149389,23.431671,0.3458292,0.34241772,0.12458436,0.032489087,0.15467964,1
5.0,0.26209348,0.024387615,0.47918412,0.08275195,0.46508795,0.037557717,0.07337716,-15.005985,25.51979,4.5123315,13.703534,26.143204,0.4369513,0.4443269,0.07638962,0.0143247945,0.028007366,1
15.768922,0.23963419,0.018778706,0.5091793,0.11507104,0.3634499,0.01244596,0.15719566,3.229178,17.378368,-15.597175,9.696641,37.899086,0.09651712,0.036687355,0.09935752,0.57529515,0.19214286,1
5.0,0.23743495,0.017048739,0.47865814,0.07035444,0.5257649,0.08789594,0.087629214,9.003736,6.9701324,-14.402683,5.415503,23.132074,0.43257797,0.18769325,0.21522371,0.14783837,0.01666669,1
11.874322,0.28907,0.018999632,0.52515906,0.07366643,0.6269153,0.0769372,0.20168854,-5.106506,8.208601,-5.88141,6.7088304,24.079222,0.69027936,0.053491447,0.032833125,0.1807773,0.04261877,1
14.764762,0.26943457,0.013635511,0.59832704,0.0795718,0.3881407,0.05864379,0.23937786,11.875224,16.344574,1.6370773,6.5201416,21.50048,0.12866029,0.159509,0.09769968,0.52289134,0.09123966,1
17.506927,0.23819396,0.006785428,0.5117844,0.09039404,0.61286366,0.039623454,0.120362416,-3.8493612,21.132353,-2.8957133,13.694638,26.26511,0.014142312,0.85945964,0.0047091194,0.12152578,0.0001631631,1
5.559373,0.2937163,0.016804641,0.5147416,0.089143984,0.3505698,0.08367936,0.14237809,0.83747935,16.67354,2.2624812,11.828705,28.18233,0.13803576,0.31553024,0.48490798,0.061457217,6.8782014e-05,1
9.9359045,0.3052474,0.024707947,0.481668,0.07637571,0.37820593,0.057706844,0.05701371,-2.210708,18.557827,-17.140944,9.469737,21.190474,0.38529935,0.0056006215,0.06132262,0.5475084,0.00026897495,1
16.334612,0.26673505,0.0035477884,0.4595941,0.0693405,0.50162745,0.04747464,0.17126422,12.36463,15.705902,-2.8048506,8.538806,36.152523,0.7149822,0.1116296,0.15482487,0.0098599745,0.008703324,1
16.604963,0.300096,0.017345725,0.5077224,0.086853236,0.55116963,0.026094628,0.04045453,4.9267006,20.810478,-18.0,9.045078,20.768707,0.43956283,0.48964253,0.03269331,0.0056223967,0.032478943,1
17.122974,0.23994586,0.007324052,0.50060797,0.068508014,0.47534925,0.06974381,0.07641854,-0.58367956,19.083029,4.062715,17.124454,29.488777,0.40943694,0.022957481,0.112628385,0.18357602,0.27140117,1
22.246325,0.28731626,0.014883477,0.5938609,0.04421664,0.51145935,0.052292075,0.13474369,0.76603276,10.902116,3.0961974,9.064395,26.185818,0.14271727,0.21208045,0.30521983,0.26477322,0.07520922,1
9.965228,0.2748525,0.015397297,0.42327377,0.0399755,0.5573089,0.06420362,0.1519063,-11.888962,18.239008,-7.5252867,13.430192,34.70606,0.36404017,0.17079481,0.08734987,0.1105206,0.26729456,1
13.489528,0.24625316,0.018734269,0.61636275,0.0641347,0.565413,0.062353477,0.07064408,-22.0,8.286834,-18.0,8.682759,20.372482,0.56498975,0.17175287,0.019812912,0.1412911,0.10215336,1
10.616542,0.33159176,0.016050816,0.4882548,0.07239938,0.436439,0.071695305,0.10829865,-5.314868,18.24012,-6.6884723,16.729992,30.00773,0.7511549,0.0023239455,0.21326604,0.03317827,7.6821816e-05,1
5.0,0.27698326,0.021867594,0.5118828,0.119440585,0.41955814,0.06333254,0.06353709,-1.9401184,14.587493,2.5887334,5.123233,42.94756,0.66395944,0.10229109,0.096834406,0.02821471,0.108700365,1
11.639988,0.2522754,0.020832002,0.41481307,0.06759949,0.55375034,0.052889172,0.11731892,5.3126764,16.80347,-2.3295534,13.228123,15.908699,0.3291544,0.5955067,0.032009147,0.039365742,0.003963974,1
5.0,0.27058873,0.014016629,0.54495496,0.07093201,0.511795,0.07008239,0.09796983,-1.63111,17.620079,7.7158794,6.962426,19.695896,0.65361756,0.21280329,0.060165413,0.013046603,0.060367133,1
9.916686,0.24390917,0.020471964,0.4231619,0.06191334,0.5212113,0.07800826,0.10457211,-4.6921167,17.408186,-7.3022475,18.853193,40.58781,0.57523435,0.4024697,0.003922753,0.01780044,0.0005727465,1
6.1273675,0.23529364,0.013436096,0.5298712,0.08237612,0.43371713,0.089919634,0.15604866,-22.0,23.087374,8.983431,12.789387,25.06084,0.22370134,0.15019281,0.04300122,0.512467,0.07063759,1
13.755428,0.2565174,0.012575712,0.5220559,0.07560686,0.524664,0.03658205,0.14126277,5.271871,16.170399,-18.0,3.1848288,26.79515,0.5191505,0.29846653,0.0047441437,0.17677757,0.0008612618,1
8.885895,0.25854862,0.008978084,0.4739503,0.05723327,0.40338597,0.081237145,0.15244748,2.1102073,16.944586,-10.545521,6.2741365,23.674143,0.53442955,0.05220294,0.033251263,0.05065338,0.3294629,1
5.0,0.24587479,0.02155982,0.33477807,0.04977079,0.4973069,0.027236648,0.124831975,8.138406,22.649084,-14.299844,12.740609,37.579285,0.69931036,0.23283935,0.02864423,0.024741149,0.014464935,1
15.462635,0.3075334,0.013499874,0.67284995,0.06195266,0.48782396,0.079286344,0.1586773,0.27262372,25.484005,-0.07958397,12.631167,14.70481,0.31254417,0.22569503,0.15953945,0.013393297,0.28882807,1
9.584994,0.2470267,0.0028924788,0.4156647,0.05313258,0.4883075,0.04718682,0.12859616,11.468625,15.911453,-13.713857,12.3325,34.659237,0.20717798,0.2956792,0.41723496,0.017210387,0.06269746,1
10.271591,0.24203312,0.01771033,0.5218198,0.06537678,0.5346838,0.0758302,0.110344574,-5.5053287,13.439572,1.8131639,10.626338,15.657447,0.5385119,0.10639508,0.027169695,0.19218001,0.13574333,1
8.088971,0.23442839,0.012829916,0.44161552,0.0728296,0.40858576,0.088852726,0.1528228,-0.40558064,13.687429,-0.43056563,8.724311,15.031358,0.15543807,0.41787243,0.10205228,0.0031185392,0.3215187,1
16.596304,0.2315405,0.01350693,0.58384025,0.05997613,0.5273848,0.06358622,0.113063134,2.4050786,18.25361,-3.9731076,14.346989,18.391191,0.6092199,0.023743127,0.06769232,0.072729394,0.22661527,1
13.082076,0.30082354,0.013829918,0.4696411,0.09908998,0.48144558,0.059053123,0.11682043,6.5988646,14.983062,-6.0307474,6.5433736,25.10514,0.30245,0.26695514,0.024745364,0.39850092,0.00734855,1
9.5476465,0.277745,0.013317238,0.43984202,0.0931879,0.42459136,0.05803202,0.17273079,4.1641154,7.253747,-12.612611,10.213734,20.99977,0.24969548,0.2399674,0.1376509,0.018208014,0.3544782,1
5.0,0.29070982,0.02863884,0.54761255,0.06540885,0.3874727,0.05058833,0.1689635,4.7758875,21.615244,-1.0371462,7.5194325,20.58464,0.3436177,0.13241544,0.021085663,0.034642894,0.4682383,1
22.042538,0.30055216,0.023313528,0.39824343,0.050716676,0.6122073,0.082488224,0.11811448,2.6880348,20.076944,-8.817113,7.2003226,19.506893,0.13753732,0.12767889,0.1277818,0.56050164,0.046500385,1
19.917469,0.260001,0.01849586,0.46693772,0.069404125,0.47513846,0.05784442,0.16491428,-1.9270359,21.733215,0.093423516,8.1640005,19.627962,0.05847133,0.3011595,0.009457302,0.27629903,0.35461283,1
17.772408,0.3141672,0.016206624,0.5552196,0.06732564,0.45515227,0.016495025,0.07887311,9.01263,22.720627,5.2015233,7.058948,19.470102,0.53883106,0.20099504,0.10000798,0.12304613,0.03711978,1
9.187313,0.25119328,0.020643806,0.6205474,0.068744354,0.39994282,0.0776833,0.11834645,-16.743113,16.953064,-7.4483953,12.1988535,27.64403,0.26238397,0.25547644,0.37217546,0.10424067,0.005723471,1
9.996211,0.23712821,0.0162183,0.42300707,0.0620395,0.5562058,0.07663282,0.09992796,-6.291553,17.302765,3.9571903,4.095592,21.548664,0.5693649,0.3173459,0.10755701,0.002981576,0.0027506487,1
13.602661,0.2812085,0.019079331,0.4510753,0.049012076,0.55077595,0.060862385,0.12992997,15.918419,21.03329,-3.9568186,11.72407,8.0,0.42621338,0.09532796,0.15362218,0.31946498,0.0053715273,1
8.424585,0.27433643,0.01779111,0.528171,0.07069779,0.537295,0.04423559,0.15938345,-6.725857,9.924771,-1.1093857,7.462934,25.738949,0.25960627,0.11880438,0.5152027,0.04191822,0.06446842,1
8.042403,0.2742888,0.015641725,0.34020615,0.06298271,0.47572768,0.036795743,0.15222709,-0.7815261,14.237628,-14.541466,10.121553,31.245924,0.48754776,0.2750216,0.11383361,0.12022335,0.003373656,1
17.834234,0.30045965,0.019701563,0.6086099,0.064761296,0.53258806,0.04429293,0.1467852,13.878026,15.703381,-10.094221,9.332622,24.048296,0.21722846,0.42371288,0.25746885,0.08599922,0.0155905895,1
11.779439,0.27318633,0.012899128,0.42004022,0.07187922,0.42233247,0.06397629,0.13549967,-1.260977,20.609686,-10.170312,8.003114,17.17447,0.4071343,0.15277278,0.38333708,0.017578477,0.039177332,1
7.520524,0.27939156,0.015292266,0.46500722,0.06861283,0.49523303,0.023129182,0.12362525,-8.338823,13.306962,4.134367,14.852494,31.21523,0.4359383,0.182471,0.12933822,0.1332206,0.11903189,1
15.810669,0.31078807,0.010102813,0.5208675,0.0714444,0.47619733,0.06848831,0.1780475,11.983605,12.439254,-7.74421,8.516471,16.392195,0.6586149,0.09034087,0.004100303,0.08134628,0.16559766,1
9.704407,0.2780004,0.010680139,0.50409895,0.06205633,0.4986933,0.061451245,0.0681389,-2.8934062,13.845162,-0.8890931,12.81401,23.751766,0.16852286,0.23678192,0.38526443,0.07829958,0.13113119,1
5.0,0.28482777,0.0023542466,0.42291072,0.077202894,0.35307875,0.08574546,0.103329204,-2.2104485,18.348152,-5.819881,12.86555,25.846983,0.29316312,0.14948566,0.031215314,0.27595842,0.25017747,1
7.46075,0.22746857,0.017282838,0.6377167,0.055644017,0.61087817,0.07402494,0.14645128,-19.803644,15.658621,-7.786346,8.909663,33.554104,0.30986097,0.3217875,0.34856746,0.005699087,0.014084962,1
9.934027,0.36,0.0186576,0.2939894,0.04824117,0.5932972,0.045538846,0.19111526,-1.2734089,8.7463255,-15.592739,4.968441,30.044144,0.42366824,0.41385692,0.088064015,0.03056649,0.04384435,1
12.879838,0.22227474,0.020427098,0.4102394,0.052200418,0.39949766,0.026182145,0.11616652,6.829704,9.732116,-18.0,6.4714184,27.669044,0.05880982,0.2489614,0.29843298,0.2904645,0.1033313,1
12.686951,0.25382012,0.009487867,0.44905803,0.05646621,0.5204153,0.043575477,0.11956283,-4.3085227,16.68302,-7.6596317,15.115193,32.514168,0.6244111,0.21527189,0.03628979,0.09239675,0.031630456,1
16.911081,0.25291297,0.017199544,0.42402363,0.04424397,0.37591144,0.087624714,0.07840326,-12.813502,16.849512,-7.252013,11.970202,17.893982,0.32517025,0.29431978,0.07831949,0.009799423,0.29239106,1
11.051868,0.33324048,0.014996446,0.5975643,0.036145866,0.48587048,0.06588726,0.10833926,-4.8046107,16.137924,-11.439799,10.555422,37.0598,0.8853541,0.10425448,0.0075120647,0.0013306892,0.001548689,1
10.137387,0.25198203,0.018687908,0.36733252,0.08006922,0.3262991,0.07194676,0.15832923,-6.1520734,13.64644,-4.272745,7.73189,8.0,0.6843152,0.024558356,0.14734827,0.07085959,0.072918594,1
16.980186,0.28325638,0.011742898,0.624597,0.09548487,0.4595485,0.04741631,0.19317174,-2.5363553,19.938238,8.457194,16.927288,35.994385,0.34431633,0.43114328,0.15859884,0.016994985,0.048946567,1
15.914802,0.25311702,0.013318526,0.47774932,0.08115408,0.44585687,0.069695264,0.11826857,-5.1760106,17.844902,5.1619873,6.5275693,20.111204,0.6019989,0.024077829,0.0409498,0.3055381,0.027435364,1
11.14617,0.23879708,0.0072325007,0.39112458,0.06033806,0.5609719,0.029596731,0.09804103,16.645817,17.674555,-5.4061513,10.558836,28.661255,0.45481035,0.25549617,0.025039148,0.008458,0.25619632,1
13.1681185,0.28711066,0.0114154,0.3319277,0.03567128,0.5967934,0.07870405,0.13279004,3.0235238,17.851986,-5.1631227,12.007228,36.139244,0.51126176,0.14592074,0.14554612,0.1226631,0.074608274,1
10.098711,0.24843101,0.015015491,0.48278955,0.07383888,0.5983691,0.036891464,0.0654128,-17.40214,23.987074,-1.0873705,4.777175,29.926613,0.5618657,0.26684776,0.02072241,0.0017507414,0.1488134,1
7.3513527,0.27622768,0.015870629,0.44384238,0.037853863,0.56107813,0.02051172,0.17942327,0.71493983,10.878638,-3.8484993,6.96608,28.60693,0.5110241,0.18573332,0.00028088532,0.264546,0.03841566,1
20.788944,0.28880078,0.006570586,0.5189196,0.06826682,0.48576924,0.10524663,0.08077068,-0.39953712,13.894648,-1.0751958,8.169819,32.064293,0.46777958,0.09387419,0.43482444,0.00030631307,0.0032155046,1
9.832446,0.32720265,0.012442746,0.4639542,0.05400841,0.5071808,0.06269773,0.14255169,11.944749,14.318286,-3.6497622,13.44764,15.640423,0.027777586,0.4032905,0.45745122,0.09221273,0.019267952,1
13.179971,0.23213474,0.015801579,0.57646424,0.024388107,0.5068406,0.062144164,0.14195977,-1.5601245,22.288328,-4.921685,8.248643,16.690374,0.34290493,0.5459442,0.055562064,0.010378736,0.045210026,1
5.93861,0.26541555,0.022040216,0.4886007,0.09961068,0.3973777,0.022600884,0.15510961,-1.8474011,14.131232,-10.144549,4.2552423,27.8995,0.21562062,0.27350175,0.31565753,0.19500326,0.00021682463,1
14.9458065,0.26665592,0.0107749365,0.4660873,0.04488392,0.5602148,0.072451204,0.14022368,18.629976,12.0377035,-3.1339562,3.8708692,24.616745,0.22158772,0.13309686,0.46630207,0.1161073,0.06290605,1
7.176569,0.27002785,0.01745032,0.57786036,0.06288418,0.52830404,0.077720396,0.1301085,-10.688174,15.470956,-18.0,6.932003,23.810331,0.40421504,0.23935086,0.21836847,0.05554018,0.08252546,1
18.711834,0.34706405,0.012192175,0.51825356,0.06742059,0.5315552,0.056014102,0.14714395,7.9768424,16.522871,-3.816982,4.039566,34.6674,0.20338345,0.052538823,0.23402095,0.05013747,0.4599193,1
19.18964,0.2648,0.0127711175,0.56197053,0.060590986,0.320297,0.07779816,0.16338758,0.63890445,21.981913,-18.0,13.0745735,34.060368,0.33012083,0.12727341,0.26349223,0.21261957,0.066493966,1
14.262556,0.2,0.010612144,0.59189284,0.079291604,0.5116924,0.08341018,0.20185825,-5.0085754,14.101567,-3.8113458,13.231361,19.554853,0.37337428,0.23535152,0.048670072,0.11847823,0.22412589,1
12.459526,0.2640471,0.0097783,0.47649595,0.05518059,0.5503949,0.070514455,0.08589921,-6.481146,12.562745,-12.521285,10.02822,29.096941,0.37368956,0.49693596,0.052779224,0.019672088,0.056923166,1
11.2503395,0.26644868,0.012626035,0.5030598,0.077638164,0.47893298,0.016675552,0.056438066,13.58352,11.450768,3.2751284,8.94754,15.049752,0.4355515,0.2884956,0.1122513,0.017469946,0.14623168,1
11.809824,0.26276875,0.020240055,0.5675043,0.0763701,0.4449481,0.036967803,0.06812428,4.653062,14.278574,-5.0449,12.966386,14.881379,0.4102084,0.14255,0.08059177,0.3483608,0.018289,1
13.636941,0.24844067,0.011225151,0.3039475,0.042444967,0.38463122,0.093737915,0.057469007,6.01115,28.818274,-5.657989,12.800719,19.750069,0.11505215,0.7606073,0.006633982,0.09677144,0.020935137,1
12.35898,0.23036095,0.010446314,0.4918586,0.074716814,0.37960958,0.061647687,0.08201271,8.897733,17.912085,-2.8288536,6.0532813,25.629202,0.25092268,0.015323756,0.6837213,0.011901071,0.038131174,1
15.926819,0.33478472,0.01604564,0.4820106,0.048920553,0.4908033,0.06173761,0.07693548,3.4190404,18.99139,-11.717885,6.6059465,21.428595,0.6484026,0.26698264,0.01330696,0.05055362,0.020754235,1
8.326807,0.2795488,0.015026066,0.5299242,0.046687186,0.46356726,0.04336688,0.113345325,-10.609891,15.998547,2.1841557,12.826177,29.158504,0.3395068,0.059708197,0.09374961,0.36286694,0.14416844,1
18.11233,0.26423278,0.014658779,0.4359112,0.07581125,0.46258575,0.047250513,0.1642049,-15.717166,16.686916,-0.8141485,11.082221,25.892672,0.11005562,0.516042,0.0780439,0.069123596,0.22673489,1
10.309365,0.33382878,0.016269939,0.5876358,0.061832923,0.5870247,0.083853,0.15505941,15.396432,19.932558,-9.523922,12.4329405,33.798622,0.31725368,0.12517378,0.1283946,0.35131267,0.07786529,1
9.016484,0.24394026,0.009952111,0.44097894,0.077458754,0.39208594,0.08996944,0.10511074,2.0801477,18.813395,-13.0781765,6.4243045,29.81947,0.47382098,0.26378778,0.122436784,0.0938695,0.046084948,1
13.450443,0.28807226,0.010505489,0.46327862,0.07763477,0.45580086,0.07594418,0.10856564,0.79263496,17.745779,-8.614843,6.9933596,18.730288,0.5314055,0.076338254,0.03585307,0.28348464,0.07291852,1
13.70621,0.23252816,0.019931253,0.4468472,0.04143989,0.59858763,0.07103144,0.21043105,18.04579,16.080599,-6.753661,11.855556,32.30437,0.13632065,0.05353536,0.5859815,0.0011906686,0.22297183,1
5.0533195,0.29252276,0.014270348,0.5983905,0.08481236,0.45815355,0.07253244,0.1537914,-10.643588,14.238468,-13.593089,7.2721634,19.966324,0.38202843,0.50429827,0.0058908686,0.06942725,0.038355187,1
10.075561,0.23596515,0.017982207,0.33315387,0.07570033,0.48464015,0.05859253,0.1369083,-22.0,18.121704,-9.198026,3.9202402,28.88029,0.5506116,0.2631673,0.0020971226,0.13221495,0.05190902,1
5.0,0.28411388,0.021120207,0.6429504,0.058267243,0.4677435,0.0359268,0.13486007,-18.115564,16.41779,-10.140873,7.332754,22.55398,0.10352511,0.19657737,0.53704864,0.1625874,0.00026145016,1
9.297172,0.32859707,0.019228715,0.6178696,0.06728252,0.52940494,0.031604048,0.118430115,-5.308948,26.66383,-7.4157047,9.179446,35.268562,0.89813006,0.045791876,0.055686686,0.00015507582,0.0002363105,1
9.469427,0.2728035,0.008151061,0.45481077,0.08538286,0.33614707,0.08629534,0.21012552,1.1717368,21.252975,-7.3598104,16.805395,31.118296,0.32586542,0.49816564,0.13477574,0.020181976,0.02101124,1
13.189844,0.20422256,0.014417506,0.5821539,0.06360778,0.46576518,0.059341513,0.122406125,13.916433,12.628594,-2.5833092,6.6462145,21.151657,0.39778146,0.40172794,0.12183078,0.041170098,0.037489697,1
8.848817,0.27107313,0.020204157,0.5104072,0.11230519,0.48381114,0.069541395,0.13597183,8.432169,10.152245,-5.781295,9.753256,23.297903,0.6236607,0.06059444,0.13049224,0.07849103,0.10676158,1
9.795809,0.28441355,0.017613728,0.6322329,0.09981386,0.41012576,0.06421514,0.064047314,-22.0,14.008931,-3.185534,18.171711,48.0,0.32031614,0.18650228,0.23975235,0.030256154,0.22317308,1
17.215551,0.29702953,0.015919706,0.5760523,0.07233567,0.50405145,0.06522982,0.10454537,22.0,10.583841,-4.258058,5.6263704,17.173338,0.15735874,0.48934516,0.10276014,0.21309844,0.037437517,1
20.25677,0.31420773,0.0068022492,0.6754516,0.06544025,0.5350465,0.066898935,0.10797129,-4.105345,13.708443,-7.3643804,12.641958,20.960615,0.35042113,0.21497273,0.16589803,0.10794577,0.16076235,1
8.316382,0.31573713,0.011917405,0.37502825,0.06630653,0.5116356,0.07394804,0.14945175,12.278041,11.152147,-1.213939,7.1560946,21.302887,0.07092207,0.081033975,0.6352353,0.06888855,0.1439201,1
16.077026,0.2660718,0.015346636,0.5153076,0.057986934,0.60454947,0.044648908,0.09899124,5.460117,14.36485,-18.0,11.606772,17.887472,0.3601383,0.4452849,0.1335993,0.055219635,0.005757888,1
13.5512295,0.25021684,0.007870505,0.36207172,0.07250443,0.44966483,0.08364815,0.13193248,0.053464677,14.424396,-8.511503,19.338568,18.623024,0.20557053,0.32183444,0.12983464,0.25804454,0.08471584,1
5.044845,0.23644468,0.018968178,0.45850292,0.08375093,0.5149003,0.04524534,0.10574581,-2.3705115,16.73586,-9.994608,13.1662,25.239344,0.12910385,0.21993323,0.19490546,0.44661602,0.009441428,1
8.835319,0.2538015,0.014411971,0.67997223,0.04301044,0.51332307,0.06478925,0.08597434,-11.12367,14.965612,-5.164392,10.607435,29.335732,0.08906983,0.6713704,0.23640655,0.0027588527,0.00039441214,1
5.0,0.28429592,0.0051017427,0.53745604,0.08285558,0.46350688,0.036340173,0.08434829,-12.878647,11.488522,-10.440347,6.195507,14.847985,0.25415266,0.13466321,0.070333116,0.54057395,0.00027705156,1
13.294265,0.22954057,0.012166944,0.5787633,0.08867102,0.5593379,0.056667384,0.123064116,-1.6623744,22.074503,-2.1576998,9.298317,22.489922,0.17533347,0.34405762,0.16044182,0.04201605,0.27815107,1
7.692836,0.24219419,0.013568371,0.5411151,0.08144354,0.50017655,0.04680338,0.13412252,-13.881935,18.014942,-0.922666,7.7385693,20.37209,0.29461348,0.18452492,0.4072351,0.056980554,0.05664597,1
12.535707,0.28686896,0.014350631,0.53603697,0.0674011,0.3959269,0.060484294,0.122251,16.479136,13.277681,-15.688013,4.197781,17.806604,0.35364908,0.4386012,0.12131306,0.003865401,0.08257129,1
22.283808,0.25060537,0.022098105,0.45821217,0.08061261,0.5325417,0.07470802,0.09668548,0.9694991,11.569366,-4.435518,3.0,32.97051,0.35176435,0.10597176,0.41134226,0.09230611,0.03861552,1
18.372553,0.2810996,0.017892301,0.44330862,0.09598562,0.4450438,0.061521057,0.12448975,20.927153,8.663857,-14.96628,6.6781354,20.644897,0.13478287,0.48936495,0.27914596,0.0021183144,0.09458792,1
8.931974,0.24557069,0.008172719,0.45606738,0.068836115,0.45740744,0.09921718,0.11709154,-4.3561463,8.297646,-2.6423624,9.873813,16.41075,0.38803864,0.31455636,0.21819612,0.024246857,0.054962028,1
7.964871,0.27863395,0.0075524584,0.28156847,0.0704722,0.46259165,0.07591839,0.08832531,-5.905194,21.237293,-9.265781,14.477273,32.161045,0.108524606,0.04718711,0.77083707,0.0043266676,0.06912455,1
17.171926,0.2468437,0.013665917,0.4934369,0.1126509,0.5314704,0.055430934,0.13332337,5.908692,20.706398,-11.629509,7.047243,34.758686,0.27163294,0.031534094,0.16361485,0.24406993,0.28914818,1
7.980794,0.21294071,0.015631052,0.519188,0.076144874,0.555529,0.058277886,0.20241308,-2.5928078,13.078703,-17.973139,10.7664585,27.663591,0.10272274,0.1650796,0.20699017,0.2601783,0.2650292,1
15.964491,0.2986787,0.019961923,0.4504624,0.049854122,0.4688359,0.06755525,0.12401668,9.730842,22.8309,-6.6452823,3.1952288,19.414055,0.19433396,0.6008499,0.030280067,0.110933386,0.063602686,1
22.943462,0.24912317,0.023649467,0.48954546,0.08745942,0.46482116,0.07408647,0.07155678,14.382173,19.08382,-14.106005,6.7983913,24.056356,0.09243922,0.4373813,0.33710295,0.02496317,0.10811337,1
14.701673,0.2625411,0.023921113,0.54200387,0.07803884,0.33669984,0.03531896,0.18874179,10.991504,17.016268,-16.384844,3.0,21.414745,0.3199914,0.20075849,0.41334274,0.001769228,0.06413815,1
16.736055,0.24926573,0.01278825,0.5707842,0.05689166,0.43031216,0.07273308,0.18028486,13.64419,20.309698,-4.698261,18.936497,25.65426,0.31743762,0.39801627,0.20683911,0.06837878,0.009328222,1
16.27212,0.28633434,0.019672757,0.40417522,0.047920957,0.41372642,0.035838168,0.1873011,8.175862,19.092304,0.78470933,10.791968,31.011372,0.25303623,0.45216948,0.078862004,0.13121675,0.08471555,1
9.771606,0.27999505,0.017128143,0.43641794,0.074771956,0.50178355,0.070797,0.1283113,-5.490502,16.768387,-3.2386937,10.665646,25.823406,0.30663928,0.065719716,0.079789095,0.50765723,0.04019469,1
13.160762,0.2862628,0.009546068,0.56023675,0.06879798,0.4725052,0.08200194,0.09865782,11.3987665,14.799785,-16.016901,12.140879,25.975307,0.90141475,0.03919359,0.054397427,0.0003995332,0.004594685,1
8.174257,0.25351372,0.0055605257,0.5471206,0.045115005,0.41638148,0.065994635,0.09427897,6.9760056,15.464024,-6.9574804,20.129429,22.40841,0.504473,0.040236413,0.34077573,0.10694449,0.007570426,1
17.159712,0.26850814,0.01572054,0.6075519,0.068230525,0.49068922,0.013485095,0.17564897,-6.177279,7.960126,-1.236053,8.2589035,30.654057,0.23223163,0.3571186,0.3961392,0.00016127665,0.01434928,1
7.659492,0.28251097,0.007524155,0.60423404,0.06697123,0.4752641,0.02435291,0.19423516,-4.909127,11.996352,-6.9547353,6.0769024,28.578003,0.21271287,0.23331265,0.30382964,0.002030254,0.24811457,1
14.803954,0.31635612,0.0107427025,0.69318986,0.06875171,0.3021704,0.07125434,0.093185075,-0.9181075,25.000807,-3.7212775,18.000727,13.132675,0.35831574,0.15450886,0.17757085,0.27089524,0.038709316,1
16.526873,0.27919593,0.011575836,0.47657874,0.079831794,0.5575544,0.010924771,0.04,11.114796,11.8626995,-9.060822,5.076456,13.529603,0.45547566,0.4637091,0.016642695,0.047203865,0.016968701,1
10.03343,0.23989952,0.016093757,0.62628514,0.03476213,0.55076236,0.07219754,0.12928855,1.1692919,6.746716,-8.69287,15.192509,23.678484,0.6086375,0.186091,0.09358661,0.027964747,0.08372014,1
9.116017,0.2780368,0.021403106,0.4263988,0.04775743,0.46334562,0.07969652,0.093829654,-0.056490526,20.519817,-10.617291,9.704721,32.79471,0.3883098,0.11756307,0.4364964,0.02903684,0.02859387,1
11.321228,0.26505005,0.015063717,0.6915242,0.060261093,0.5046818,0.08270356,0.10170935,-1.5915124,17.24307,-1.7159026,11.733389,34.166534,0.8729917,0.08945867,0.005228907,0.026643388,0.00567735,1
8.430274,0.21003798,0.0123055875,0.53637576,0.09652358,0.457231,0.055170495,0.12047124,-3.5334764,17.524363,-1.2744161,4.2531476,31.340641,0.17394009,0.08502694,0.110547304,0.0016544634,0.6288312,1
12.62559,0.2146453,0.0046576653,0.5433616,0.11735564,0.36768863,0.06877011,0.14639494,-11.6391945,15.212382,-9.886209,20.374308,24.945326,0.27794594,0.4997806,0.10338343,0.115170576,0.0037194728,1
8.332119,0.2680053,0.017291868,0.57919407,0.07009686,0.63146067,0.06417783,0.098761454,7.952248,20.553806,-0.7159531,8.471078,36.254314,0.19896854,0.50751317,0.18597381,0.10620138,0.0013431215,1
8.621777,0.27053398,0.015142808,0.39157093,0.0709109,0.5324836,0.030543359,0.13544306,-10.174107,23.648375,-15.988822,7.1945877,20.942532,0.062486745,0.26766977,0.3955038,0.18330202,0.091037706,1
14.187612,0.2611575,0.012251565,0.41401958,0.021132695,0.54584223,0.074900374,0.124953836,0.6762531,13.392757,-7.197862,12.193483,23.612843,0.31952244,0.5375047,0.031110004,0.09000317,0.021859733,1
14.470233,0.29652545,0.020830458,0.50925386,0.08808925,0.46008188,0.08780953,0.04,-4.088525,19.164408,-15.475705,7.4201436,16.053465,0.25718397,0.21106467,0.1217229,0.39905608,0.010972379,1
10.825943,0.24194562,0.00904598,0.52765757,0.07899288,0.5588184,0.07378801,0.15179901,7.663383,21.592482,-13.923009,11.69784,23.582644,0.103153646,0.4027151,0.007778683,0.036113642,0.45023894,1
5.4143047,0.22841415,0.011575594,0.66660434,0.07566272,0.384084,0.049943984,0.1119598,-3.4200504,13.11118,-15.559642,4.9560733,19.967953,0.2547416,0.6281303,0.09358915,0.02138707,0.0021518527,1
16.683443,0.24522923,0.013774861,0.424064,0.045075737,0.4628159,0.074798994,0.079445496,-10.062426,23.54789,-10.590105,10.582434,36.765095,0.42201003,0.45643267,0.09704565,0.015691655,0.008819962,1
10.206394,0.25170672,0.012189083,0.62321544,0.10959776,0.53178686,0.08595263,0.10096008,9.893089,21.575836,-1.6617422,7.587338,35.387005,0.8520437,0.026223544,0.060362928,0.019260919,0.042108912,1
20.24926,0.2682554,0.017753772,0.47875285,0.10041086,0.4361235,0.08332475,0.13811862,-8.25991,9.789942,-6.5485315,6.866734,26.442957,0.6236768,0.027499216,0.23233049,0.11648633,7.1546237e-06,1
11.470412,0.2460708,0.01731957,0.47763807,0.07588708,0.54374987,0.08053743,0.13184932,1.5468026,23.97489,-10.08735,6.2346992,29.26862,0.625748,0.17772897,0.004628139,0.08712913,0.10476581,1
12.54311,0.20574822,0.02025485,0.48689258,0.0898399,0.50126266,0.028162804,0.1557773,12.738007,10.052105,-7.2145376,13.543455,21.770567,0.29493424,0.033834923,0.08295518,0.48670456,0.1015711,1
10.272994,0.2,0.017511602,0.47557783,0.0710222,0.49467322,0.06796429,0.14746334,-7.301366,12.5627775,-18.0,8.59841,8.243441,0.46408436,0.33672062,0.08230563,0.10684568,0.010043709,1
12.973637,0.27369478,0.014423132,0.5389231,0.08642154,0.42959532,0.07291291,0.083135866,-1.0351483,19.41832,-1.9972937,9.264458,20.662748,0.36058825,0.11937934,0.06859603,0.4468028,0.0046335766,1
25.90627,0.23612936,0.013300911,0.46840456,0.043854963,0.5083063,0.08077319,0.04,-4.3118105,21.207298,-18.0,11.708263,31.235739,0.24570943,0.21701324,0.30605823,0.17700702,0.054212086,1
10.604124,0.20983936,0.017276388,0.38716343,0.024525816,0.61527824,0.07031248,0.13483621,1.3144956,16.493391,-10.950673,14.560629,29.067099,0.88189065,0.04883795,0.02681355,0.023643779,0.018814076,1
17.105314,0.28874823,0.014048469,0.47857526,0.04461017,0.49227005,0.091039024,0.15523805,-0.6846583,12.850658,-6.5521398,6.3069854,23.255503,0.24186267,0.25807682,0.4732603,0.025798738,0.0010014785,1
12.3625345,0.31635544,0.0152361365,0.5365311,0.053870346,0.51891756,0.023443107,0.12190223,9.203995,14.699434,-2.8812087,10.88257,31.176517,0.22474463,0.27962708,0.01143014,0.031927966,0.45227018,1
16.695173,0.26716626,0.017548416,0.38781375,0.05712875,0.52924657,0.071167,0.15642418,-6.207194,14.107578,-4.3270984,6.361385,22.70421,0.14782915,0.02910945,0.1689438,0.62228596,0.031831644,1
5.0,0.2780532,0.01569278,0.5465464,0.07896226,0.39989096,0.069579944,0.08993429,12.74185,20.206108,-6.3464665,9.165943,18.008715,0.36582753,0.057895795,0.06855285,0.13630535,0.37141848,1
19.779552,0.27830747,0.016542977,0.5944416,0.064853236,0.47071972,0.07805434,0.11615924,16.046656,13.9706135,4.202425,14.260347,31.177143,0.15758264,0.4603664,0.36925194,0.00076302205,0.012036004,1
13.364101,0.2006055,0.011045392,0.6183945,0.069426715,0.46858838,0.09084248,0.09317694,2.565447,12.740767,8.10399,3.0,21.717249,0.29002252,0.08129259,0.040409345,0.061519265,0.5267563,1
10.928979,0.2966596,0.021748528,0.5270131,0.046307806,0.33125633,0.042234376,0.15789191,-7.901448,8.613769,-5.950616,6.308484,33.186283,0.651482,0.10239861,0.09776795,0.11006706,0.03828438,1
15.613239,0.30719644,0.009466636,0.35562795,0.04457668,0.5352281,0.09017081,0.09358397,-0.411089,13.028851,-6.7006,9.0746975,12.016338,0.03643313,0.32674566,0.016791096,0.5883139,0.0317162,1
12.575641,0.32510397,0.017195988,0.5518096,0.07082207,0.41477233,0.076297924,0.21239397,-1.2487903,15.40815,-7.118098,11.522493,22.013195,0.5290775,0.04006599,0.2397114,0.18271399,0.008431133,1
7.408495,0.2568714,0.012570797,0.5773737,0.0591579,0.5275743,0.056256697,0.10992023,17.723667,10.348002,-10.276094,14.879009,30.180235,0.51084816,0.021975076,0.26251224,0.032411065,0.17225347,1
5.0,0.23594639,0.02041173,0.44427726,0.07009131,0.4269381,0.041824114,0.16192722,-1.0317001,7.276378,-3.3689964,3.2108767,29.457054,0.21031281,0.22890146,0.4848893,0.06983622,0.006060196,1
19.304235,0.3107567,0.019418703,0.49418536,0.08088799,0.62294793,0.06392628,0.110434175,13.827974,20.899794,2.9007974,15.661919,24.452005,0.38692003,0.21793751,0.16013233,0.13301045,0.10199968,1
11.108602,0.2849673,0.014989751,0.53868794,0.10278972,0.46050102,0.06571354,0.18350486,1.1145171,10.997912,-18.0,12.083164,28.011251,0.26829392,0.19168304,0.3639405,0.13516419,0.040918354,1
9.548283,0.2962399,0.022773601,0.6429808,0.069590956,0.6144813,0.06682375,0.18198037,0.45831496,9.4533415,-7.1876287,9.037487,26.981113,0.42648518,0.1310933,0.0021941143,0.4381278,0.0020996192,1
9.859134,0.2505877,0.0140630035,0.47953203,0.10626688,0.4679103,0.04746101,0.11704936,-3.543974,23.847624,4.420161,4.1238585,15.576744,0.7714216,0.101821095,0.12432499,0.001528074,0.00090424233,1
17.857878,0.27814686,0.019408459,0.57130045,0.0781255,0.47625712,0.072186776,0.14098798,-2.6109233,20.243864,-3.2478359,7.710254,23.45465,0.14575662,0.70579,0.122886136,0.021379404,0.0041878927,1
10.039555,0.238398,0.011368846,0.5253038,0.083790064,0.58966136,0.051889203,0.1809583,8.897152,21.127428,-3.103435,14.100772,27.591736,0.26859584,0.4102876,0.09729154,0.18482004,0.03900499,1
14.577462,0.2698428,0.01702487,0.5159542,0.091061704,0.41577026,0.08433151,0.1421732,-7.306024,18.526003,-17.206375,10.105697,29.543528,0.7417111,0.07199593,0.117747106,0.020440497,0.04810536,1
10.66148,0.25956336,0.010337698,0.60643756,0.08439493,0.483497,0.094204135,0.09317097,9.597376,22.556868,-1.0851107,9.2767725,25.544147,0.4565143,0.1656429,0.261302,0.008439853,0.10810097,1
6.980763,0.3403066,0.015097356,0.43348622,0.053965863,0.51776755,0.043748025,0.13280264,14.408734,20.417017,1.0638936,6.114077,22.136274,0.55141765,0.27546135,0.11713734,0.0430667,0.012916978,1
15.60514,0.28645888,0.014742939,0.5184325,0.0916611,0.50826526,0.061197802,0.1000711,-5.9182453,14.277799,-4.6004424,12.938549,16.65852,0.28692985,0.17279956,0.2836072,0.21937317,0.037290227,1
16.412018,0.2054398,0.019392794,0.5021748,0.06251835,0.4830116,0.079443276,0.1360398,12.07972,10.674759,-10.588852,9.401161,31.269464,0.1993702,0.29512593,0.3118651,0.09609726,0.09754149,1
9.282725,0.26995334,0.01164625,0.37944642,0.07603377,0.47339723,0.06551759,0.09850109,10.482379,9.584271,-2.9002635,9.053512,30.499933,0.332191,0.09220201,0.23442023,0.13477512,0.20641166,1
11.848971,0.28104514,0.030366752,0.59860665,0.07265703,0.53925097,0.03294951,0.14491223,8.69211,15.301512,-13.264978,9.619061,32.910637,0.563513,0.28450376,0.058681015,0.03515725,0.058144998,1
12.388035,0.2557812,0.008089567,0.5663214,0.092881925,0.49237508,0.07729596,0.05844833,-6.360625,10.500031,-14.1913595,7.4190035,18.451405,0.16142882,0.26886234,0.12429908,0.42362913,0.021780616,1
13.780499,0.23691723,0.016164746,0.50271034,0.07786134,0.5476465,0.047884554,0.085120775,-1.194076,12.011588,-0.38506207,6.7388053,26.854084,0.39772874,0.05476985,0.046370048,0.4986402,0.002491178,1
19.885162,0.2898155,0.016438954,0.47908968,0.04227679,0.50743264,0.06400938,0.09827106,-1.207697,15.238535,1.6706952,3.9218967,21.154137,0.26024804,0.5272795,0.07019702,0.1421516,0.00012384639,1
10.704519,0.24115838,0.017690469,0.50001776,0.11183313,0.52551436,0.040119126,0.12359144,20.906776,22.9894,-11.19835,7.522117,26.325142,0.62803173,0.12046586,0.0793532,0.16744453,0.004704703,1
10.679823,0.2872633,0.012423037,0.5565897,0.08669867,0.5593494,0.07589193,0.069516726,-0.100628816,8.447112,-14.157311,3.0,46.346634,0.8758639,0.060523737,0.05501185,0.0011177928,0.0074827233,1
11.298739,0.2386237,0.016208852,0.50423163,0.058990147,0.45829427,0.051579162,0.09466174,-1.8328927,16.148626,-12.144918,11.942805,32.325523,0.33067918,0.207848,0.3968977,0.008928847,0.055646278,1
8.231141,0.25398296,0.012177759,0.44659996,0.047254015,0.5574514,0.07800855,0.16112484,-11.479354,9.742834,-4.6164513,7.3294654,20.710537,0.33350968,0.4269422,0.23213847,0.00562061,0.0017890553,1
5.1113534,0.2986845,0.0243657,0.45863363,0.08898539,0.46902296,0.05570237,0.1658866,-9.7185545,13.218284,-14.149409,8.430795,24.2316,0.28836486,0.13190576,0.17149624,0.37241763,0.03581549,1
12.535052,0.2846752,0.011824463,0.49903005,0.049618673,0.38195375,0.05037534,0.04,-6.841482,20.649258,2.9868386,9.851461,23.46543,0.1730926,0.41091704,0.0019484352,0.061369333,0.35267258,1
14.109107,0.27094263,0.014259896,0.42539254,0.08601434,0.45695618,0.06824472,0.106530175,3.6133757,11.758327,-9.254302,6.7912335,26.867357,0.43220454,0.24280071,0.2818803,0.013958734,0.029155733,1
12.0098095,0.26910287,0.011683332,0.5266659,0.091381654,0.42941085,0.038512524,0.18099345,-14.240596,14.683147,-3.4359586,5.2999845,15.33237,0.71139294,0.012021622,0.15818669,0.011852839,0.10654588,1
11.749174,0.27271658,0.010998676,0.4365587,0.057004645,0.50627345,0.09596466,0.14544155,-6.6587863,16.70511,-11.202397,10.887305,28.265915,0.47194612,0.2605771,0.124439634,0.025766596,0.11727055,1
8.40508,0.24625374,0.007994567,0.42365295,0.055220265,0.45999554,0.06371238,0.14629395,-18.609873,19.50589,-1.9118359,17.55604,11.176711,0.18592168,0.40683714,0.11568639,0.13447925,0.15707555,1
13.00961,0.22449908,0.018360334,0.75,0.060595654,0.48895106,0.048674792,0.15256588,14.019043,13.260538,-1.3387991,13.640548,14.291065,0.78790224,0.133391,0.027631748,0.033837806,0.01723725,1
12.679437,0.2870752,0.011635909,0.6551881,0.050222397,0.5509953,0.05201319,0.09164278,1.0640796,22.3039,-17.744665,15.11948,40.011723,0.36652118,0.1367182,0.39839956,0.042741187,0.055619873,1
13.899568,0.315903,0.011014249,0.5115156,0.07459137,0.58400416,0.060351457,0.13856122,3.1041172,13.774342,-10.757643,4.806253,23.474674,0.5758345,0.1169375,0.11232875,0.06879805,0.12610115,1
13.294704,0.28812698,0.010184155,0.5680813,0.07744559,0.5004891,0.07991655,0.14886935,-10.899866,18.421766,-7.09635,9.234148,35.98372,0.325422,0.23328462,0.28771287,0.15065615,0.0029243638,1
13.575265,0.27762517,0.01652192,0.5816758,0.084549844,0.55599546,0.04210965,0.1342832,11.612931,15.050427,-9.676212,9.207984,20.328857,0.2775285,0.20304559,0.25181583,0.15354069,0.114069395,1
17.275126,0.23374428,0.015108372,0.4939645,0.053333517,0.4675999,0.052624326,0.11425468,15.030612,19.704527,0.10106333,15.713698,11.289453,0.048888367,0.9248597,0.00053973077,0.025699167,1.3042297e-05,1
14.288788,0.29631522,0.015131291,0.52262044,0.08679919,0.37057889,0.05900979,0.12807655,0.6692262,26.137537,-10.180353,13.667306,18.645237,0.32135043,0.19242525,0.18601924,0.27179506,0.028410012,1
13.922439,0.28444183,0.011193197,0.47902638,0.05024648,0.39744744,0.09084944,0.08439422,-4.7912035,14.612,-0.99604267,9.343452,44.815998,0.31755653,0.12023747,0.3230468,0.14194442,0.09721477,1
5.0299544,0.2928044,0.017176164,0.6004536,0.08678785,0.46630037,0.07998288,0.15456627,5.522452,15.919922,-2.6073554,3.0,16.125227,0.16995041,0.68591404,0.01828902,0.0008284486,0.12501808,1
16.213987,0.30101672,0.011688257,0.60155463,0.04026681,0.53569156,0.091803424,0.07258661,7.347972,13.839863,-6.755608,5.364771,38.435406,0.4586906,0.119635366,0.2807952,0.042671278,0.09820754,1
10.808579,0.31758022,0.015350906,0.6249535,0.1013548,0.46649903,0.060620707,0.09734963,8.703348,13.070263,-0.7055521,12.531792,28.416496,0.23009044,0.3173699,0.22670819,0.088763334,0.13706814,1
12.316844,0.23655835,0.014301334,0.5212799,0.05956967,0.5630116,0.08865509,0.1572714,6.638908,12.503516,-16.765495,8.717043,26.838846,0.113023035,0.08681078,0.6168835,0.16396457,0.019318072,1
6.908394,0.2313307,0.006557576,0.6734244,0.08198178,0.6082154,0.08534554,0.14161025,9.639924,15.906766,-6.431845,9.559159,20.75982,0.40512082,0.19748853,0.29285187,0.0011245572,0.10341424,1
20.359493,0.2744446,0.02514392,0.49389192,0.08356923,0.41782075,0.07393523,0.11063399,-6.9263606,12.1151085,-11.4196415,12.454528,19.691511,0.70728135,0.16731079,0.11487496,0.00094329234,0.009589628,1
5.0,0.24232446,0.01787394,0.66375446,0.044609312,0.62874025,0.07553998,0.061501507,9.119074,12.266828,-6.7484145,14.527231,29.948662,0.4135574,0.09297984,0.2863457,0.09410549,0.11301156,1
17.95245,0.23712887,0.015901031,0.462936,0.08670266,0.3655679,0.048108533,0.1281547,-4.5380125,5.0,-9.285843,6.8846974,35.23493,0.66558003,0.12457903,0.039319683,0.020312857,0.15020841,1
13.700643,0.30660287,0.01669018,0.39620477,0.05898504,0.6094184,0.09656608,0.10479295,-22.0,22.924757,-5.5801096,12.366617,27.374035,0.011223695,0.14708957,0.23995574,0.54347426,0.05825676,1
5.0,0.23972812,0.02526165,0.66222465,0.06387853,0.4776533,0.055097055,0.1492167,-4.629839,24.219011,-5.933595,16.445803,31.176981,0.42937848,0.27601156,0.011795677,0.18654099,0.09627328,1
20.14559,0.26966798,0.020684332,0.55283016,0.056595556,0.46370092,0.07119402,0.109335035,-5.5390334,19.24379,-5.02872,15.711894,23.020872,0.20725882,0.22286545,0.09073846,0.21888594,0.2602513,1
14.055062,0.22105722,0.01674382,0.5415298,0.10227587,0.47943863,0.07353397,0.059973326,2.4103703,11.6305895,-4.7513123,7.876729,41.211594,0.5169545,0.10451617,0.0077431817,0.24976113,0.121025056,1
5.0,0.27189118,0.011458457,0.47116125,0.046600506,0.42400214,0.032573152,0.07465073,8.37991,9.682563,-1.9864756,11.179504,27.670107,0.30979186,0.021001693,0.04133825,0.22635227,0.40151593,1
10.310173,0.30548453,0.012247293,0.43238807,0.078605756,0.5851089,0.058978047,0.11292022,1.9281218,8.177489,-14.811116,13.003006,40.232407,0.18515287,0.1804905,0.16876136,0.4057024,0.05989287,1
14.138059,0.3063928,0.005983718,0.43997985,0.057526775,0.43155974,0.0640675,0.13435067,20.086378,19.195799,-2.434443,10.080602,19.243582,0.17053188,0.25652465,0.50387293,0.026315972,0.042754576,1
18.852951,0.30134976,0.013158588,0.5110838,0.09182144,0.4404842,0.05773231,0.08344452,-5.250335,22.326488,-16.58844,9.003228,25.684925,0.40314874,0.28943577,0.2899944,0.00012808475,0.017293032,1
10.363008,0.26764885,0.018309193,0.48798394,0.11642709,0.38345242,0.059215307,0.09966059,-19.877125,16.830435,-18.0,3.0781636,33.50047,0.10564453,0.8278393,0.04626532,0.0064495993,0.013801261,1
5.0,0.30334514,0.018168144,0.3447536,0.057393096,0.42885357,0.0898537,0.16169894,2.7799406,20.289139,7.807241,6.539694,26.994099,0.4575727,0.16699928,0.107743494,0.21306543,0.054619107,1
17.836082,0.28290245,0.01808073,0.6355007,0.07280117,0.43098286,0.04345722,0.17438577,-5.448521,18.224234,-12.571877,7.218689,29.624159,0.17191055,0.1248467,0.33042625,0.22697619,0.14584033,1
13.992808,0.25683162,0.01242318,0.4664231,0.062295955,0.42628458,0.03462486,0.1410766,-10.856849,12.145593,-9.136271,4.9544945,19.155548,0.5704511,0.25644013,0.0903994,0.0823102,0.0003991625,1
5.0,0.28145105,0.017755218,0.59907275,0.09076142,0.46770063,0.048270173,0.11859852,-2.9753327,21.047337,-18.0,10.437994,23.161545,0.15385821,0.27789715,0.45576695,0.056013193,0.056464493,1
13.370785,0.2965702,0.01912092,0.44354814,0.06502596,0.4019675,0.074884936,0.10514342,-7.83412,20.727856,-9.181185,13.466232,19.872742,0.15918112,0.31060997,0.09464011,0.31136307,0.12420573,1
13.794266,0.23016846,0.0038652313,0.5123874,0.08811045,0.5916164,0.07683354,0.15156898,-6.847885,11.047581,-4.5524316,8.323099,25.40131,0.28952643,0.43289533,0.0528308,0.1653346,0.05941282,1
10.701135,0.23818748,0.016522113,0.5777849,0.06204538,0.46930397,0.07212015,0.11734525,15.225039,20.035528,-4.3005514,3.0,24.6812,0.04024288,0.101123385,0.6761652,0.03186702,0.1506015,1
8.690869,0.2656916,0.025405254,0.56674767,0.11487475,0.5061824,0.07823623,0.1668051,1.2432448,15.26197,-14.447457,9.526508,22.296713,0.5455263,0.12124754,0.07400162,0.004556828,0.2546677,1
9.561074,0.23334725,0.013542677,0.47856316,0.026169516,0.5403254,0.06512079,0.16890737,-2.6536124,14.695555,-9.105556,11.095946,30.426424,0.18727385,0.060501613,0.6781926,0.019132702,0.054899257,1
10.698585,0.23291911,0.0023909018,0.5407435,0.07753731,0.62174565,0.04963972,0.14640309,15.976144,17.953043,-3.4187112,10.825469,18.54379,0.15807606,0.22134109,0.026046082,0.32308468,0.2714521,1
13.418881,0.2573824,0.010936705,0.5540757,0.06978917,0.5436918,0.04109687,0.110095166,-2.9547658,17.798565,-4.3301587,7.115423,10.955656,0.5094985,0.25930747,0.052159376,0.10258792,0.07644679,1
15.1534395,0.29975966,0.0059273033,0.48816565,0.0690653,0.46265182,0.034757636,0.1131846,-12.301286,20.443428,-5.102217,5.180023,21.998995,0.2888413,0.15791352,0.37454584,0.0005117203,0.17818761,1
5.0,0.2991945,0.011828201,0.41090253,0.07570788,0.40490842,0.055456575,0.0642519,-13.264569,11.75348,-0.67701393,13.545599,41.066822,0.09255518,0.5401023,0.2990074,0.06038668,0.007948436,1
13.023888,0.27963242,0.00887967,0.45003465,0.071168676,0.50366664,0.07576688,0.12789378,-0.7999605,18.827995,-6.762931,11.406914,29.569286,0.10713796,0.70263255,0.18795514,0.0015939209,0.0006804324,1
13.951786,0.27540842,0.019654278,0.46966168,0.07438077,0.55436075,0.064738214,0.12665233,-16.422514,10.200143,3.7457418,7.2750697,20.076311,0.23772113,0.13215652,0.57744384,0.023765909,0.02891262,1
12.676565,0.33262435,0.018892573,0.50208473,0.07816201,0.48993522,0.06045894,0.07489896,-11.724569,15.106231,-8.052028,3.9952633,29.115248,0.44299176,0.40182972,0.093213424,0.045577604,0.016387504,1
10.380577,0.25381947,0.016714938,0.62739044,0.10497962,0.48456514,0.038892493,0.22456616,-3.8125644,15.4396105,-1.138371,10.890427,25.060966,0.10804128,0.3508235,0.15760788,0.04993611,0.33359122,1
17.679241,0.27723223,0.021131156,0.5725986,0.014688404,0.49494392,0.111585364,0.15224987,11.319385,20.850231,-0.889162,6.409818,28.713385,0.35352778,0.115936846,0.3477619,0.0272813,0.15549216,1
17.377611,0.25233036,0.012173101,0.4347149,0.10694159,0.34911498,0.043490823,0.09638217,12.918128,16.046316,-17.474068,11.530768,32.165134,0.20041594,0.12337002,0.24117728,0.36705902,0.067977734,1
10.53515,0.23137736,0.015367753,0.64692175,0.12119596,0.4902528,0.06241225,0.21216768,6.596472,14.690797,-2.9136693,10.631346,27.354593,0.23800895,0.04458571,0.13278465,0.37469804,0.20992266,1
11.667688,0.30554643,0.025972059,0.49369362,0.034978412,0.53125924,0.08006035,0.11015804,-0.038757745,23.129646,-10.480976,18.307632,26.843836,0.12909305,0.38774878,0.41219577,0.066700816,0.0042615808,1
15.087361,0.26084384,0.017926406,0.5537829,0.070957124,0.47680217,0.06084663,0.16321357,-5.7040544,13.855017,-13.061951,9.688391,36.405514,0.6133709,0.038492516,0.13639927,0.13099441,0.08074293,1
17.130512,0.29084465,0.01791398,0.42488104,0.097425856,0.55864567,0.043861218,0.1335053,3.8835852,13.644238,-8.970989,18.003036,29.777672,0.19168958,0.3066211,0.40551004,0.016134031,0.08004525,1
8.7379055,0.26261613,0.011162283,0.46382105,0.088370666,0.56098205,0.07617321,0.111529656,17.819658,6.6175227,-4.8681817,10.327651,27.363869,0.36332652,0.17216896,0.00398031,0.26663306,0.19389115,1
7.8152037,0.30739912,0.012917129,0.58303505,0.10352419,0.4447271,0.03320889,0.116522335,1.4141698,14.91567,-16.954283,7.332293,26.295498,0.13061218,0.7183698,0.012533305,0.12328621,0.015198506,1
13.096647,0.2400829,0.009985217,0.4296902,0.07743887,0.51092523,0.09484096,0.18746607,-4.6200027,11.301582,-5.8118143,5.7780724,22.038712,0.36611375,0.083355285,0.13160254,0.39216706,0.026761342,1
7.505683,0.3049174,0.023404563,0.5044137,0.029344132,0.48299295,0.06564469,0.16504921,-1.5766524,14.746353,-7.523039,6.491883,17.281244,0.3231913,0.2500671,0.34199232,0.08450095,0.00024831123,1
5.0,0.29682615,0.0072089466,0.5376729,0.09609259,0.3380027,0.05493181,0.1251038,-2.6669233,17.199791,1.2672467,11.71632,30.692795,0.3962606,0.19867441,0.054043286,4.2970782e-06,0.35101742,1
8.718496,0.21616088,0.019570695,0.41816506,0.08270951,0.46689692,0.031672355,0.04798704,5.4875937,10.574485,-10.43479,10.516639,34.93611,0.0033352806,0.44107214,0.3217616,0.034024395,0.19980659,1
13.668654,0.25449425,0.017905606,0.35779747,0.09932687,0.40783694,0.036960434,0.14217712,-7.636736,11.885099,2.3287575,3.0,28.994839,0.47720954,0.2083617,0.24112254,0.0361386,0.0371676,1
18.214441,0.30062485,0.0069831824,0.57259077,0.0393202,0.48937926,0.058958136,0.080141,4.0618253,8.002705,-3.292408,14.080655,29.961536,0.3219907,0.2501533,0.10489023,0.2447486,0.07821716,1
9.164942,0.31911984,0.020712037,0.7290706,0.045680206,0.5277925,0.09785495,0.15154372,5.6816154,13.450936,-6.23444,15.907626,19.79033,0.50276166,0.24346094,0.104415044,0.12673733,0.02262504,1
11.502934,0.2914649,0.013706505,0.5367093,0.07032912,0.4647667,0.06465951,0.101437844,3.4404671,11.277579,2.9156303,3.0,21.826637,0.1442115,0.20976071,0.20076944,0.3509915,0.094266854,1
12.62218,0.25810325,0.008395563,0.55205977,0.09666188,0.41699758,0.066941194,0.10562288,-10.862432,26.720959,7.457731,14.048099,17.027277,0.34370205,0.2789115,0.017466202,0.11991647,0.2400038,1
9.405602,0.24094981,0.016822413,0.42927423,0.102231786,0.49637765,0.067722134,0.104476616,-1.4947314,23.520193,-7.473841,16.73237,24.253366,0.32014427,0.30238467,0.15499835,0.04845145,0.17402129,1
9.091345,0.28699964,0.010887582,0.617574,0.05548508,0.6510594,0.10728084,0.1708206,-5.2679644,22.709206,-11.18061,3.0,32.88243,0.35490474,0.057968087,0.26541337,0.17286746,0.14884634,1
13.33994,0.25721937,0.013975322,0.4698587,0.061871227,0.32793948,0.051172193,0.059349295,-0.7385349,9.526074,-2.997108,8.130955,21.118015,0.13423,0.38669422,0.266263,0.1470763,0.06573648,1
7.2102737,0.25849316,0.012471249,0.5930974,0.12743922,0.49629635,0.09130935,0.15951048,-6.6661057,15.1131735,-15.961229,6.6018157,25.477364,0.22724421,0.24210308,0.16320385,0.14274518,0.22470368,1
8.930345,0.2632753,0.0106043955,0.5485838,0.058944415,0.4419351,0.052028418,0.14369203,12.43342,9.984049,-15.107204,13.895587,30.917171,0.45600536,0.123132944,0.08000163,0.32176462,0.019095434,1
11.189649,0.2964527,0.009057985,0.55053574,0.08350695,0.45017424,0.04592774,0.12709458,1.8688781,25.214111,3.1481094,8.341247,34.456867,0.09650663,0.7943363,0.08831874,0.00094732584,0.019890958,1
13.2898445,0.32419336,0.018984172,0.5474645,0.06096313,0.4726717,0.058407784,0.11207806,-16.181377,20.155415,-1.9969796,8.18175,14.470766,0.0275552,0.54060704,0.19682851,0.07209971,0.16290954,1
5.9390135,0.30080637,0.01662438,0.5449148,0.07949519,0.45591605,0.05830913,0.14945929,-13.297169,10.737071,-12.00718,11.685064,22.663193,0.26604348,0.08860741,0.21438442,0.115938716,0.315026,1
11.476732,0.27028653,0.01630331,0.5226712,0.052673336,0.52212626,0.07124027,0.11239913,12.047572,17.847368,14.0,16.238478,20.832048,0.5460602,0.19858453,0.046977635,0.20460434,0.0037732706,1
6.836577,0.24302417,0.013178864,0.57754105,0.053243283,0.46307468,0.013520325,0.11203716,-1.8007252,8.587188,-15.67494,9.753419,19.863094,0.7515592,0.016704611,0.12546928,0.1008837,0.0053831832,1
9.263197,0.2900283,0.015256482,0.4419161,0.06258434,0.3286687,0.0629572,0.13255015,-3.8981106,15.317583,-1.6619396,8.117064,23.319277,0.11342538,0.25709248,0.4575874,0.121505275,0.050389457,1
15.154507,0.31996328,0.011319731,0.48089436,0.059095655,0.56957686,0.048025057,0.19879022,11.285408,15.122186,-11.575493,8.862589,12.3676195,0.7453987,0.036009938,0.13894376,0.048962537,0.03068506,1
11.7046175,0.30010614,0.01123349,0.6174471,0.06391767,0.5590495,0.045520946,0.06948514,-1.5151702,19.698238,6.467493,12.632578,23.426798,0.4080476,0.28141648,0.047830317,0.03326503,0.2294406,1
18.676281,0.27623194,0.023551196,0.5138325,0.08051703,0.43752697,0.03408445,0.15002817,-11.9512825,20.9392,-9.716497,4.6744685,26.245075,0.3573363,0.28654155,0.016516602,0.09910804,0.24049748,1
11.71121,0.25532958,0.019422712,0.47392482,0.10780757,0.48348403,0.05270392,0.1242783,-11.276405,16.10162,-7.9922905,9.934247,18.698061,0.17737421,0.20356962,0.029110964,0.46921974,0.12072546,1
15.872051,0.28035516,0.012192738,0.58278954,0.0581899,0.56523126,0.049667858,0.12117617,6.275125,14.879997,-18.0,6.249056,22.628027,0.31577072,0.16675992,0.3778363,0.0010269779,0.13860612,1
15.179099,0.30463728,0.0075191827,0.5669945,0.050230682,0.5523215,0.051467385,0.06892115,20.294615,5.0,8.578521,5.1880097,26.136902,0.2292679,0.13033591,0.6349488,0.0032918877,0.0021554858,1
11.947119,0.27696925,0.006494569,0.39601445,0.070190184,0.57501584,0.02722786,0.059768643,8.395657,23.81062,-10.325651,3.0,26.83873,0.09421071,0.17213832,0.23149478,0.40307775,0.099078424,1
6.7373896,0.26689702,0.011829122,0.55839455,0.05297307,0.5062134,0.061962996,0.14359728,-3.8188899,12.712045,-2.6386814,7.940037,14.559055,0.58512473,0.11504578,0.17365296,0.12601726,0.00015926179,1
11.579495,0.24938266,0.015538522,0.51098704,0.037297335,0.53386736,0.044167425,0.07922631,-2.267182,16.510733,-5.9669213,14.314913,30.90179,0.03150608,0.07701878,0.5779225,0.10223447,0.21131812,1
9.868917,0.3476828,0.015591841,0.5569521,0.09128532,0.57861376,0.027299292,0.17065483,0.48476002,27.295462,-9.860195,3.0,31.070135,0.31663203,0.169633,0.1012556,0.09457357,0.31790578,1
9.714324,0.24327205,0.015741598,0.5008564,0.07161013,0.45597,0.04903676,0.089365646,-20.199684,10.029724,-18.0,12.170874,20.802937,0.40409634,0.4611466,0.02679354,0.01537824,0.092585295,1
12.623284,0.24049927,0.01667111,0.53714406,0.07356987,0.5108435,0.04451849,0.15203908,0.23468965,16.106358,-7.5981207,7.404659,37.745636,0.49895716,0.2001654,0.050060127,0.23280951,0.018007785,1
6.2017164,0.27492294,0.009808192,0.35352007,0.031456716,0.32973868,0.060822744,0.10695789,5.8409085,18.484293,-7.901789,5.7464204,29.19081,0.16106793,0.5555158,0.23711076,0.0008597699,0.04544573,1
8.504624,0.26394218,0.022538757,0.4284052,0.058304757,0.36941114,0.04876979,0.10503997,17.729382,21.462309,-3.768625,11.375503,28.178911,0.4753157,0.3514068,0.03257999,0.04174213,0.09895537,1
7.9517417,0.30069888,0.014013068,0.5592081,0.041682463,0.51499885,0.03100919,0.0934458,10.907348,16.0061,9.018278,15.242268,30.781452,0.055382207,0.02855388,0.24004821,0.009177344,0.66683835,1
10.983102,0.30171338,0.016474213,0.7097149,0.0695906,0.5256864,0.042232927,0.14747266,19.29924,21.877913,-1.4885482,15.991973,18.769035,0.380529,0.047440484,0.093207724,0.21246004,0.26636276,1
8.927355,0.23357111,0.011718981,0.52938205,0.0726865,0.45289007,0.025466967,0.15862288,16.805819,13.921796,0.019030252,11.134797,23.525944,0.22253205,0.3555659,0.38277996,0.027771724,0.011350353,1
9.190285,0.24733308,0.016557446,0.44457564,0.07267199,0.43755108,0.08274256,0.11737871,13.946934,18.717588,-8.1362,9.718862,30.323202,0.3662479,0.29717404,0.16649576,0.16963467,0.0004476527,1
12.541854,0.24373765,0.025384864,0.51083285,0.05666108,0.45511025,0.08595723,0.15364824,0.26201418,18.069784,-15.192917,11.566214,20.415506,0.3163275,0.2240538,0.02277009,0.11074233,0.32610628,1
10.21726,0.29353583,0.0100533245,0.42852604,0.052940585,0.49343085,0.088378295,0.13050433,3.448562,15.544456,-7.954854,19.907848,23.532913,0.27737305,0.08663119,0.09088206,0.0063051223,0.5388086,1
12.019225,0.28285018,0.009422028,0.5999859,0.066135675,0.31803918,0.048203047,0.076630875,-16.701712,17.6175,-11.141408,8.82928,30.207155,0.17088322,0.5255831,0.22872148,0.026231546,0.04858063,1
7.5372076,0.25885522,0.010677324,0.5038464,0.07714025,0.5125933,0.085942194,0.14514133,1.303488,11.627173,-6.3504963,14.539749,28.168953,0.39345676,0.17022197,0.08442232,0.29996508,0.051933873,1
8.686311,0.27649197,0.013334228,0.58425665,0.058415707,0.48226857,0.068139955,0.11797851,5.661604,14.506751,-9.459172,7.6305094,26.146513,0.613262,0.049245436,0.21506391,0.06993991,0.052488714,1
20.163313,0.23621216,0.012392995,0.4877236,0.05125187,0.49732006,0.04355689,0.04,-2.833613,9.565598,-17.743862,6.677484,26.438011,0.317612,0.15339494,0.3647067,0.048248176,0.116038196,1
9.210381,0.24772342,0.009796697,0.5913568,0.052105747,0.47133893,0.047429625,0.11436911,-15.41636,13.7922,2.8688514,17.075602,24.775795,0.28324062,0.11470503,0.5751253,0.016776314,0.01015276,1
5.0,0.23099938,0.014751689,0.37011236,0.056831416,0.3831839,0.056560386,0.062259987,15.828024,21.69091,-6.98551,10.01063,31.969429,0.3269176,0.27648923,0.3186221,0.0743315,0.0036395534,1
13.368513,0.27436468,0.022805704,0.50195825,0.060947012,0.40312633,0.062049035,0.08073841,4.0606985,18.102072,-8.310256,10.898266,40.630444,0.57810473,0.28360832,0.02535405,0.019632963,0.093299925,1
9.168124,0.27425084,0.014250906,0.5431671,0.048036374,0.586644,0.06725809,0.12004194,17.206102,17.539654,-13.733458,12.187792,28.048702,0.6368436,0.29665864,0.03801759,0.023962673,0.004517461,1
12.975388,0.24046898,0.014517805,0.47853193,0.06108978,0.43501627,0.059964273,0.12699124,7.4217343,8.005599,-9.327806,6.4294043,34.974167,0.26249826,0.17939368,0.16741161,0.08006356,0.31063288,1
11.64186,0.28263628,0.016714714,0.5287608,0.09472269,0.53654706,0.053029586,0.09659786,13.684432,17.600258,-12.043153,8.246907,22.943052,0.20266378,0.06952925,0.38175878,0.22345984,0.12258835,1
14.199505,0.30171347,0.018238325,0.52740353,0.06410988,0.40423447,0.08704182,0.15109202,11.630886,15.686123,-14.357934,7.431813,21.229021,0.38771665,0.12555753,0.13141015,0.3450144,0.010301281,1
11.601509,0.2390855,0.021866139,0.58390665,0.045223005,0.4789503,0.05772435,0.12541912,-6.7942204,18.687078,-4.8609476,11.3287115,20.482668,0.20511854,0.10552401,0.14547408,0.5321362,0.011747167,1
11.093791,0.26021037,0.016200207,0.54972214,0.024830133,0.4491522,0.056579437,0.11304084,-5.0897064,22.916082,-9.281753,11.46654,19.571592,0.39190343,0.22669572,0.31146523,0.004413102,0.06552253,1
16.591682,0.28540865,0.014986718,0.53143424,0.106727734,0.45987514,0.05565458,0.13173619,-4.2837806,13.9553995,-0.75978416,7.597953,23.945253,0.26259682,0.1876641,0.20221332,0.024540626,0.32298514,1
5.0,0.26980895,0.010042337,0.5703571,0.0927864,0.4561998,0.05773599,0.17820236,-9.663582,14.421971,-8.522502,18.111065,32.202763,0.1078638,0.60987735,0.19773103,0.07859547,0.0059323376,1
6.698049,0.22883888,0.018699806,0.39175585,0.075692095,0.58107454,0.032751534,0.043987315,17.651196,20.590656,-5.19648,9.890486,33.020546,0.40195656,0.511884,0.07235488,0.013752998,5.1562343e-05,1
8.69962,0.25677633,0.010777418,0.4398072,0.09325407,0.6149241,0.03993805,0.18198097,0.42269707,12.982903,-5.3959975,10.411127,22.432432,0.71129435,0.19122916,0.06273826,0.011993371,0.022744827,1
5.2286243,0.2557806,0.010622504,0.3891793,0.080551915,0.49663413,0.10891974,0.1053343,4.5950813,16.43696,-3.3063183,15.37397,23.732534,0.37897778,0.09267143,0.05154151,0.17680521,0.30000407,1
10.082453,0.26488748,0.01596567,0.54388815,0.06848659,0.4511111,0.026991619,0.098843165,-13.310296,6.0170574,-11.8881235,6.500288,25.98569,0.14028996,0.08094258,0.055317726,0.72344214,7.5998087e-06,1
9.68768,0.26616496,0.022707624,0.53310513,0.04519623,0.38695407,0.065435536,0.113913,8.185842,14.459722,0.29381794,7.916513,27.638662,0.42848358,0.22326851,0.1733196,0.114231564,0.06069676,1
15.898801,0.3169802,0.018632285,0.61082363,0.10817267,0.38213512,0.06685049,0.09453185,-4.094533,22.525106,-14.260037,11.142018,30.106962,0.362131,0.20124845,0.09114941,0.13512331,0.21034782,1
11.646912,0.26374486,0.014812335,0.5281333,0.06125918,0.58145493,0.08025448,0.088385,12.6097145,17.677183,-5.702947,4.0973835,23.205978,0.63192165,0.14827093,0.012127783,0.017038682,0.19064094,1
11.147955,0.21845753,0.010092052,0.44946387,0.062352195,0.3771983,0.06733561,0.16387303,-6.8541107,20.497087,-14.43448,9.050189,24.597034,0.3799824,0.30416363,0.05493032,0.25593787,0.0049857614,1
10.480646,0.27273393,0.022610566,0.5107201,0.070749134,0.4491764,0.09781733,0.13638742,13.318879,20.781574,-6.845097,18.203506,35.482807,0.326192,0.49510443,0.0031907372,0.16188239,0.013630471,1
7.7920165,0.32243252,0.014717101,0.3499663,0.07109243,0.49087152,0.064792916,0.053292345,9.4086,22.746292,0.23588946,17.315945,24.049896,0.39920044,0.08428236,0.49701822,0.01938088,0.00011807877,1
15.563175,0.26498652,0.013548969,0.4673419,0.08149414,0.29789057,0.0869571,0.1569644,-4.6568985,14.264161,-2.1116464,13.588865,21.977709,0.44351012,0.38007468,0.11276754,0.05199641,0.011651249,1
16.840307,0.2568574,0.017775835,0.31223178,0.07919175,0.39245838,0.080799446,0.1511377,14.178408,20.711403,1.4098955,14.7310095,25.401262,0.120888114,0.10483849,0.2893843,0.45930237,0.02558671,1
7.151336,0.2608463,0.012759746,0.52628165,0.058462728,0.38631016,0.0908398,0.070616476,11.488013,27.238094,-8.122576,11.973524,26.547043,0.56975794,0.30503765,0.03480458,0.05752495,0.03287491,1
18.480223,0.28752434,0.011234981,0.47765613,0.07051773,0.43340063,0.06049675,0.13721034,4.8963194,15.868438,0.36247525,8.273939,15.213847,0.4635586,0.3716608,0.1497135,0.007799338,0.0072677284,1
9.31607,0.26071873,0.01171453,0.48941794,0.08086157,0.4981078,0.06795788,0.15481836,-9.936174,9.401684,-10.845582,16.574306,22.894241,0.6045933,0.28612572,0.0042089266,0.102273144,0.002798933,1
8.989934,0.22453171,0.011701187,0.42547327,0.056760184,0.5519444,0.05261647,0.06582816,8.001123,13.025228,-9.209116,6.2047024,28.939753,0.40985814,0.06565366,0.08301746,0.06870502,0.37276572,1
13.891174,0.2498467,0.009363164,0.44649148,0.0989331,0.43355113,0.06319507,0.14141142,0.6601005,18.341684,-5.0897613,13.873847,40.03149,0.15947746,0.1306588,0.5290484,0.14565316,0.035162184,1
14.248177,0.26805925,0.008805387,0.5554093,0.069594964,0.4476838,0.06429975,0.102996126,0.49348515,7.691457,-0.049998473,7.9632435,22.297802,0.62018776,0.17611471,0.06887239,0.009965385,0.12485975,1
11.714944,0.28606874,0.019860148,0.3851144,0.10196952,0.47162932,0.018451838,0.15168765,0.73829645,12.189577,-9.831393,8.204103,31.354155,0.41511455,0.058047853,0.14480767,0.04624184,0.3357881,1
10.6148615,0.25251916,0.018344205,0.54045504,0.04215729,0.42361242,0.05713713,0.09265408,-0.3012104,14.351086,-1.1340373,12.154644,27.254444,0.36323774,0.38786662,0.06367717,0.015786862,0.16943161,1
16.689411,0.26111358,0.010886011,0.43510222,0.08309258,0.5092467,0.07779746,0.17168973,-8.656235,16.54929,-4.381688,18.135904,34.120087,0.25498024,0.20639011,0.40130976,0.11007456,0.027245343,1
9.506803,0.27134776,0.019442013,0.3655198,0.052192606,0.51140857,0.032996215,0.12025861,-15.153605,24.98255,-3.6418405,15.714645,21.668047,0.42254022,0.36587113,0.15777127,0.052530684,0.0012866914,1
11.724924,0.2466773,0.016546564,0.5981075,0.057310566,0.2894897,0.040273167,0.10540425,-17.217058,19.43907,-11.982397,11.355043,33.72231,0.5179445,0.22519013,0.09485226,0.13567857,0.026334498,1
18.77515,0.2672476,0.013381031,0.60633445,0.08809702,0.52475965,0.08311295,0.101099186,2.9934244,10.430686,-8.692953,10.251491,35.814507,0.15594181,0.16452384,0.46459556,0.11466146,0.10027733,1
6.651667,0.28401634,0.008870847,0.45684257,0.065430455,0.48890445,0.086862564,0.16496076,-22.0,30.0,-6.6554317,13.125905,36.11227,0.5483236,0.073850706,0.36333948,0.012668418,0.0018178192,1
10.165401,0.2344051,0.016707236,0.456058,0.121948235,0.4981138,0.047584627,0.10107346,7.2622285,15.917398,-3.6375153,15.460654,35.991856,0.51418084,0.38501522,0.01926024,0.06356925,0.017974447,1
16.10054,0.27919367,0.024326902,0.47993004,0.080360554,0.56257164,0.06347969,0.17241783,5.06166,7.597889,-11.65188,3.0,27.336073,0.39282787,0.11555013,0.08328151,0.24778207,0.1605584,1
14.112,0.23729078,0.015072858,0.4351948,0.056084488,0.35495934,0.058438953,0.13853678,-3.0272644,10.808095,-15.043837,9.49196,30.09462,0.7584552,0.094279,0.1388519,0.008386075,2.7790946e-05,1
15.576071,0.23789127,0.019993264,0.4492922,0.08039601,0.39211562,0.083539516,0.074575566,10.265272,10.837693,-18.0,5.7902646,23.062954,0.6835421,0.16815229,0.024720501,0.031506877,0.09207824,1
6.7084627,0.2501161,0.013941411,0.5360049,0.065256,0.47508326,0.04933307,0.13103917,-2.6007202,9.260094,-0.7793224,9.12528,10.439486,0.18410428,0.5761737,0.047861025,0.16508077,0.026780184,1
13.28446,0.31096256,0.019609174,0.6659115,0.08664102,0.3175037,0.052427076,0.13187438,4.185668,18.564814,0.60862607,4.9683814,27.791122,0.3276779,0.28276232,0.076018766,0.032623716,0.2809173,1
10.859173,0.21854462,0.014248942,0.4716232,0.06407627,0.46518445,0.08681534,0.073273785,-19.58172,5.0,-18.0,3.0,24.873032,0.14110176,0.10822357,0.47406307,0.17443101,0.10218059,1
21.089668,0.25608155,0.0029733607,0.5818483,0.07813353,0.53922457,0.039933387,0.1303313,-22.0,20.911255,-5.4703045,4.722995,32.741444,0.88009655,0.037393153,0.05286434,0.029229904,0.0004160223,1
15.237512,0.2692065,0.011391324,0.5282313,0.07396865,0.5077647,0.050040822,0.1516872,-2.3532765,20.07204,-8.639937,7.785968,32.033836,0.52069986,0.07050915,0.2903416,0.07062675,0.047822654,1
11.910726,0.30501533,0.015661303,0.3662212,0.07156858,0.48552957,0.06265797,0.1751261,4.2285595,13.717604,2.519214,12.34618,18.564835,0.3150562,0.2958694,0.27553758,0.0046433154,0.10889347,1
13.143594,0.32843825,0.020413121,0.49804512,0.090835966,0.46370932,0.090475395,0.17337342,9.50261,20.578564,-7.4718494,6.7444015,42.374096,0.75541955,0.031156821,0.16628543,0.047133747,4.440232e-06,1
12.217151,0.25733924,0.014232501,0.48799583,0.03393495,0.45004907,0.036130752,0.22556132,-1.7726151,10.536287,-2.1814222,6.5371814,28.716942,0.5479503,0.2901751,0.040213518,0.03280394,0.088857114,1
14.79606,0.2861808,0.0151490765,0.61716306,0.07195021,0.4460164,0.045788255,0.13002338,2.4656744,11.788384,-8.976661,11.582867,17.010824,0.8118558,0.1262713,0.033269886,0.028547391,5.563728e-05,1
8.574798,0.26716346,0.012063657,0.6204123,0.055976517,0.49601063,0.071851015,0.15215206,7.862393,18.747747,-10.809661,11.147156,17.991121,0.3926633,0.20092165,0.33999312,0.002667184,0.06375475,1
17.460869,0.26697084,0.022804633,0.530144,0.04302698,0.37143752,0.074939,0.105750605,-1.2775965,14.952293,-0.62934715,16.808744,10.755702,0.19868912,0.5211663,0.12903862,0.043648217,0.10745772,1
6.701091,0.2781981,0.022503447,0.5971407,0.05324385,0.5824181,0.06423111,0.20536919,5.872582,12.874466,1.5485283,13.738745,31.34552,0.14687945,0.6862024,0.09565435,0.019775849,0.051487923,1
12.820175,0.22243607,0.011618778,0.4882912,0.05760492,0.42836526,0.057665575,0.09436259,-11.288102,15.432328,-14.882407,5.896402,22.311937,0.398863,0.4058093,0.02843555,0.028613895,0.13827825,1
8.702881,0.26856348,0.0074179466,0.58954847,0.06529325,0.51903754,0.06259305,0.20356946,-16.564312,22.593822,1.997092,7.317732,20.117294,0.5264421,0.17838056,0.03213081,0.053639635,0.20940685,1
12.171309,0.28352275,0.0059640096,0.508027,0.07674659,0.48562542,0.029854635,0.1984375,-5.3386416,22.399977,-12.823558,12.985921,21.492226,0.7024778,0.02138422,0.19291858,0.0038877518,0.07933162,1
15.952075,0.24420704,0.018017042,0.587814,0.08084586,0.39924523,0.06202844,0.0986043,7.747505,18.130632,-18.0,6.4537964,23.895723,0.5656402,0.25227714,0.0074682278,0.17423819,0.00037621846,1
5.1506186,0.28372225,0.015676105,0.5959528,0.061818633,0.57048655,0.08964246,0.17145309,-7.1104493,14.222843,-5.9242716,8.702638,30.029596,0.0554127,0.5072671,0.29480207,0.14242126,9.683943e-05,1
11.322086,0.21814635,0.011091027,0.55731606,0.10169247,0.55570245,0.033597033,0.14826922,6.508075,18.607063,-2.4498062,3.1581962,14.48876,0.5454475,0.1645883,0.009044134,0.18391019,0.09700984,1
6.240972,0.272807,0.016359208,0.44067296,0.0625734,0.37005362,0.04431898,0.11352061,-10.269754,11.687763,-16.610117,4.773507,18.511398,0.28572643,0.6117443,0.091583245,0.008683608,0.0022624321,1
10.88247,0.31026536,0.008848376,0.4663565,0.031070868,0.47485006,0.052062422,0.12456764,-5.825141,21.844742,-18.0,15.037523,29.255238,0.38477632,0.12667088,0.16242428,0.19156685,0.13456166,1
6.2304273,0.2634423,0.018974615,0.5601804,0.063108176,0.49451566,0.053321473,0.1406191,2.4204025,20.752125,-9.463543,10.668772,21.841461,0.12586741,0.3509768,0.288713,0.09789111,0.13655168,1
12.647142,0.24065469,0.013088451,0.5714768,0.07094321,0.3350064,0.0968273,0.14442559,-6.6742024,25.65795,-10.399939,7.4839625,30.07599,0.5925026,0.29665944,0.08884062,0.014573643,0.0074236854,1
10.2953205,0.22724587,0.0095927045,0.51267123,0.0045406693,0.33156186,0.04136185,0.18976767,-4.9795694,11.989116,3.5873141,8.045997,22.517756,0.3337214,0.027644176,0.44659555,0.051822502,0.14021637,1
14.98849,0.28171572,0.013164926,0.4750167,0.09414672,0.4216436,0.03736577,0.15284902,-22.0,11.368512,-5.915354,16.8612,37.02369,0.30686656,0.1504912,0.3590365,0.069517806,0.114087924,1
16.914232,0.2978405,0.012992623,0.5153111,0.068018466,0.38807452,0.07542144,0.09920524,8.392463,18.75662,-0.8581887,7.3727403,27.46069,0.21927407,0.73577213,0.043761276,0.00044566815,0.0007468208,1
12.042592,0.26831716,0.016825292,0.47772196,0.046952084,0.4069534,0.04706287,0.15974478,-1.18599,14.631188,-4.532168,11.893465,34.583866,0.11153598,0.31361532,0.07423844,0.21228841,0.28832185,1
15.57462,0.25608927,0.020829989,0.4781671,0.05079741,0.3880862,0.075753495,0.060093697,-9.453275,20.996595,4.9808564,13.48584,29.624338,0.103088245,0.06588664,0.3447881,0.33580166,0.15043536,1
17.529835,0.21207277,0.02057067,0.65680265,0.0852345,0.47143245,0.056058764,0.11453657,18.32605,22.58855,-12.241888,15.779883,30.047962,0.32184348,0.1238286,0.30781892,0.13058597,0.115923055,1
8.311587,0.2737209,0.015798157,0.46196103,0.087678425,0.41754067,0.0691804,0.11838734,-7.8913364,24.514023,-6.6156745,6.595748,20.733059,0.5938486,0.031045614,0.15224326,0.2144389,0.008423655,1
17.739943,0.249322,0.014064047,0.54062307,0.05702468,0.5579776,0.028642459,0.15633261,-5.1553864,16.291992,-16.983494,4.402229,34.171673,0.17504403,0.03436829,0.6852505,0.10424349,0.0010936705,1
11.852243,0.251047,0.012156782,0.5122339,0.042894166,0.49261892,0.06911313,0.20083216,-9.617854,20.401922,-0.32023478,5.5853043,27.510324,0.33701995,0.25898334,0.13868737,0.23260657,0.032702763,1
8.0864935,0.31849247,0.0061599007,0.40187624,0.07261761,0.5356019,0.06435593,0.13870776,11.037707,13.415202,1.7981639,12.924123,19.323416,0.065364115,0.32215232,0.5651296,0.044763464,0.0025904905,1
13.19385,0.21595174,0.014903932,0.39911854,0.07628819,0.36182126,0.054892387,0.115545355,14.337908,17.086075,0.1094149,17.96762,11.230061,0.37734726,0.19704828,0.10376234,0.16399658,0.15784554,1
11.711619,0.21996728,0.010744942,0.4935106,0.081305385,0.43602434,0.03534523,0.10206879,13.338933,15.732815,-6.8727674,13.06317,26.979578,0.8723528,0.060058605,0.039982177,0.007973692,0.01963275,1
6.371953,0.27693978,0.021091694,0.34378442,0.058737453,0.48953512,0.0643367,0.16340165,13.2436075,15.466133,-16.426062,7.362014,36.55511,0.48671776,0.02962597,0.20762047,0.25209633,0.023939446,1
7.595802,0.25844067,0.013996396,0.64643246,0.06755802,0.5117085,0.07448092,0.12220655,-5.9731007,25.119583,-6.6048017,14.751303,19.649971,0.30519804,0.383323,0.08568898,0.030591294,0.19519868,1
18.549257,0.254436,0.01873543,0.47107083,0.07040285,0.43466127,0.049376927,0.10987189,16.724287,9.2896,-10.744011,8.123614,19.41435,0.3120241,0.64115024,0.044696636,0.0019844517,0.00014455333,1
13.1143,0.27817953,0.012587436,0.46454468,0.08933624,0.4449209,0.049770195,0.16805148,-1.9560508,15.975109,0.458571,6.673175,23.786182,0.7502241,0.13389044,0.036061313,0.07960849,0.00021567428,1
17.927177,0.27767727,0.011622587,0.5978451,0.09658607,0.45259225,0.07587778,0.17677103,-15.426372,16.268852,-8.986991,8.674275,33.70866,0.642796,0.098305576,0.22566272,0.022259131,0.01097656,1
10.333708,0.24079087,0.018023951,0.48874244,0.10201381,0.45914954,0.094204426,0.09162567,-4.264836,19.216503,-9.136411,7.6755066,13.142486,0.54984283,0.030128988,0.31097674,0.0298998,0.079151616,1
8.793484,0.25224906,0.01638817,0.55208343,0.09604961,0.6314938,0.078792386,0.070136644,3.2595282,10.514138,9.217883,7.1924133,21.448746,0.23790677,0.69071466,0.06483749,0.0018079049,0.0047332062,1
5.2667418,0.27148673,0.016611036,0.45419323,0.106269225,0.501927,0.06458927,0.12608868,-6.448252,14.5050745,-0.40476042,14.887031,18.959675,0.39061958,0.030901477,0.36668998,0.10632164,0.10546734,1
15.871907,0.27501228,0.014531104,0.5036347,0.090263225,0.48279127,0.055135485,0.08439049,1.4689745,13.021167,1.5315459,7.9369025,29.93471,0.9087261,0.016788077,0.018940669,0.015890308,0.039654825,1
13.6425295,0.28449762,0.018946951,0.57747823,0.058212943,0.3918694,0.059449982,0.078917734,5.3658986,5.0,-9.584742,3.6508386,25.000992,0.2503345,0.7043565,0.030387545,0.0145138325,0.00040764333,1
10.369819,0.2525051,0.018223865,0.43105495,0.100670174,0.39352578,0.033490174,0.08837374,4.1061335,21.81239,-13.7025175,12.343481,23.57394,0.63111115,0.25416496,0.06594355,0.048456583,0.00032378823,1
8.829362,0.28041148,0.004115899,0.5422188,0.04247159,0.46507543,0.056912288,0.17186119,6.5513287,8.650338,1.4675773,6.181469,24.739437,0.24013501,0.06994426,0.3338685,0.07412092,0.2819313,1
16.507479,0.29851043,0.013712733,0.30667907,0.1172893,0.55912626,0.08239769,0.1560154,-1.8004844,7.983906,4.4447193,6.3104167,31.493773,0.5476811,0.2104964,0.014183245,0.17971575,0.047923487,1
11.290875,0.2714058,0.020073704,0.6012404,0.050495293,0.46606022,0.060792696,0.22829916,-7.272832,20.73814,-15.00545,12.80496,33.851215,0.05650569,0.60139656,0.28866583,0.018037753,0.035394162,1
11.333879,0.26691514,0.009902325,0.45548669,0.08775296,0.46905822,0.047490004,0.10432152,-14.701718,14.325725,-9.622434,7.098289,33.17241,0.2660168,0.2582785,0.13590135,0.22229083,0.11751253,1
9.596917,0.2629337,0.006538021,0.4931474,0.098885074,0.4279026,0.04564003,0.18319343,-0.8800429,14.49858,-12.399804,8.188611,30.027845,0.29386225,0.08411823,0.5318928,0.08386246,0.0062642815,1
10.370162,0.25147837,0.014306091,0.49216372,0.0791858,0.3580829,0.059364676,0.14974226,-5.3723035,14.593901,-2.630081,10.168704,35.687336,0.24872369,0.4132586,0.0020043782,0.29092866,0.045084655,1
14.200491,0.24186063,0.017603679,0.42201146,0.02899297,0.5105826,0.035307262,0.1077445,-1.1841805,21.371853,1.6044182,8.854631,19.4787,0.039496783,0.09878269,0.7898215,0.06288789,0.009011113,1
6.334239,0.26105586,0.012697593,0.41586956,0.051041123,0.4621955,0.041828908,0.12413299,-20.705889,13.240894,-8.578156,8.28313,28.713762,0.18191436,0.3657143,0.04857406,0.3883221,0.015475211,1
12.322949,0.28352398,0.021464732,0.5417076,0.07713627,0.5112222,0.09065635,0.10755447,-15.184354,18.975328,-8.598436,3.0,42.44012,0.15738097,0.2791061,0.123960406,0.41321734,0.026335182,1
15.82234,0.24332535,0.02421811,0.54546684,0.08271242,0.49082422,0.03927799,0.14034894,5.0997977,10.29412,-18.0,9.308549,13.14283,0.39175025,0.057720196,0.27777624,0.13619894,0.13655438,1
11.660965,0.26773798,0.0053746123,0.42917812,0.06642417,0.412513,0.0439692,0.16946806,-16.354815,17.650225,-12.679692,16.45382,22.260372,0.21090844,0.2583734,0.005690851,0.49730957,0.027717724,1
16.216906,0.2642569,0.013080029,0.5432851,0.071486704,0.49577868,0.06582676,0.115257144,-1.9003503,20.513458,4.551201,12.518577,18.7491,0.23667893,0.6649964,0.028803984,0.056687325,0.012833356,1
17.362396,0.3233342,0.0035907929,0.54463154,0.040621962,0.3896264,0.051164716,0.16393538,-8.307958,23.025482,-2.5513682,8.497994,28.021034,0.4614887,0.25109607,0.279849,0.00024578554,0.007320474,1
15.614329,0.29168335,0.018305045,0.46974248,0.10548705,0.49522796,0.061772678,0.18084921,-8.943279,8.254353,0.48402554,11.88072,36.064823,0.46555343,0.29550496,0.050113764,0.037202843,0.15162499,1
9.850977,0.29119694,0.011600721,0.39652038,0.062441327,0.4756014,0.077257514,0.18975668,0.8530736,14.516516,-8.556132,12.509444,29.762548,0.23290884,0.38694572,0.05789094,0.32188264,0.00037185155,1
11.858247,0.29760134,0.0126209725,0.49699652,0.085775174,0.5878419,0.029058395,0.083082214,0.28560263,23.991817,-7.9114313,6.6317563,24.478777,0.13789049,0.12028203,0.35133868,0.083103724,0.30738506,1
13.3830805,0.25362918,0.02074046,0.5292066,0.09807124,0.4193177,0.075084925,0.12803395,5.462789,20.609344,-5.8696766,15.028699,29.819752,0.10020639,0.18118651,0.5261467,0.19189279,0.0005676316,1
10.121001,0.31130275,0.008358018,0.4952908,0.046899132,0.38711783,0.048352204,0.15837732,-11.020052,15.00494,-3.7303274,10.652298,23.971968,0.12725681,0.101827696,0.73952556,0.0067788158,0.02461112,1
9.987576,0.27477515,0.0071021924,0.45260048,0.07256031,0.45107862,0.05427847,0.0865306,-8.844568,16.019045,3.632299,8.750681,27.360392,0.16177204,0.24311142,0.08485911,0.1824307,0.32782674,1
9.746747,0.26866004,0.003612622,0.53735757,0.07555983,0.522636,0.09844184,0.07761695,11.232306,17.485094,-10.709269,16.361748,30.330284,0.63040036,0.21768968,0.03944642,0.07076944,0.041694082,1
22.174242,0.23355812,0.021352638,0.601226,0.06483899,0.28415936,0.031947527,0.12894356,-2.2463222,14.135092,-6.966614,3.0,38.269756,0.3619819,0.123689495,0.08361645,0.023522375,0.4071898,1
10.915637,0.2579516,0.020191094,0.43837625,0.0885471,0.5412873,0.07181405,0.11348143,3.6588938,18.735752,-11.552765,5.2967625,29.146038,0.50984657,0.094211854,0.21141899,0.0083981035,0.17612447,1
16.274702,0.21702184,0.01353056,0.4761594,0.056655113,0.4653969,0.08256059,0.12310623,-4.971204,18.452543,-18.0,12.56641,27.52387,0.5076276,0.36877578,0.02528928,0.0030614822,0.09524585,1
8.522391,0.26255447,0.008623772,0.7194514,0.07109955,0.4000663,0.046329387,0.11114609,4.552447,10.426096,0.4409759,12.696336,40.247814,0.6551415,0.03957059,0.27678347,0.027771523,0.0007329656,1
18.8071,0.25271097,0.019170487,0.5232694,0.062582105,0.4542508,0.046645425,0.21639565,-22.0,13.55114,6.232166,16.58716,12.308235,0.17362417,0.08983139,0.09549992,0.5123961,0.12864843,1
10.48573,0.25804946,0.028773379,0.39865544,0.11651086,0.42812487,0.052626643,0.11153409,11.514021,13.729565,-0.6417779,3.0,25.35589,0.1890225,0.6154322,0.12934841,0.065016635,0.0011802773,1
12.211907,0.22842133,0.013821562,0.4617934,0.056744006,0.3942426,0.04621088,0.15342517,-4.552877,14.722387,-4.3879757,13.434796,20.811031,0.17619793,0.33911973,0.1566135,0.3163696,0.011699248,1
5.0,0.2911081,0.00898548,0.43944633,0.08489892,0.3442977,0.06132942,0.15074386,-12.489204,17.349382,6.974071,5.018604,24.331137,0.3408889,0.25434354,0.29152596,0.104225755,0.009015885,1
16.466404,0.287776,0.021208463,0.53043145,0.10593281,0.53113353,0.07785212,0.062447403,-10.624965,16.90237,-2.7878566,11.675599,30.227823,0.602964,0.01687715,0.20441498,0.022333356,0.15341051,1
17.33288,0.32069337,0.009337558,0.52461815,0.051632695,0.44083637,0.052735325,0.18864477,-2.6358802,12.401221,-0.3807628,9.739932,32.86464,0.28406188,0.18552305,0.117035456,0.111643694,0.30173594,1
7.2509136,0.31984404,0.013166628,0.44908103,0.071906656,0.45259675,0.07857109,0.15503193,-1.1039541,22.701374,-5.0131946,13.3996,22.357191,0.38181403,0.12703428,0.38815403,0.10299489,2.7808555e-06,1
16.699217,0.27468616,0.001806451,0.64850485,0.050271742,0.53913444,0.08802021,0.13627806,1.4119351,16.02528,-3.9441073,9.058503,30.683922,0.014559457,0.12950593,0.14321849,0.7126311,8.501567e-05,1
6.6508493,0.3007021,0.013483633,0.50681067,0.029741598,0.4839105,0.06862119,0.17229733,-11.926524,23.318096,-6.930664,14.044064,19.716486,0.7189235,0.13626443,0.13013466,0.008326967,0.0063504428,1
14.528269,0.27783918,0.008608564,0.4635416,0.054299653,0.3708408,0.07050967,0.12808871,8.711712,23.200933,-0.1719378,6.687663,17.036589,0.5919273,0.18187672,0.13660702,0.06390805,0.02568093,1
10.848121,0.2571794,0.021294164,0.40231025,0.058592733,0.5270958,0.04812091,0.16527726,-5.242744,10.703984,-13.638977,9.674223,26.496,0.43000767,0.35468492,0.07031195,0.03845807,0.1065374,1
17.345015,0.2616564,0.010119282,0.42841876,0.059781432,0.5838685,0.007540661,0.054951064,-5.7431383,13.548306,-3.0651793,10.77114,24.470224,0.39296362,0.29297152,0.09065866,0.21732841,0.0060778,1
12.996766,0.2891676,0.018899048,0.4003181,0.06400713,0.5152166,0.071714096,0.16270106,-2.2626843,13.913673,-11.971317,16.706804,36.433735,0.4285022,0.055461425,0.06496618,0.12168907,0.3293811,1
15.725873,0.36,0.0144753065,0.48475456,0.07012255,0.41944918,0.07592952,0.13734536,6.628315,17.566553,-2.4309793,13.331795,40.899155,0.6684321,0.047052015,0.13733979,0.1429976,0.0041784947,1
16.951027,0.3050062,0.015626822,0.4292029,0.046063967,0.3769052,0.064848885,0.13797064,-0.33900693,19.632046,10.758886,10.81744,21.74015,0.27368808,0.5988712,0.01232165,0.11247637,0.002642754,1
10.835874,0.2773922,0.017611105,0.56271875,0.0770324,0.4169025,0.078195386,0.09630857,-5.4234366,16.734632,-1.1010383,12.559225,13.319305,0.20526235,0.09150069,0.32264945,0.37402603,0.0065615,1
11.884387,0.28451374,0.014732733,0.45324543,0.094266646,0.4872123,0.049034737,0.12124685,-3.2374363,13.245476,2.2174642,14.34462,16.429783,0.6628347,0.057202447,0.032238953,0.13006179,0.11766209,1
7.555273,0.28424606,0.011760978,0.5672161,0.09661291,0.5798379,0.07037031,0.12007517,12.19156,24.258018,0.31733847,11.498147,20.150112,0.08569169,0.6742644,0.06799771,0.05861517,0.11343106,1
10.799903,0.26729134,0.010939869,0.53931737,0.064796515,0.42684498,0.08944288,0.08443505,10.553716,13.807867,-18.0,5.8990264,27.451138,0.34074628,0.08755511,0.11677619,0.16749105,0.28743136,1
19.708292,0.2926941,0.0175449,0.5516406,0.08787776,0.43457618,0.073313355,0.14433205,3.6583922,19.709143,-6.9218593,12.5135,24.171658,0.11594996,0.28803322,0.5258806,2.9566174e-06,0.07013329,1
15.023129,0.2653361,0.0054913075,0.5717399,0.056379996,0.5515011,0.08685511,0.19292712,1.4860921,15.814187,-2.8648853,9.886743,17.190428,0.41290763,0.1937617,0.15024927,0.22287458,0.020206781,1
7.821602,0.23965465,0.023390822,0.65946585,0.063132726,0.44961914,0.08698313,0.07314846,22.0,15.674166,-18.0,8.588043,38.502968,0.8303422,0.007758209,0.011373994,0.07983434,0.07069127,1
18.52577,0.28444985,0.015659109,0.4320802,0.0779705,0.59997857,0.035572313,0.14960979,4.6351457,19.368761,-7.987067,6.8590484,30.640013,0.76516736,0.039274123,0.13356473,0.046975084,0.015018717,1
13.556013,0.2884601,0.013313025,0.56767994,0.06330576,0.4696328,0.074383624,0.11318247,1.8061051,23.715014,-6.5547066,12.317329,38.313137,0.21578404,0.08281165,0.5019575,0.19920298,0.00024386897,1
15.321698,0.26562583,0.016330425,0.5318495,0.044721875,0.5617439,0.04736091,0.10856355,-2.0208344,17.524958,-14.621132,12.048003,13.392355,0.21640828,0.4474118,0.22277404,0.06989245,0.043513425,1
13.962115,0.27929574,0.012028511,0.58506244,0.0866651,0.50679475,0.03785033,0.13299055,3.568072,13.555832,-12.787825,6.177736,34.908745,0.053354386,0.43703803,0.27197367,0.16291063,0.074723296,1
13.679033,0.2988267,0.01410976,0.5088638,0.053427923,0.5294963,0.054286912,0.13359681,-22.0,23.400362,3.3614805,5.57555,24.956804,0.11657855,0.17203854,0.47946963,0.033416834,0.19849643,1
5.0,0.2684457,0.009341385,0.5940809,0.059600476,0.46760526,0.095083185,0.13738714,10.277156,18.469223,-18.0,17.566494,23.25714,0.33043727,0.0035227211,0.039838936,0.021356925,0.60484415,1
16.427837,0.2565899,0.01687543,0.39667174,0.091164455,0.47218364,0.049124,0.084765375,-12.71769,16.851814,-4.0997195,13.442511,26.170307,0.4321718,0.2016127,0.3124796,0.04895526,0.004780673,1
5.0,0.24872051,0.014607721,0.41965532,0.08074251,0.5093244,0.024835672,0.17359695,-7.180788,21.138372,2.1449971,10.346894,21.103525,0.46731362,0.029085048,0.032584827,0.2161695,0.25484702,1
16.063953,0.26238644,0.015937345,0.45446318,0.073522225,0.5358698,0.031107837,0.13324551,-14.001825,17.611094,-6.1899405,12.424981,24.999037,0.37141788,0.21738815,0.1415593,0.0823424,0.18729228,1
12.398267,0.31604674,0.0224157,0.49402002,0.040613852,0.5168243,0.06956759,0.15375303,-7.364145,28.284763,3.8603814,8.129067,32.624958,0.6201649,0.050640218,0.24900745,0.0067048348,0.073482625,1
15.341857,0.26404923,0.010978958,0.5037085,0.046733994,0.35627878,0.044823494,0.17858393,-3.403254,16.009285,-8.991642,9.3104105,12.2589245,0.30457667,0.07701629,0.050842177,0.42307335,0.14449154,1
12.633603,0.2807835,0.014355581,0.4407978,0.077946484,0.49803776,0.01913628,0.053155173,8.893512,21.748266,-12.335469,10.085873,36.48119,0.43705627,0.3539361,0.12720689,0.055030715,0.026770009,1
16.175007,0.26026565,0.006742922,0.4207302,0.08260063,0.43403888,0.03189775,0.15521836,12.890647,18.209942,-6.0660467,13.857211,28.746737,0.590355,0.28839412,0.04062928,0.00071451336,0.07990712,1
12.064592,0.25769308,0.01775016,0.4475768,0.07506039,0.4417884,0.06333837,0.123432696,19.411047,18.193424,-8.670875,4.3466945,25.228477,0.5321366,0.023439065,0.13797696,0.2945382,0.01190918,1
13.123707,0.24362093,0.014912576,0.36325547,0.0605252,0.5120252,0.07558972,0.17075501,1.0223768,14.189615,-10.002764,5.9189672,32.549294,0.2915442,0.1727934,0.18452634,0.24709503,0.10404101,1
13.6190405,0.27300823,0.015086732,0.47694921,0.059867892,0.5988543,0.05108569,0.09794666,-2.1906354,14.214428,-7.263257,5.1010337,28.546701,0.2149586,0.5958961,0.09219285,0.095452175,0.0015002844,1
19.514568,0.2544874,0.014213194,0.4953275,0.07431662,0.4637564,0.07297958,0.16741385,7.7956786,18.483158,-11.543943,13.412471,22.640627,0.30392134,0.6391582,0.0030993812,0.048016623,0.0058044824,1
14.4011,0.30820993,0.0121090505,0.5352829,0.04496456,0.61810166,0.07829859,0.08779977,-8.541438,11.658693,-11.865208,9.596345,20.590004,0.21347192,0.50803214,0.000470402,0.059938658,0.21808688,1
6.732589,0.26677492,0.02748014,0.5133497,0.07183378,0.40321007,0.04432579,0.14608854,-9.658502,13.122256,-13.853909,6.33449,36.49685,0.32769153,0.20105892,0.14160755,0.20533192,0.124310076,1
9.744081,0.2686641,0.015191083,0.64347184,0.042224593,0.566222,0.057575617,0.14137031,-3.67213,16.076492,-3.0842698,9.113916,15.6468315,0.28746262,0.4053803,0.2309317,0.03483712,0.04138825,1
14.392016,0.26459455,0.016482584,0.56498986,0.04894743,0.51014847,0.047990363,0.1237831,-0.3384143,22.201864,-12.992861,7.4727783,24.621655,0.24895626,0.07672395,0.620675,0.01927603,0.03436873,1
17.038984,0.28113192,0.009302896,0.55898505,0.07356428,0.49459895,0.0707776,0.08871659,-20.668554,16.40266,-14.694344,4.261862,16.127077,0.354996,0.42178458,0.20992896,0.0048117475,0.008478698,1
9.111296,0.3147273,0.019425534,0.5291761,0.08166464,0.5768214,0.047755323,0.11525208,10.669495,16.323456,-13.51598,15.041404,29.414513,0.3681865,0.13488221,0.15573788,0.15763275,0.18356065,1
20.95951,0.23880672,0.0143826725,0.542858,0.076836,0.4354427,0.035736457,0.16691466,2.4007442,10.7069235,-4.5605536,9.402628,25.320679,0.2516546,0.48444492,0.14871824,0.094935365,0.020246876,1
12.702415,0.2783343,0.017229067,0.4823408,0.04770937,0.5694298,0.061051734,0.18951094,7.9819756,24.478437,-1.3143507,15.133797,17.253357,0.32480475,0.28543228,0.31397462,0.06523713,0.010551234,1
13.68227,0.22293659,0.01951167,0.50796974,0.03257964,0.46541798,0.0822069,0.2081664,-15.704862,21.53558,-0.7427731,4.2048855,19.917011,0.28508437,0.2644538,0.0034099785,0.44506752,0.001984322,1
6.983706,0.30669624,0.01448046,0.65372455,0.069833696,0.43505254,0.070211455,0.15107182,-6.6506824,22.098524,-4.499887,12.017102,26.310856,0.76214767,0.10842223,0.1036151,0.008542631,0.01727241,1
16.461906,0.26675588,0.01161503,0.49439564,0.03201243,0.3871339,0.08013671,0.14005706,-7.1577687,8.736731,-2.25123,4.2299814,27.995531,0.69857675,0.08992815,0.065126054,0.11313565,0.033233415,1
10.216864,0.22515263,0.0033613162,0.3934508,0.08888852,0.59097475,0.07838043,0.14795695,-2.0274305,17.757765,-6.3835225,19.781527,12.439808,0.16412072,0.32702574,0.13048077,0.2385142,0.13985859,1
9.016469,0.23172681,0.013064099,0.55574465,0.048373293,0.55988824,0.060842972,0.20714076,-0.33562616,11.308726,-2.8108313,3.0821679,21.062023,0.44965386,0.38222757,0.0011466547,0.021885103,0.14508682,1
10.731228,0.2944167,0.011587965,0.5700167,0.114683785,0.44653556,0.048050236,0.15082489,8.695864,19.858147,-2.91848,17.184036,27.12317,0.30558038,0.46061826,0.001744038,0.20936215,0.022695169,1
17.53111,0.22006105,0.009284734,0.5123619,0.050760165,0.5181793,0.042605408,0.13348815,0.9875934,17.608461,-11.107474,9.920703,34.46877,0.28621024,0.20178439,0.44284597,0.012340427,0.05681897,1
13.862971,0.27834865,0.02226543,0.34973237,0.079259075,0.48886198,0.028267842,0.118987836,-7.41369,18.594152,-13.529535,9.269028,31.874825,0.27238807,0.5221055,0.08011429,0.11100384,0.014388257,1
8.443659,0.25714362,0.019913832,0.6029285,0.055267848,0.4552961,0.08379099,0.123608366,21.877136,12.416946,3.4650874,12.357364,22.815283,0.49051958,0.38738298,0.0725339,0.040572822,0.008990708,1
9.878484,0.26415724,0.0058508036,0.51839256,0.066636525,0.5475331,0.0533879,0.14545596,-2.6556911,10.800777,-5.1225214,6.2479067,32.993656,0.23239976,0.6818949,0.018450832,0.061365247,0.0058892393,1
17.638266,0.24978462,0.015768552,0.4751793,0.07367947,0.43622085,0.02590459,0.09994247,-9.068209,12.79636,1.362527,13.140432,23.79453,0.7002199,0.23470233,0.04028845,0.012617829,0.012171472,1
11.054476,0.2414145,0.010913781,0.59504473,0.08720585,0.3265851,0.0846865,0.10494246,-18.851517,17.539001,-13.699923,13.433355,8.0,0.317461,0.121495225,0.12493454,0.3880816,0.048027612,1
14.241651,0.2553769,0.01683397,0.33802894,0.0903903,0.4981886,0.06188534,0.12744716,0.9040977,14.788854,-8.838883,10.047647,36.086132,0.5165491,0.11201795,0.0317759,0.02963776,0.31001925,1
15.220596,0.28715912,0.011001766,0.5089489,0.08454638,0.48467362,0.07935539,0.1119234,6.907674,17.2658,-15.636394,11.000209,29.203585,0.47192463,0.27207088,0.0150598865,0.041631613,0.199313,1
5.0,0.26122248,0.012305016,0.45673653,0.090752624,0.438471,0.054769166,0.1538595,-11.399703,10.880143,-1.4757044,17.71858,27.316378,0.0810506,0.52842206,0.27212262,0.11680574,0.001598953,1
17.057564,0.28263697,0.019815197,0.6193717,0.05767772,0.41753057,0.044134524,0.15695699,6.249904,15.9673195,-10.30141,12.604711,26.057573,0.62120086,0.12470856,0.21140625,0.024673456,0.018010864,1
8.590594,0.2627328,0.019096704,0.51943064,0.08297592,0.37084213,0.06891498,0.14050056,0.8364108,22.975515,-9.87995,6.871177,28.119017,0.57271725,0.11585552,0.11847593,0.059173554,0.13377774,1
10.557648,0.28833735,0.022547401,0.43082762,0.063182116,0.45460948,0.0705727,0.14959575,-17.73369,17.66168,7.690626,13.002131,26.05113,0.059343796,0.68724006,0.23266344,0.005057584,0.015695142,1
18.157278,0.28244826,0.01391476,0.5910588,0.08972455,0.41873375,0.054401983,0.13470374,6.256859,17.974537,-1.336036,7.848264,23.976208,0.025143607,0.0903161,0.47110233,0.37041482,0.043023147,1
17.787699,0.25377837,0.0077216905,0.30327743,0.07231148,0.5475077,0.08627056,0.04,-2.650502,18.014551,-1.4213942,7.0737953,21.428278,0.4188159,0.0966974,0.42269084,0.02362466,0.038171213,1
13.97112,0.24138968,0.01960647,0.5406321,0.08240525,0.5161552,0.07890938,0.094965346,-11.261095,13.4403515,-14.414775,12.050591,26.538664,0.22279768,0.58431774,0.13303874,0.051070854,0.008774955,1
14.913755,0.29866958,0.019635437,0.39893666,0.07582951,0.44608262,0.07129528,0.15829378,9.569013,24.1587,-18.0,5.962559,19.831081,0.24182777,0.16432345,0.15799445,0.40577623,0.030078087,1
15.911847,0.24559835,0.018141352,0.46300498,0.08520757,0.51659036,0.037800558,0.096447326,9.378652,17.78512,0.794449,10.185577,18.002697,0.28888574,0.39466673,0.28027448,0.022770207,0.01340285,1
17.720432,0.28502354,0.011281245,0.48074582,0.053846955,0.47247678,0.03498282,0.16421664,-11.47791,16.886005,-18.0,12.695009,27.888601,0.26515928,0.5017825,0.07304672,0.027014574,0.13299695,1
18.229675,0.2709328,0.009645988,0.572809,0.03856171,0.46113855,0.08398035,0.16646515,2.93454,19.434868,-9.511041,17.638842,32.85997,0.22657448,0.6006804,0.046141006,0.07442493,0.052179173,1
12.430809,0.25610813,0.017679822,0.6762729,0.089779355,0.47616333,0.016233109,0.11938027,2.0327392,20.70347,-11.681481,12.553337,20.426634,0.51366824,0.1319835,0.2130861,0.13746604,0.0037961467,1
9.05066,0.282884,0.010569235,0.35763577,0.09689989,0.6039917,0.058180414,0.10637824,-0.6792007,9.771979,-12.475987,4.120126,21.64428,0.34239385,0.041415077,0.59545875,0.0043028677,0.016429443,1
10.979389,0.31103635,0.013460133,0.5357043,0.06768204,0.5250813,0.062932886,0.13038364,-5.156562,16.281816,-9.086623,4.7448487,14.129012,0.53002435,0.27527896,0.044553388,0.09819508,0.051948227,1
12.5088005,0.28876537,0.02953255,0.6761965,0.086222015,0.45910624,0.050205737,0.12823954,-1.484224,27.175907,-13.39005,16.90538,16.786774,0.6636603,0.20196329,0.11084707,0.023000248,0.00052911375,1
11.78773,0.2738787,0.025644744,0.45416564,0.037413787,0.5425704,0.059293576,0.15508012,9.385034,24.276567,-14.512069,7.4629836,17.051426,0.21084538,0.2735604,0.22671436,0.16344656,0.12543328,1
7.9511123,0.31864443,0.01896345,0.44920006,0.057569206,0.5400466,0.06840594,0.04,4.0915093,15.467988,-4.2144184,3.9341383,32.81987,0.22777528,0.1592413,0.45081306,0.016083425,0.14608695,1
13.747177,0.21977198,0.0116886655,0.5188757,0.07163909,0.4981802,0.048255585,0.10063723,-19.278679,19.639996,1.4642315,5.980923,13.8454075,0.37789866,0.22659026,0.06826244,0.22075987,0.106488764,1
5.7288494,0.23663382,0.011388376,0.5663068,0.035294656,0.4570001,0.0776282,0.08950414,-21.434599,14.366958,-18.0,13.176521,29.214245,0.6523174,0.1653879,0.124768935,0.04651304,0.011012719,1
12.34155,0.2560665,0.018578952,0.55260783,0.039410237,0.45237732,0.071649514,0.04,-18.571129,17.768322,-4.631129,10.451359,24.14357,0.52098835,0.30043653,0.07337086,0.076056406,0.029147908,1
12.598001,0.3125797,0.022484953,0.47130382,0.07315903,0.40473974,0.056400828,0.11020746,-13.582129,13.708422,-2.2101007,12.589338,30.23712,0.35081038,0.32675433,0.11770031,0.07644508,0.12828991,1
12.460963,0.29828513,0.012441823,0.43579704,0.05788637,0.49263448,0.043471374,0.07001609,-7.551713,13.62359,-2.8744097,9.867977,34.163292,0.050739374,0.5125357,0.21843341,0.07565241,0.14263913,1
15.40486,0.21851142,0.012715996,0.6052904,0.06306648,0.43730927,0.05818678,0.114500605,-4.527025,13.040727,-7.5485687,5.588586,25.790422,0.72668964,0.04399112,0.14634377,0.08122234,0.0017531222,1
14.874424,0.25690874,0.015438558,0.43803433,0.06187395,0.44942966,0.102213405,0.110481605,-0.6556017,24.411606,-10.179494,3.0,33.93613,0.49498022,0.013041234,0.45743063,0.028006013,0.006541924,1
20.890713,0.2302852,0.008055169,0.3467052,0.044328418,0.5236812,0.044851426,0.14813519,-0.33838373,13.597756,-0.6898994,6.661651,36.848984,0.24275701,0.64730686,0.014527594,0.08664674,0.008761809,1
9.9291525,0.2687865,0.0082080485,0.38372836,0.06564955,0.59810275,0.090615615,0.11999336,-0.4860607,21.708855,-3.6529238,10.487071,35.42442,0.3159144,0.22029306,0.17426144,0.0010384175,0.28849268,1
13.117332,0.29705498,0.009119968,0.4539088,0.06972592,0.5061941,0.024896368,0.062341463,11.436302,13.841686,-18.0,5.2657933,21.294691,0.27180234,0.47364542,0.17631255,0.06016033,0.018079367,1
12.860947,0.29926962,0.01773029,0.61940044,0.058345795,0.47263977,0.042784274,0.14386155,-16.766966,13.269301,-7.547438,13.931608,12.21392,0.025094206,0.30408522,0.22781323,0.27096966,0.17203768,1
12.672746,0.27804026,0.016359974,0.40493104,0.059970494,0.47868654,0.049147405,0.22679558,3.3395646,17.947027,-5.611583,5.9997263,25.126081,0.64997005,0.05353611,0.13339956,0.15720959,0.0058846935,1
6.940583,0.2572494,0.02068475,0.62175345,0.06592053,0.5596575,0.07898177,0.17300318,3.2909937,9.506335,-13.65607,3.3921187,27.24873,0.287117,0.24449435,0.012955701,0.06478787,0.3906451,1
7.2660966,0.267138,0.0063140215,0.60454553,0.08639523,0.5071392,0.061107144,0.15716943,-12.626843,19.323332,-7.7041044,10.002647,12.326184,0.53233856,0.05223704,0.15711848,0.25761804,0.0006878828,1
12.025866,0.2904984,0.007415436,0.5180185,0.06811076,0.49356154,0.08620143,0.1221818,5.3378453,15.319351,-2.559234,13.04289,26.42759,0.18384129,0.21886484,0.25384992,0.3104313,0.03301266,1
5.6964245,0.3404191,0.017278608,0.29607245,0.031473443,0.49851993,0.053347155,0.11036372,3.7257166,13.246203,-11.791338,15.9702425,8.0,0.36660317,0.27288964,0.057287097,0.27123874,0.031981345,1
10.663178,0.23444702,0.010639851,0.40527526,0.046122864,0.37999678,0.058922805,0.10758864,-0.4325257,12.172579,-4.369083,3.552811,36.820625,0.5930204,0.1155365,0.20045422,0.089260966,0.0017279394,1
9.409842,0.3176655,0.011002844,0.4493171,0.08863628,0.50733334,0.053426374,0.13962568,-22.0,25.85668,-12.926724,15.694759,29.341942,0.5944012,0.034891993,0.26799423,0.04670685,0.05600577,1
10.80809,0.2773217,0.020063758,0.63845617,0.0562879,0.41873467,0.100528024,0.08456263,9.637845,15.828448,-14.656767,10.741333,20.274235,0.2890538,0.27553472,0.09899416,0.11677712,0.2196402,1
16.529308,0.2946076,0.012235262,0.45446658,0.068230264,0.50760925,0.03759517,0.13881394,2.266869,15.617608,-1.6908693,7.5159826,26.886896,0.11754177,0.6964393,0.038437076,0.048927717,0.09865409,1
7.6866574,0.27555498,0.01282043,0.43816543,0.10849782,0.4285367,0.049836062,0.103454635,4.035783,20.364758,2.2179878,12.723251,27.751284,0.17635769,0.78764564,0.004311737,0.0005843405,0.031100595,1
15.479197,0.3121258,0.013749547,0.5150642,0.08263632,0.52138186,0.040440753,0.06142117,-22.0,11.791771,-14.286081,15.42154,29.380402,0.11291433,0.6757926,0.0991553,0.06469997,0.047437847,1
9.714849,0.27989045,0.014052898,0.38723794,0.027033495,0.46928492,0.07146625,0.10289029,-5.315171,21.671488,0.6711794,3.2837255,26.485771,0.5062884,0.3397052,0.13585535,0.01808406,6.699887e-05,1
10.212989,0.25053716,0.018424679,0.49803028,0.09889816,0.39982474,0.037179805,0.1800479,-14.336894,15.82129,-6.0911593,8.276273,32.61489,0.27136308,0.18552949,0.41661787,0.100131616,0.026357943,1
13.862183,0.2835034,0.008949978,0.4361154,0.072992936,0.45965233,0.09644293,0.13553512,12.934219,9.081151,-18.0,7.8212996,17.12503,0.30933973,0.595297,0.01446745,0.0014271939,0.07946863,1
10.903406,0.30380327,0.01405942,0.71502,0.07738601,0.63441217,0.061613597,0.04,-11.050209,13.347533,-16.044626,12.503952,25.09582,0.10243821,0.3847539,0.22370626,0.28565252,0.0034490675,1
8.430129,0.27000642,0.02081186,0.42659009,0.0760834,0.32088614,0.0682476,0.10305488,14.792664,10.524212,-1.7421453,15.840117,38.50661,0.18474603,0.64690965,0.15423465,0.010365281,0.0037444008,1
10.51889,0.20777757,0.025663758,0.65439475,0.088267125,0.4916439,0.06926205,0.16613041,9.528494,16.405767,-17.367643,10.2936,23.53781,0.30104384,0.20168802,0.25033405,0.003349886,0.2435842,1
5.0,0.26655197,0.008216807,0.40878662,0.06840517,0.40926042,0.059598815,0.118065335,2.2134974,12.032044,-10.329907,8.831245,27.689709,0.310057,0.39448,0.2129474,0.014786528,0.06772906,1
13.524738,0.2729415,0.016655032,0.521022,0.04036863,0.5763813,0.062433288,0.15095174,11.353894,11.481494,-6.5694995,11.781444,19.033276,0.27095735,0.24313608,0.22287144,0.07727083,0.18576431,1
5.0,0.26865217,0.014049442,0.5400251,0.07647052,0.5371416,0.061694626,0.114188254,-9.444173,17.461006,-2.863863,9.062092,41.098038,0.24187036,0.45663646,0.09263062,0.06605935,0.1428032,1
15.552078,0.25513566,0.014506029,0.51134115,0.042363655,0.4930137,0.07038486,0.13735762,-7.652654,16.219671,-4.70723,3.0,27.996979,0.37945968,0.2867643,0.292726,0.0076546413,0.03339536,1
14.461048,0.3096905,0.011052092,0.50643206,0.106331766,0.54422027,0.04355262,0.13141182,9.223619,22.045784,4.979907,12.06811,17.189005,0.29247686,0.25241396,0.20775321,0.23175947,0.015596486,1
18.405739,0.2,0.018779023,0.5689165,0.06275718,0.49712002,0.04015844,0.1041645,-9.398133,21.824251,-11.710626,13.942703,33.63257,0.55100685,0.06048116,0.06757849,0.12214563,0.19878787,1
20.728308,0.2728193,0.018522471,0.53338945,0.06896519,0.48042837,0.07641936,0.15285924,-13.258165,16.306835,-5.309776,14.294786,18.487444,0.16015409,0.058464766,0.7282192,0.03838498,0.014776973,1
15.743084,0.27323946,0.027614377,0.48616782,0.056479484,0.43807986,0.059961643,0.19126156,-3.2129617,18.498241,-2.8316545,5.3760223,30.786589,0.23342924,0.2287779,0.22752805,0.10058359,0.20968123,1
9.49038,0.3328456,0.008394604,0.44604534,0.076783344,0.45473596,0.019870954,0.14538576,-8.821404,8.962361,-1.0129672,12.428633,33.209824,0.10868253,0.25632215,0.2524404,0.12479531,0.25775963,1
20.690489,0.26956692,0.006260451,0.4867406,0.07908731,0.44751573,0.0504962,0.13415843,18.653854,19.480206,1.3588917,16.13107,40.18675,0.07835377,0.24212594,0.10259691,0.10257809,0.4743453,1
7.224267,0.28336886,0.025273656,0.48575297,0.056425944,0.48072413,0.090599485,0.09627298,7.753588,18.053507,-9.03848,20.122469,27.566904,0.6342413,0.06107981,0.240075,0.037365787,0.027238134,1
5.0,0.27375036,0.01474054,0.4841788,0.07906128,0.3475529,0.056792457,0.16752848,-5.7598495,20.770397,-1.4396224,11.9157295,26.341919,0.3707036,0.37535903,0.06033306,0.04820938,0.14539495,1
19.409855,0.27283284,0.01271601,0.50609595,0.07135452,0.5520765,0.049380172,0.109557875,-10.013668,14.468864,-12.480967,13.935444,11.811658,0.25115037,0.12751071,0.20347162,0.12219769,0.2956696,1
14.406233,0.32288876,0.015941206,0.38725424,0.06808262,0.61628103,0.030104123,0.15242748,3.3866448,14.51243,-6.543878,6.0295014,22.803307,0.1926496,0.11920052,0.3891303,0.29854867,0.00047090751,1
5.0,0.23665039,0.0080257375,0.4177937,0.054969247,0.44974488,0.04864338,0.16046794,11.875444,14.543655,-2.4912665,5.506402,21.000166,0.33838573,0.22529632,0.3212857,0.060017515,0.055014737,1
6.578563,0.24998386,0.016879302,0.5665419,0.11628777,0.5622466,0.036724932,0.16950032,2.9090955,23.17292,0.82773536,13.9493265,24.734718,0.7388838,0.2077966,0.017960744,0.0335723,0.0017865519,1
14.20514,0.29262516,0.01459869,0.31996655,0.09365584,0.4706128,0.06858409,0.17024508,-9.510287,17.414614,-2.008431,3.0,22.359394,0.19426988,0.13261276,0.28879938,0.26006562,0.12425236,1
8.520141,0.27770522,0.020368895,0.59576255,0.084567256,0.4378388,0.060985856,0.16879836,-14.367029,8.520198,-5.3661604,10.621394,31.503456,0.25741065,0.088823006,0.06682495,0.29104412,0.29589728,1
9.095405,0.26150313,0.019285066,0.45528635,0.09252968,0.4532751,0.052730743,0.079751074,-3.7808998,19.221907,-6.556388,15.722396,22.083065,0.07735798,0.28054693,0.10476408,0.4562525,0.081078514,1
19.86569,0.26788327,0.019701665,0.63355774,0.07599817,0.48599848,0.044755645,0.0956369,3.1585565,13.683509,-2.15845,12.850346,29.328724,0.6689328,0.16977201,0.04123176,0.08006076,0.040002685,1
20.592777,0.29741773,0.01595418,0.59809726,0.06301335,0.42950857,0.09052881,0.07510102,-4.704847,21.422903,9.324507,12.824277,25.19129,0.1019503,0.7104249,0.17072004,0.015415808,0.0014889244,1
12.5870495,0.2845527,0.023021732,0.473808,0.017138695,0.52243274,0.04589367,0.072407186,10.077128,18.693754,-0.017868549,9.802116,21.640816,0.14330971,0.02448615,0.3276189,0.3888424,0.115742855,1
11.398026,0.24861112,0.017881265,0.4821027,0.045620266,0.4436504,0.045968026,0.19101241,5.271728,22.20222,-3.3291504,8.360453,21.004862,0.30137324,0.106578864,0.002930507,0.3816283,0.20748907,1
15.60982,0.2771333,0.012334396,0.6274609,0.11330051,0.40487415,0.05514064,0.09056284,2.3734946,21.194296,-15.582791,18.6191,27.630915,0.5351723,0.3654037,0.047920864,0.0010376859,0.050465472,1
9.753573,0.26850593,0.010953878,0.60185874,0.09320402,0.47860587,0.057937622,0.084938824,5.074483,20.686834,-11.911347,14.934577,35.595116,0.17848395,0.19683228,0.5466832,0.0068759713,0.07112462,1
5.0,0.28411266,0.011517343,0.5778192,0.07404637,0.43142453,0.06964093,0.12776525,-13.891484,21.672373,-8.268535,13.385028,20.884132,0.3252605,0.19650453,0.05964088,0.0046853344,0.41390878,1
5.0,0.26036766,0.01794415,0.5915353,0.03844927,0.45708796,0.07860889,0.100160964,-4.982301,20.075296,0.3701477,10.1113825,26.332771,0.16156103,0.31740066,0.39714742,0.012343839,0.111547045,1
11.705606,0.23375076,0.008341902,0.41299826,0.082695514,0.47619835,0.07711146,0.22047617,-10.402472,12.530788,-12.557337,7.6635227,29.38687,0.37207714,0.03848923,0.039051287,0.35308203,0.1973003,1
15.527514,0.29017112,0.01577553,0.51642376,0.06443912,0.3862205,0.10859789,0.119063,3.8438723,10.282075,-1.5028389,14.318542,25.861303,0.45256242,0.23381217,0.04267588,0.26227102,0.0086785285,1
12.064,0.28645858,0.010835631,0.43836987,0.083959155,0.5821206,0.02614252,0.14780694,-10.250107,11.848733,-5.162108,8.772468,13.678594,0.31968138,0.18753394,0.08805196,0.17256764,0.2321651,1
15.239843,0.31245896,0.008734396,0.41094163,0.04776165,0.5368851,0.06461702,0.098781146,0.81937313,19.653475,-3.5154817,10.314824,29.353191,0.23943807,0.18346058,0.36955273,0.2061926,0.0013560276,1
15.639335,0.23051313,0.009541677,0.513111,0.060201015,0.4358962,0.049589865,0.0635186,-1.645115,5.0,-7.51168,12.46277,15.45516,0.43798158,0.13699673,0.1174198,0.3039915,0.003610409,1
17.544163,0.26788855,0.014881042,0.4668926,0.08770226,0.4786611,0.1001952,0.10085147,5.999921,15.923003,-10.176401,10.837867,15.5519285,0.37236747,0.25278974,0.07561465,0.051292825,0.24793531,1
12.745058,0.263088,0.018818874,0.48670003,0.10855625,0.5245052,0.06351207,0.10128091,-11.966704,14.67068,-12.816336,16.199978,16.8671,0.45573923,0.3986049,0.09418709,0.018177327,0.03329145,1
13.103501,0.25811353,0.011620318,0.4599972,0.0568312,0.49460992,0.019406557,0.101000674,4.517612,22.119223,-1.7188402,4.7201767,24.86743,0.17157672,0.6515949,0.06049131,0.018564293,0.0977728,1
11.852802,0.2237694,0.0046201143,0.39964184,0.05000776,0.6115896,0.06868427,0.0659977,-10.694768,15.4139385,-6.537056,10.269346,19.254723,0.3404011,0.28299445,0.026511827,0.042839974,0.30725265,1
10.966389,0.23801146,0.030771669,0.63574344,0.09045772,0.46329358,0.06533665,0.13544293,-9.643199,14.157413,-13.540687,18.552258,15.951905,0.3459098,0.47935745,0.06734902,0.09681295,0.0105708,1
5.71188,0.27811563,0.020588983,0.51246613,0.04480163,0.56322855,0.075154915,0.11652816,-1.4259615,22.580076,-4.4370403,13.588214,28.659876,0.71780324,0.09584337,0.02133252,0.16499513,2.5733956e-05,1
16.687937,0.2550075,0.019661397,0.3846245,0.046239473,0.38657537,0.045529384,0.068323344,11.943299,15.540461,14.0,9.211823,25.811314,0.37085503,0.07264739,0.4221156,0.045424107,0.08895787,1
10.464959,0.24520771,0.023139393,0.51455766,0.07531871,0.39734402,0.06655654,0.13425091,-8.416017,14.732834,-7.410314,13.195283,31.303604,0.116868794,0.517768,0.075897746,0.23108426,0.058381192,1
10.235806,0.31291187,0.015461849,0.6217112,0.11171371,0.597913,0.054590274,0.1604893,-17.778067,13.55387,5.5787287,9.809048,20.893436,0.15677834,0.5860553,0.061613888,0.15121771,0.04433478,1
9.8335285,0.34121165,0.014324995,0.5766982,0.053024273,0.4497631,0.046572763,0.17790923,-9.4527445,17.428204,-18.0,15.865486,25.554985,0.5012533,0.1350126,0.05310024,0.31004432,0.00058956497,1
6.6384487,0.2683071,0.021778958,0.4585022,0.06260488,0.39827865,0.06685448,0.04,-3.8516192,14.342587,-7.8932915,13.285012,31.602287,0.7825031,0.088733286,0.12086384,2.5417016e-06,0.00789722,1
11.657827,0.22493467,0.021745212,0.4604234,0.07222608,0.4766593,0.063055694,0.100763984,18.690458,14.360652,0.6835138,6.533933,16.806475,0.43050197,0.05120571,0.44231063,0.03874967,0.037232008,1
14.0657,0.28189212,0.018075934,0.42343396,0.06054566,0.56847835,0.081001066,0.07516892,3.8833086,23.251163,-5.8911123,10.953446,21.368876,0.1439851,0.08777227,0.7226899,0.0054529435,0.040099747,1
9.17885,0.20743889,0.01941249,0.4406197,0.03466331,0.42655328,0.06053978,0.1039074,-7.5325117,16.244461,-10.498425,11.674502,32.949535,0.6538887,0.035894543,0.17404906,0.07049002,0.06567768,1
16.150404,0.22949496,0.008806139,0.4471291,0.08603914,0.4770806,0.07207805,0.1855421,-1.4127042,13.758915,-6.1849875,11.872434,26.136927,0.62827426,0.14569122,0.13340095,0.015346324,0.07728723,1
10.526355,0.28240946,0.013712652,0.38253826,0.0737265,0.35018575,0.03585133,0.10091125,15.709685,11.024475,0.8957661,11.274998,24.946066,0.71754026,0.14499022,0.08548933,0.014467747,0.037512425,1
5.8693833,0.22848797,0.023519075,0.4644816,0.07733731,0.44718122,0.08789034,0.11099837,-2.40376,16.992565,9.004104,12.258979,25.729876,0.16698882,0.634713,0.13006994,0.06767127,0.0005569713,1
17.494793,0.26111898,0.019021722,0.5275183,0.067165926,0.549804,0.044455986,0.096837096,-2.2837527,13.201257,1.4585437,11.676102,34.561165,0.24286135,0.2006745,0.15825029,0.24913183,0.14908203,1
12.793851,0.22549118,0.0076898956,0.46688023,0.100263506,0.42509604,0.07805861,0.1950373,-4.054378,14.158336,-9.533078,7.1152487,25.831505,0.09729042,0.58513165,0.19763799,0.11514511,0.004794857,1
15.453133,0.27168778,0.012344486,0.5173883,0.059909225,0.39096662,0.06526238,0.04,6.9606595,11.742353,-7.630115,8.174101,26.318945,0.45465627,0.22208148,0.11740346,0.07179037,0.1340684,1
15.547439,0.30369723,0.022704784,0.62975466,0.048458993,0.42567205,0.062726475,0.107745335,-5.2539835,16.984497,-7.5780554,8.9833355,25.88279,0.44510448,0.11483051,0.08977836,0.3159985,0.034288157,1
8.215561,0.25161454,0.017276086,0.6468532,0.10327414,0.43732232,0.075206906,0.09537578,8.722866,9.483372,-12.070735,10.382122,14.688489,0.30546066,0.23468189,0.40744045,0.040988207,0.011428792,1
9.912345,0.2694175,0.015909446,0.49456584,0.02602761,0.53353,0.017200366,0.06115314,10.6277075,18.057331,-7.085452,8.996398,29.518301,0.4181479,0.19516551,0.1848182,0.0887018,0.11316661,1
16.137144,0.24552462,0.016059805,0.5704146,0.066924036,0.5065844,0.048529513,0.17408873,6.1348987,13.267638,-7.916636,14.411521,20.251944,0.35169965,0.14083154,0.43072513,0.06534481,0.011398857,1
19.34087,0.24762632,0.014582193,0.4866683,0.06848985,0.52010584,0.07492259,0.057875846,-2.2420688,19.58319,-14.403891,6.1594872,17.164545,0.061249647,0.20881797,0.38893104,0.29896984,0.042031534,1
12.253146,0.24505888,0.012378786,0.46097007,0.067708954,0.48199025,0.09844186,0.11162213,-13.984687,18.426315,-0.1330961,3.0614848,13.774815,0.7360569,0.027109122,0.005654966,0.09545905,0.13571994,1
9.4912405,0.2935779,0.010832056,0.41065398,0.038975764,0.4366097,0.059512835,0.12685072,-2.2397408,16.520033,-3.0535252,17.867376,15.228619,0.2878355,0.2456311,0.35496345,0.06785973,0.043710236,1
18.729345,0.22759494,0.020051623,0.506929,0.0462991,0.4256544,0.011247416,0.09996314,-6.6857266,20.230715,-10.486622,6.7299876,10.114644,0.5385263,0.19699772,0.032113343,3.502788e-06,0.23235913,1
9.493492,0.26004437,0.016187727,0.58675057,0.08915981,0.51026297,0.05365562,0.060629446,-7.790194,23.78475,-4.965403,14.401509,18.824507,0.4362576,0.48661405,0.008590911,0.039038643,0.029498806,1
13.315882,0.2822945,0.018535266,0.3980464,0.0977068,0.5912302,0.058797,0.123269595,-2.3936803,22.342474,-12.751864,12.434359,22.957474,0.5430179,0.15246268,0.18294217,0.038925886,0.082651354,1
10.288869,0.29729396,0.017733445,0.4770325,0.061653797,0.41414854,0.08218919,0.09952673,4.792355,9.445677,-9.865755,6.87095,33.428795,0.4095232,0.16244994,0.35037124,0.075518586,0.0021370358,1
13.076291,0.28321823,0.022043582,0.47317266,0.051386725,0.40874118,0.06096686,0.16234595,-6.228102,12.973171,-1.1862664,9.468117,26.425043,0.5295665,0.09048481,0.34646595,0.0008652898,0.032617442,1
8.218191,0.26782098,0.017273212,0.5197503,0.03430418,0.40049207,0.0344655,0.15064445,-13.748123,13.585285,-2.702679,8.872184,27.774477,0.599629,0.08374431,0.00947886,0.27749553,0.029652337,1
10.501356,0.25293332,0.019118048,0.52102125,0.0888114,0.53820693,0.07926993,0.20777108,-9.587465,19.19305,-9.592318,11.42552,34.9557,0.3529565,0.4395243,0.041043144,0.1551922,0.011283859,1
9.490811,0.2977595,0.015836416,0.5429788,0.08999293,0.47704998,0.07136634,0.13439906,16.903458,13.388855,-3.8197522,6.9302907,8.0,0.5873353,0.10013921,0.21639344,0.05265551,0.043476533,1
14.6489525,0.24398327,0.010262781,0.65175855,0.013784157,0.5188778,0.046018127,0.15357004,5.4874024,13.19258,-6.5206347,9.293935,28.741661,0.27777454,0.40427455,0.23347257,0.07394932,0.0105289975,1
12.652858,0.2444339,0.013871915,0.43036035,0.021521764,0.44444224,0.07439745,0.11564261,-9.577341,12.329121,-12.980838,9.850992,28.204306,0.31984526,0.04057466,0.47845203,0.15214902,0.0089790365,1
15.520803,0.31057498,0.017949596,0.4259638,0.07273635,0.5232765,0.049067713,0.19846918,12.890043,17.494446,-7.170676,14.407283,31.76554,0.26933548,0.0045084213,0.026000924,0.19735946,0.50279576,1
8.69696,0.28080785,0.018388364,0.5197892,0.07532362,0.45986554,0.05403584,0.13041076,-2.3995938,19.173382,-2.9757707,8.355547,13.425943,0.3313408,0.35215834,0.0808363,0.23542914,0.00023541845,1
11.166196,0.2818682,0.02225514,0.6162179,0.060453445,0.3718552,0.049406234,0.12589784,22.0,9.941965,-3.856877,6.0973883,21.981903,0.08380492,0.3469203,0.20091732,0.15654348,0.21181397,1
14.500126,0.28795648,0.012700398,0.38300976,0.06934102,0.5446029,0.05380118,0.15162311,2.620522,13.428797,-17.84833,7.821143,19.483109,0.32192695,0.34773704,0.147991,0.03677325,0.14557175,1
15.4348,0.26715437,0.016129991,0.52650976,0.06505522,0.47746423,0.07813521,0.104201645,5.6551895,6.5248537,-4.837316,11.468117,16.98475,0.45348936,0.26576725,0.2518793,0.020009186,0.008854898,1
6.216863,0.22686921,0.014354225,0.48389292,0.07052856,0.45827907,0.024284292,0.11001532,8.372885,5.0,-5.8220196,3.0,42.188534,0.41148135,0.19694018,0.00044722698,0.27817184,0.11295941,1
13.271184,0.277535,0.023121562,0.56834304,0.05198181,0.49969035,0.082082585,0.15159434,14.859776,18.423328,-18.0,14.789261,22.037624,0.71522516,0.15732625,0.09252872,0.028543603,0.0063762553,1
8.746999,0.26945296,0.016882243,0.5502552,0.069754966,0.37890834,0.0635265,0.15928936,-4.3900604,17.577131,-11.6562805,10.078606,32.490623,0.7921821,0.055893227,0.02634152,2.6871847e-05,0.12555632,1
15.637204,0.24422783,0.016977971,0.50388134,0.05651266,0.5101506,0.052198295,0.15388262,13.995527,16.862026,-2.558583,11.732864,30.939877,0.061325144,0.022055162,0.20462155,0.05578502,0.6562131,1
19.44202,0.23732844,0.014821702,0.5390018,0.054845784,0.43829325,0.06041526,0.12679268,-6.2379255,23.934889,3.6936183,10.876738,15.91859,0.26861733,0.43961668,0.08486422,0.20664926,0.00025252384,1
5.0,0.2686039,0.0138746565,0.44733775,0.032662146,0.46907264,0.04182048,0.14081709,-3.6144588,7.621321,-17.483618,7.3305526,22.324055,0.18913934,0.06394282,0.5616884,0.010917634,0.17431179,1
9.376207,0.229266,0.0077566514,0.56401795,0.06648918,0.55975056,0.02736553,0.1684169,0.089209035,5.5994773,0.855123,5.6712046,26.421902,0.26784644,0.5909318,0.018540965,0.038203552,0.08447726,1
13.055083,0.26569775,0.008693989,0.61092186,0.08605947,0.5249536,0.042384434,0.08624098,9.204305,10.383284,-18.0,7.198085,28.768267,0.18942784,0.33750638,0.02371503,0.12568322,0.32366756,1
11.984623,0.2620788,0.015894223,0.50801283,0.063488305,0.46765327,0.022090213,0.13005571,-3.3021219,5.4018,3.7826247,3.975882,28.314919,0.54380304,0.1082047,0.039005566,0.19203404,0.11695266,1
15.758604,0.26642552,0.015270745,0.46736377,0.06293034,0.47292414,0.032947157,0.04,16.507214,12.933221,-7.6706653,11.393012,38.271988,0.23766676,0.32773888,0.10095827,0.06840075,0.26523536,1
12.316257,0.28207967,0.015922118,0.48838782,0.09511438,0.30076015,0.027544968,0.1596094,13.264504,18.914297,-11.003058,9.348987,32.372826,0.5152073,0.44757965,0.02651622,0.0033904358,0.0073063658,1
9.881036,0.28865865,0.019706946,0.5631765,0.09049965,0.42246756,0.084476374,0.09869548,0.3959674,17.482807,-3.5182433,3.862711,30.598536,0.23029895,0.58162147,0.14853767,0.034941245,0.004600644,1
7.918675,0.2486551,0.015464695,0.49665073,0.104691654,0.4916989,0.034315776,0.09975765,-9.660527,21.13758,-12.737478,7.5339766,32.778034,0.36169493,0.074352734,0.036054246,0.13490774,0.39299035,1
7.2458634,0.29609373,0.013258443,0.40402853,0.115141705,0.42650846,0.059175074,0.12512404,10.011186,17.853838,-2.3885515,12.608542,35.469494,0.2611336,0.26005185,0.11422088,0.36094943,0.0036442413,1
9.029001,0.26341888,0.013950119,0.57616836,0.071189746,0.38714972,0.082334734,0.15476418,-20.956293,13.979798,-6.867782,15.1720915,21.638865,0.15700853,0.42593676,0.016606774,0.16129969,0.23914824,1
9.739608,0.32259905,0.016219534,0.42137316,0.04685665,0.5136105,0.07700178,0.22567339,7.412942,13.370193,-18.0,4.864465,14.943279,0.65686643,0.030702522,0.16016799,0.094457604,0.057805434,1
13.535009,0.25243738,0.01309999,0.5339595,0.05957723,0.5714511,0.05409728,0.0678786,-8.238197,18.187277,-11.674993,18.645555,21.753527,0.5888668,0.20709315,0.04701903,0.010480156,0.14654091,1
11.373093,0.22166009,0.020321967,0.35069105,0.081460044,0.4295022,0.054188475,0.09601956,12.562637,8.349188,-4.662323,6.162347,16.384562,0.09731673,0.011269956,0.70139724,0.07091005,0.11910604,1
9.396424,0.29500926,0.01494363,0.5086521,0.098802105,0.5412507,0.063603014,0.13914742,-13.858138,5.0,1.4652904,3.1809483,19.119162,0.37049878,0.35275084,0.17181264,0.003076697,0.10186104,1
7.9627347,0.28276864,0.016258312,0.4945363,0.049022745,0.5307364,0.10224456,0.100930996,-6.621945,17.951117,-3.679519,17.029825,26.698673,0.29945576,0.28202492,0.25415462,0.15866444,0.005700245,1
9.1894865,0.30604985,0.010917165,0.3426346,0.07510556,0.41162273,0.068260945,0.16343753,4.381441,17.171457,1.3535546,5.8366556,22.125864,0.12714623,0.13292275,0.45554334,0.012477552,0.27191013,1
9.743869,0.2792893,0.02032438,0.52662516,0.054142766,0.4290619,0.0733644,0.12328818,6.0161214,23.846495,-12.257743,16.095331,30.536512,0.22695683,0.5517748,0.17982507,0.04119915,0.0002441828,1
9.007497,0.34020028,0.022194829,0.41189116,0.067066915,0.6062172,0.105327934,0.16541241,-6.2609906,19.482178,-0.9064819,7.3404155,28.125242,0.23735353,0.21621491,0.40170616,0.13643105,0.008294349,1
14.6924515,0.26433337,0.008184264,0.50678015,0.06676773,0.4018084,0.065556526,0.12006038,-3.3212495,17.545893,-0.78910273,8.827581,28.55322,0.4486775,0.4497431,0.033621848,0.049602773,0.018354777,1
17.472178,0.30138907,0.017004445,0.46706125,0.077623725,0.43736857,0.08295718,0.15179536,9.526362,14.439348,-17.416822,4.779547,17.14529,0.014707804,0.34742966,0.44457212,0.17466497,0.018625425,1
7.2957497,0.25423628,0.014460444,0.3815555,0.11064651,0.6176024,0.06955451,0.09171483,10.067956,11.944357,1.6966083,15.1097555,19.856853,0.34856316,0.19187793,0.10534844,0.24200737,0.1122031,1
16.477016,0.2847533,0.01642018,0.41634193,0.07950176,0.44017914,0.06926315,0.20749687,-3.517613,14.598734,-3.7083921,14.560291,12.630187,0.65580904,0.0039298474,0.19108082,0.079898186,0.069282115,1
14.772947,0.29034066,0.017260468,0.4227445,0.06140333,0.57470936,0.040733222,0.062013622,-6.0713186,20.77567,-7.970328,7.358042,29.97627,0.8197408,0.13297386,0.0037595178,0.039081894,0.004443958,1
12.719475,0.2949769,0.003825221,0.578593,0.05810258,0.40845883,0.037416957,0.101689436,-13.690195,18.318317,-8.0908165,9.700454,39.45507,0.8403614,0.031852555,0.036321495,0.08761109,0.0038534636,1
18.106657,0.2932898,0.018797435,0.56686527,0.06618315,0.48967874,0.04975367,0.07318464,2.5363662,20.671154,-13.266123,12.648371,27.251627,0.25873724,0.1394731,0.3564262,0.10088474,0.14447872,1
11.318927,0.2,0.02056199,0.6755601,0.052566208,0.5560144,0.07763871,0.16201194,8.12629,16.533567,-1.584337,8.114344,27.873865,0.2663796,0.41667953,0.13480727,0.08178958,0.100343995,1
13.607589,0.2679397,0.021124024,0.45904988,0.07279298,0.4472774,0.076689325,0.15158442,1.5135617,11.502288,-3.8856642,15.456884,22.278845,0.3500178,0.5265528,0.003517343,0.04269237,0.07721972,1
12.494895,0.25274676,0.010276889,0.45647472,0.021775292,0.48698154,0.08666372,0.08127248,-9.249963,21.802896,-1.9195209,9.576594,24.484045,0.11485489,0.68167186,0.14221814,0.012301553,0.048953526,1
12.197407,0.25866345,0.014845137,0.5107898,0.065776125,0.5321105,0.059777927,0.16988455,17.865198,21.350428,-5.447083,7.9220796,34.922596,0.18637344,0.36187896,0.04931804,0.06205307,0.3403765,1
13.835995,0.2614977,0.012305421,0.47157866,0.06735983,0.4168605,0.07075484,0.102058314,-21.034039,16.927618,-4.5594935,3.6686597,26.635258,0.13776384,0.7137179,0.011268365,0.13322756,0.004022323,1
12.185687,0.2993242,0.005423771,0.45339495,0.046786983,0.63682485,0.07083991,0.14549275,8.782265,18.779833,-8.071303,4.825149,30.475107,0.3034356,0.1866392,0.499407,7.7590363e-07,0.01051742,1
13.8644705,0.2760774,0.011897314,0.504354,0.062357143,0.55264074,0.057850115,0.15488514,2.1671185,18.504759,1.5375603,12.3541975,35.105698,0.3603222,0.5409098,0.0066028014,0.086106084,0.006059088,1
9.32072,0.2547743,0.009579459,0.5562887,0.09239831,0.45499024,0.053569306,0.12020517,4.686788,13.658012,-1.755422,10.941792,33.70314,0.27282533,0.57473713,0.07274816,0.011323871,0.0683655,1
9.445681,0.22595206,0.016672632,0.33102873,0.09384099,0.4635624,0.030300034,0.16639413,-7.8682957,14.699557,-4.7900515,13.26284,26.226326,0.4056348,0.19282618,0.22982985,6.912413e-05,0.17164005,1
9.302565,0.31599173,0.0068427604,0.45422393,0.059337232,0.61382043,0.05694931,0.12423566,-1.5241628,11.451634,-6.9419875,7.748607,26.74079,0.2346404,0.62444675,0.10712908,0.0006293897,0.03315437,1
10.54081,0.25058046,0.010102257,0.38777655,0.080469705,0.45516297,0.05791999,0.14354943,2.9335053,14.680948,-18.0,3.434784,23.295752,0.097071074,0.21899635,0.6413914,0.040539797,0.0020014124,1
16.053139,0.2660788,0.01240268,0.48769352,0.040029958,0.44694892,0.08268775,0.119035006,-0.8581966,21.154207,-18.0,8.0147505,29.49249,0.056240987,0.30569208,0.5757963,0.028060926,0.034209717,1
10.15118,0.33416608,0.018850802,0.5346104,0.064076826,0.56023157,0.08465984,0.0552711,-17.937628,20.205275,-8.57811,18.151697,23.106737,0.1543742,0.57155967,0.1560909,0.027888848,0.090086356,1
14.609843,0.25139678,0.028888876,0.58935535,0.07461611,0.38196096,0.06291427,0.12505862,17.125011,18.792313,2.8808374,6.1407027,28.450775,0.43870047,0.043817017,0.0633862,0.4262873,0.027808998,1
13.061785,0.26172963,0.01651545,0.46530035,0.10053855,0.47451675,0.101267666,0.09505336,6.5019755,20.79589,-10.934041,9.854288,33.268036,0.50271136,0.07782569,0.010866618,0.110079266,0.29851708,1
10.234313,0.27696538,0.009839446,0.5085018,0.09385606,0.48589113,0.06379974,0.18569076,0.34592924,14.173429,-10.658771,3.0,14.197183,0.2905377,0.06929403,0.6257848,0.013942655,0.00044080926,1
17.23673,0.2218216,0.011604501,0.36543003,0.07417859,0.43074003,0.080658406,0.075432956,0.99090624,10.133409,-12.806443,7.9205036,12.997655,0.7210821,0.027318615,0.24170132,0.0025494292,0.007348576,1
14.944445,0.21834603,0.01829029,0.43116274,0.051769566,0.37040806,0.057998516,0.17900075,16.83738,15.215618,-15.032714,8.344258,25.687384,0.29642487,0.14013943,0.174497,0.37465888,0.0142798275,1
12.007129,0.2555516,0.008269978,0.51657134,0.097170316,0.48483703,0.037196983,0.12284913,-7.4272876,15.61156,-12.397947,11.327386,30.681915,0.14841925,0.107252695,0.45245457,0.10325936,0.18861414,1
11.675446,0.25658992,0.020483596,0.39127883,0.06319424,0.5281727,0.051495615,0.14624809,-9.682327,19.378687,-4.049585,8.728211,28.008177,0.41925776,0.2443229,0.27690893,0.05656,0.0029503934,1
12.374907,0.27402678,0.016367048,0.59896094,0.078969784,0.43246612,0.08948102,0.07480334,8.500771,18.557234,-9.442884,3.9256668,17.523617,0.7913291,0.06314365,0.017711157,0.123890854,0.0039252792,1
5.8818493,0.24066018,0.014374643,0.5418813,0.06754945,0.3974135,0.054715957,0.11764839,4.626902,21.052902,-9.760492,7.3443694,32.297962,0.2673427,0.43234363,0.13888755,0.13315128,0.028274823,1
8.700155,0.28301942,0.006575569,0.42763346,0.10984484,0.5679257,0.050670035,0.10341521,-10.098851,5.925462,-10.383886,9.18411,39.358032,0.22019914,0.080772944,0.64974284,0.047741998,0.0015430463,1
13.850062,0.2052985,0.019601936,0.3814269,0.057799123,0.51696897,0.059918683,0.2141297,10.886827,12.009841,-4.3410287,6.01533,19.919212,0.35295236,0.20015192,0.24836469,0.19848366,4.7377627e-05,1
5.6682987,0.26789126,0.011191878,0.44245622,0.08832508,0.4546738,0.05221006,0.10242619,2.9495792,15.543202,-3.2679179,6.5965466,20.924845,0.3064837,0.13339834,0.17654538,0.31383318,0.069739416,1
9.009501,0.2808053,0.01576846,0.4280544,0.068271905,0.5444598,0.08387518,0.17613506,-8.97958,18.396769,-18.0,14.02073,26.17936,0.47273695,0.01237841,0.22908562,0.024251843,0.26154718,1
10.429823,0.2798533,0.014214199,0.4026402,0.08138209,0.49692178,0.0977091,0.17669459,4.903239,26.471931,-11.321786,7.5004883,25.119705,0.22482596,0.35673326,0.09627334,0.16739635,0.15477107,1
23.614618,0.2651167,0.007081,0.38745517,0.10240024,0.60524505,0.060118698,0.17557094,3.4069326,11.113459,-6.6257253,11.75982,34.421547,0.49192506,0.22193098,0.13608523,0.122469746,0.027588993,1
14.694949,0.25018984,0.0138465725,0.48156798,0.029908545,0.5264919,0.07080911,0.106244974,-0.8804471,12.4508295,-2.9276295,9.292159,27.985132,0.115023404,0.034951214,0.5227462,0.32656443,0.00071477063,1
16.389368,0.2642439,0.00894858,0.5585809,0.06869221,0.3827094,0.0794375,0.20219585,3.8431082,13.883366,-5.1061425,5.0801415,23.958805,0.72142553,0.07736984,0.026309459,0.1747038,0.00019133925,1
8.779411,0.3070188,0.011739903,0.44311342,0.052118704,0.43388826,0.062170964,0.21048726,6.261906,12.272154,-0.24001165,8.668139,21.872147,0.3414656,0.29973412,0.09643115,0.10909985,0.15326929,1
13.448224,0.25201598,0.017163897,0.5355907,0.078914635,0.43723664,0.04244176,0.14468464,9.141917,11.558818,-15.882948,11.163943,15.30697,0.6645399,0.10034019,0.0629282,0.07841082,0.09378089,1
5.0,0.29934332,0.0185123,0.47378057,0.08382662,0.5016692,0.051811147,0.11138405,1.0729537,16.229588,-3.0937216,16.947126,35.586544,0.33849686,0.22161072,0.2420003,0.026588934,0.17130318,1
10.677542,0.30411735,0.014908765,0.54898536,0.060590457,0.45875576,0.06824046,0.09557413,-2.7061532,20.918224,8.359069,6.911024,30.393515,0.6125459,0.22760199,0.043918453,0.11542094,0.00051271945,1
14.021463,0.21792324,0.0105802845,0.43708178,0.059558965,0.4010899,0.06787624,0.14887036,2.39061,16.596754,-5.665952,9.659011,25.366608,0.65042907,0.15719931,0.05271957,0.11705916,0.02259289,1
6.3296885,0.26615548,0.011762943,0.5224793,0.07407614,0.5212398,0.02415623,0.13259609,11.908793,11.701428,-5.3806825,13.636331,26.76116,0.14789712,0.28584763,0.5536661,0.0015403946,0.011048711,1
13.572548,0.24066775,0.011676136,0.50961053,0.04453591,0.5500082,0.05126758,0.13730861,6.2993236,15.018902,-2.3651772,15.042095,25.246365,0.43337563,0.27463254,0.1738169,0.0436821,0.07449283,1
13.904285,0.22494498,0.004314678,0.60898554,0.07666436,0.4728086,0.04525986,0.076085284,-3.2672756,10.807046,-9.817358,7.404346,13.641193,0.4009409,0.08837532,0.3994256,0.004204878,0.107053295,1
9.589987,0.29376093,0.015366301,0.54469943,0.0536458,0.49466208,0.07764584,0.131318,0.5565273,20.91514,-12.627965,9.376829,16.051424,0.4295695,0.44916886,0.0072601778,0.0007640205,0.11323741,1
8.660781,0.28419968,0.006669624,0.5204806,0.084672965,0.41227102,0.04603518,0.17575395,16.656597,23.355764,-5.5938497,14.450784,24.57027,0.78396636,0.029722448,0.033445526,0.051382035,0.1014836,1
9.139033,0.2779038,0.015380979,0.38240895,0.043642383,0.44342238,0.050777066,0.16260739,7.4929223,8.024312,-17.578053,12.045804,24.451664,0.091373436,0.74919796,0.062087484,0.09701144,0.00032969893,1
10.612205,0.23743509,0.0077028237,0.45798013,0.058654632,0.4462857,0.050078172,0.11343512,1.518119,17.145132,-3.2282305,14.133777,25.915125,0.2165928,0.68364996,0.033672567,0.03186608,0.034218617,1
10.7329035,0.27631393,0.008968728,0.43596816,0.054977253,0.5191011,0.07582664,0.12563834,11.403784,12.1089735,-2.048318,14.685692,37.88281,0.6664884,0.050322972,0.08817044,0.1383483,0.056669913,1
14.038435,0.2306861,0.018343078,0.4342236,0.06403684,0.49792185,0.079376884,0.07126661,-5.4309025,16.314384,-17.226822,12.21489,23.995625,0.4559996,0.29272735,0.10912093,0.12543507,0.01671703,1
9.86239,0.27231786,0.015122847,0.50124055,0.0975268,0.45692155,0.06987147,0.10338991,3.2890577,15.572223,-4.8589673,10.574187,20.660702,0.7335395,0.060835306,0.012516936,0.16503766,0.028070606,1
18.408504,0.25015348,0.005575788,0.5192657,0.08691935,0.45414323,0.08212819,0.11639886,18.756216,9.294696,-7.5153217,7.3161006,26.371063,0.6549367,0.20589298,0.12862632,0.0029293767,0.0076146666,1
18.379498,0.30152372,0.012206011,0.5223953,0.060406316,0.34225273,0.0847083,0.15533632,6.5354934,22.044083,4.345147,9.023146,16.22203,0.5181059,0.25118652,0.04969048,0.018150866,0.1628662,1
12.944805,0.25910565,0.016309742,0.6009155,0.060388934,0.5924112,0.023793828,0.10174608,16.208504,15.241452,3.1688867,9.288556,27.088963,0.06717869,0.5662326,0.30552056,0.017701482,0.043366637,1
10.621464,0.27693728,0.011903547,0.53868395,0.08770627,0.3340188,0.07183823,0.0885606,-0.83759546,13.649946,-0.1086674,14.795983,20.926228,0.31372368,0.108555555,0.32385924,0.2138872,0.03997432,1
9.866875,0.27700105,0.013284241,0.40177193,0.046720862,0.5095316,0.052604027,0.16030717,-4.762032,16.581543,2.4747696,10.705368,27.575375,0.17470637,0.23796414,0.10662397,0.38398612,0.09671941,1
13.267035,0.267726,0.016220363,0.5162033,0.07044764,0.48263967,0.034865033,0.11309581,11.602178,11.647013,-8.556564,10.743241,24.738245,0.42630282,0.18306117,0.15454681,0.023586072,0.21250314,1
13.966859,0.27315995,0.015223516,0.5467502,0.05788473,0.46140224,0.05360531,0.09644221,-18.283169,15.081716,-4.180385,6.0238566,25.009542,0.5127266,0.042679127,0.40051672,0.039975423,0.004102129,1
11.195983,0.2791134,0.010038719,0.6009751,0.06656622,0.4794265,0.074617215,0.16249648,1.801902,6.8134017,-7.7671742,14.817927,30.385561,0.2086499,0.08903212,0.31072167,0.38329607,0.008300225,1
10.427482,0.24310818,0.015111512,0.48766467,0.086182155,0.4335912,0.08910494,0.14835131,10.3087635,5.0,-12.980106,6.9306664,31.140715,0.06542278,0.14864548,0.16794346,0.009836399,0.60815185,1
13.410974,0.2820882,0.013563277,0.4884426,0.056614973,0.52569705,0.033098005,0.12170115,5.625119,11.149617,-5.4213405,8.861106,40.231953,0.120846644,0.52964616,0.2708127,0.06607104,0.012623459,1
12.276166,0.29591593,0.023620592,0.5863117,0.08948296,0.38805026,0.07236832,0.115948774,-21.025003,13.338076,-6.5827117,15.237629,30.860157,0.29033807,0.31959534,0.33885962,0.03250879,0.018698175,1
9.71151,0.28192043,0.014484586,0.5142867,0.11399174,0.50294703,0.09931258,0.14518113,-13.45995,7.2149816,-7.41625,13.546433,24.285187,0.3357114,0.03032859,0.27398077,0.30576554,0.05421371,1
12.452158,0.2593748,0.015674863,0.37212732,0.082080185,0.43255657,0.096615076,0.15155062,-1.1438488,13.512605,-6.4146814,6.6008897,21.571629,0.3461709,0.23248234,0.3831378,0.032872353,0.0053366115,1
9.578923,0.27523205,0.016298931,0.35497028,0.06831828,0.45011505,0.0,0.13835646,4.748657,13.331403,-5.5744023,5.684703,28.42801,0.15746963,0.12914065,0.57496506,0.093451105,0.04497356,1
8.993365,0.25908718,0.013388476,0.64726216,0.0931427,0.45200652,0.1035776,0.13482559,5.1413007,15.6921835,0.2151818,9.185079,36.230057,0.5183049,0.10663076,0.25668406,0.05360257,0.064777724,1
11.980091,0.2664378,0.011400386,0.36290178,0.047823094,0.46842512,0.079220824,0.105735004,-0.061638806,19.070766,-10.09133,7.6943626,31.994019,0.46370488,0.120495394,0.04043842,0.34099463,0.03436667,1
9.701323,0.23436938,0.017298838,0.48662305,0.10042146,0.5151507,0.013852346,0.10813193,7.3024,24.560469,-14.957432,4.1303625,21.01393,0.50679356,0.10526126,0.10641194,0.22475305,0.05678018,1
9.068006,0.311402,0.017339729,0.5706494,0.054938667,0.47749433,0.04468678,0.12312702,4.368951,18.141249,-1.253994,6.986823,29.16812,0.023999287,0.2257503,0.62343836,0.021066668,0.105745375,1
16.182856,0.32806462,0.025412882,0.35883144,0.11336188,0.5453086,0.08515528,0.09155596,-1.286106,11.0794325,-0.003941288,3.0,27.554098,0.48243168,0.2244658,0.21136901,0.054360434,0.027373075,1
10.431179,0.24888207,0.018712077,0.41347516,0.055657588,0.5531428,0.06720571,0.08687806,5.3760023,19.332457,-3.494328,13.6159,33.343777,0.8349831,0.09533137,0.06630692,0.0030894582,0.0002891567,1
19.373447,0.29358512,0.018796397,0.40026075,0.083234034,0.50161374,0.048520885,0.12641068,-6.474673,23.003021,-13.971541,13.364148,28.109861,0.25371593,0.0009510189,0.2804605,0.08133611,0.38353643,1
14.506556,0.31373605,0.018588677,0.6440901,0.03880851,0.5277813,0.061329253,0.16957784,6.36821,10.3986435,-6.920425,15.638766,27.84814,0.08621408,0.41013488,0.29245126,0.20253238,0.008667393,1
8.717186,0.24127118,0.011548388,0.66145235,0.06573497,0.62174517,0.07091838,0.047083568,-8.469027,10.676883,-4.004681,11.412958,17.731197,0.27488875,0.17828724,0.4673326,0.07165412,0.00783729,1
16.639038,0.20524701,0.008710131,0.44126627,0.04840613,0.38106698,0.04841462,0.11434246,4.874464,8.894699,-13.478402,8.206798,31.544405,0.3390265,0.1785567,0.21893692,0.26338258,9.729941e-05,1
9.133522,0.31550398,0.009982036,0.54635984,0.041169647,0.55532956,0.057457652,0.14090075,4.6285543,13.177515,-11.351177,14.093613,16.26584,0.42704517,0.15658915,0.1402397,0.1700441,0.10608188,1
19.89339,0.26969028,0.018439861,0.524645,0.094110385,0.58813924,0.07793834,0.17289223,-2.9887385,17.866077,-7.02602,7.194152,26.627182,0.52636886,0.32640073,0.011235096,0.13334645,0.0026488402,1
12.904772,0.25441527,0.022108132,0.47753653,0.045448914,0.51035696,0.04598362,0.20199592,6.349502,23.41602,2.2806094,4.6938987,22.1446,0.07442857,0.28211844,0.25228903,0.08662271,0.30454123,1
14.17027,0.27142018,0.018670013,0.36985788,0.05529855,0.6132832,0.032860234,0.11968653,15.426983,20.458368,-4.4238625,9.411092,21.731644,0.46566412,0.03740942,0.40726814,0.028654156,0.061004154,1
12.123811,0.2589276,0.014165325,0.68459713,0.052967828,0.6041629,0.047253754,0.20890094,-10.200145,17.927633,-10.007717,11.644194,30.078157,0.06650317,0.6289945,0.15664275,0.008982281,0.13887729,1
13.06353,0.35878372,0.023383373,0.3547189,0.09279326,0.4564076,0.04222175,0.14822264,9.541979,16.228788,-7.41166,6.752158,25.97744,0.25945067,0.129114,0.15692912,0.3898665,0.064639695,1
11.083561,0.25407878,0.012781728,0.5169684,0.09034998,0.461769,0.04790266,0.16256914,10.864934,17.957586,-10.663927,5.8099713,9.246059,0.1402761,0.0861897,0.7212359,0.012015773,0.040282574,1
8.296766,0.27981976,0.009259233,0.44819218,0.0954059,0.51714253,0.025450828,0.087384924,-2.072597,18.252222,-8.884058,8.332625,24.615074,0.56198996,0.2817733,0.039832924,0.114595704,0.0018081128,1
13.358701,0.30876738,0.01626496,0.5806449,0.054270737,0.436312,0.06471242,0.14813602,8.009016,22.515982,-0.944114,11.6476345,23.281729,0.45282292,0.33324128,0.13090628,0.07762571,0.005403782,1
16.099197,0.3086228,0.021459302,0.5676757,0.096992016,0.66978544,0.077352025,0.16602251,-2.545726,15.895595,-18.0,9.4182825,34.80202,0.35954025,0.18013844,0.16856025,0.1315944,0.16016665,1
7.2374306,0.30287963,0.010780999,0.42169493,0.05410031,0.5352185,0.043765448,0.102425836,12.56203,17.308737,3.2046123,20.545988,17.3032,0.37840396,0.006776182,0.070127174,0.04400059,0.5006921,1
18.161896,0.25722972,0.006476031,0.43678984,0.05490624,0.48325765,0.046960615,0.04,-22.0,13.957511,9.324277,9.45572,39.41849,0.25688824,0.47991225,0.19396901,0.04879284,0.020437663,1
14.404549,0.26543704,0.015188523,0.3759879,0.056025453,0.3812859,0.05625227,0.13596028,14.448892,16.567003,-4.862057,13.002582,31.99704,0.3350315,0.29546183,0.086695276,0.28275207,5.931131e-05,1
10.252367,0.20476606,0.018857185,0.5155841,0.056753784,0.49763432,0.041773893,0.12140262,-11.122782,14.718478,-11.817533,4.204995,24.053795,0.04372138,0.368535,0.06956685,0.25860912,0.25956765,1
10.180889,0.26776513,0.00017716807,0.55687016,0.068184264,0.39700454,0.07967565,0.18377012,0.8996995,10.052141,2.142634,12.347571,23.067919,0.41715044,0.5452184,0.027121007,0.00063787925,0.009872279,1
19.45665,0.2709842,0.019886842,0.46466687,0.05322613,0.53319424,0.042226776,0.108467534,-8.1395035,20.366385,-4.054382,8.1506,21.53211,0.53299445,0.070599325,0.321417,0.042763993,0.03222522,1
15.754899,0.2922517,0.008166014,0.48041567,0.07462823,0.30484626,0.04948201,0.10179961,14.965102,23.44127,-9.681741,9.9631195,28.235556,0.43264958,0.20574476,0.21068689,0.0027099005,0.14820886,1
16.560205,0.3238646,0.01862415,0.65262777,0.017812032,0.5768607,0.044734642,0.08314316,-2.2905855,15.812863,-12.803244,16.747215,20.485008,0.2850777,0.5261966,0.18360259,0.0033416862,0.0017814656,1
10.995753,0.29133928,0.005016495,0.574899,0.074562915,0.45030984,0.08014954,0.10479664,-5.4210434,17.660267,-8.840862,8.5109415,25.178633,0.73352796,0.01804834,0.14668196,0.005085241,0.096656494,1
14.222063,0.30211934,0.0076257405,0.60782117,0.048206408,0.36157954,0.055378422,0.23667818,11.201786,20.308224,-4.651931,4.7679367,18.393803,0.7890473,0.037994716,0.018471876,0.1111901,0.04329599,1
13.397514,0.26947603,0.018093592,0.32063642,0.05661188,0.4788527,0.09986219,0.06653399,7.3213716,15.283369,0.26854405,5.391589,30.989374,0.13142759,0.23993498,0.020183634,0.37301144,0.23544239,1
11.301399,0.30852893,0.021078847,0.5437754,0.057094783,0.4811776,0.06707529,0.07658836,-3.3363476,16.947973,-4.0106325,10.691572,27.186317,0.041869484,0.2227811,0.2821536,0.43952188,0.013673929,1
12.437029,0.27033398,0.014954293,0.5201098,0.08886345,0.47549775,0.083168626,0.1278279,-9.911892,14.915077,-2.8211818,10.474652,22.724176,0.70338714,0.03596784,0.00385795,0.14964122,0.10714584,1
16.440205,0.30421817,0.026976721,0.39984116,0.08009202,0.5765809,0.053514555,0.20898262,-11.262446,13.252485,-8.336193,10.308391,24.307745,0.41648582,0.23409016,0.23217127,0.096637316,0.02061543,1
18.398367,0.29413497,0.00988702,0.41648817,0.066689156,0.50666153,0.04114759,0.15966181,12.750691,18.607927,-0.015499948,4.8578973,21.149817,0.5930211,0.18899019,0.10647224,0.027399294,0.0841172,1
10.994013,0.28178176,0.009823162,0.48252514,0.05569531,0.5357262,0.05933678,0.19209315,4.189297,18.56261,-7.447048,18.1054,28.193056,0.34788692,0.444809,0.04012722,0.15031864,0.016858231,1
6.747775,0.22377813,0.013488918,0.39264035,0.08565756,0.4625892,0.04641913,0.11459791,1.7341073,20.612713,6.865945,15.858042,17.214563,0.10712436,0.15682563,0.033085383,0.68286085,0.020103762,1
18.574371,0.30280042,0.013250962,0.43610397,0.1058942,0.5098899,0.020029414,0.074395806,4.9222994,15.983012,-10.569429,10.521295,32.313675,0.6768029,0.027031831,0.01843239,0.2457261,0.03200678,1
18.624632,0.28134406,0.01641741,0.46307257,0.069440104,0.38840583,0.080270395,0.11203138,-19.486544,10.000875,-3.2350388,3.9154875,27.213072,0.2751721,0.43422976,0.16553174,0.12506042,5.964401e-06,1
13.60155,0.29107726,0.011285724,0.54588157,0.038033627,0.4980672,0.06065486,0.12501186,-3.2452593,21.538311,9.325729,16.337822,22.85947,0.1283669,0.6716302,0.12918583,0.044658337,0.026158763,1
19.170525,0.27940625,0.017837552,0.44345552,0.055942077,0.4269254,0.04599395,0.1304383,-2.979687,12.3273115,1.293684,14.547293,30.113853,0.121414326,0.382133,0.36961016,0.019356068,0.10748642,1
13.310461,0.2845779,0.017718045,0.464221,0.08118432,0.5723746,0.06752543,0.12144059,9.813863,12.240992,-0.7820926,10.411259,28.720316,0.2237819,0.3701564,0.022858934,0.2260162,0.15718658,1
8.363765,0.30901963,0.023066906,0.58194685,0.061145738,0.48528537,0.060938653,0.15362938,-14.690907,13.340218,-3.922179,14.795074,18.680597,0.5446074,0.20202038,0.0056450674,0.12236555,0.12536162,1
6.75148,0.2557823,0.012547782,0.35885927,0.052826107,0.5264008,0.088195816,0.101523325,10.536491,7.2820373,-5.630159,8.022711,35.151604,0.7228983,0.019607518,0.008391406,0.05314249,0.1959603,1
6.713247,0.28402916,0.016684854,0.51818293,0.051956337,0.49836257,0.06865633,0.09291366,17.94423,14.911887,-7.217062,6.158961,8.524132,0.56447184,0.22924252,0.16148895,0.022600897,0.02219577,1
12.018228,0.24667695,0.018029211,0.5311523,0.071833566,0.6064411,0.056861613,0.08181524,-17.190908,19.096703,-9.932642,10.629475,33.62679,0.45325172,0.32178512,0.04140061,0.08487655,0.09868597,1
10.135017,0.2873004,0.014963853,0.5333463,0.039323438,0.37077463,0.073868565,0.13820106,0.16653314,13.831839,-16.750093,3.7890313,24.857985,0.46046853,0.37495336,0.050307814,0.10711728,0.0071530286,1
9.684578,0.27753863,0.013941668,0.45989162,0.069306865,0.47203422,0.059280716,0.13423003,4.9934163,22.690983,-1.5156795,5.5594754,32.933838,0.23289847,0.3148777,0.013439628,0.26980433,0.16897991,1
11.572373,0.25107095,0.004681198,0.41481096,0.07176932,0.4127939,0.063676655,0.17365691,8.730585,22.381018,-16.766203,12.175498,36.082935,0.42700967,0.45499793,0.050793316,0.0068305843,0.060368497,1
15.431886,0.27280992,0.015416968,0.62156117,0.061009567,0.3365257,0.084523335,0.19187962,-21.645315,20.446444,-1.4402995,10.959932,23.007761,0.569203,0.21355876,0.011393102,0.061373904,0.1444712,1
9.811967,0.25293872,0.017977493,0.43148038,0.049142778,0.40824795,0.03662856,0.08170501,3.3761709,6.3252234,-8.164743,4.4733524,23.336748,0.31522244,0.20913395,0.2778937,0.122745335,0.07500456,1
9.138426,0.25865996,0.01471092,0.41063762,0.09036807,0.5620425,0.042734526,0.13094087,-2.187425,23.16856,-12.688313,8.364015,28.202412,0.18258779,0.2272843,0.014499768,0.47983584,0.095792316,1
10.075957,0.2806442,0.011088625,0.5016161,0.043344397,0.47788772,0.051612865,0.12178572,-2.8327618,14.814116,3.8397968,4.647724,18.064508,0.24568024,0.10953317,0.21651328,0.0027819609,0.42549136,1
15.6837015,0.27805197,0.0066039246,0.4408702,0.073454626,0.46461603,0.054539423,0.068530835,20.690538,24.392056,-16.14367,8.045725,23.67825,0.36830962,0.27621222,0.29474968,0.06020749,0.00052099203,1
11.719929,0.21238565,0.01726529,0.5840643,0.08455506,0.53414506,0.083130784,0.10887328,-2.1555984,12.979658,-10.662953,7.6084867,23.083902,0.4901226,0.10135239,0.09162121,0.16009061,0.15681319,1
13.119631,0.28111467,0.015165651,0.47878602,0.07318924,0.48808026,0.031706013,0.1926647,4.4985566,15.300959,-10.008566,13.968919,17.696924,0.13739945,0.15218692,0.15731607,0.4019767,0.15112084,1
18.212093,0.26090002,0.021949757,0.5944379,0.09462363,0.5229333,0.059410002,0.10469189,-1.2033157,16.448143,-4.952981,9.372813,22.715979,0.19312157,0.19820845,0.35595772,0.19004792,0.06266435,1
23.373093,0.25757077,0.007753015,0.53590196,0.047292084,0.50259906,0.04898444,0.09804057,2.4122753,11.338242,-10.288758,9.026977,31.271322,0.4395174,0.3755303,0.0003286465,0.15567377,0.02894988,1
14.561549,0.23618536,0.012648457,0.46894315,0.05418173,0.51798916,0.094009645,0.12791789,5.5263724,7.8976736,4.232006,8.430263,30.766115,0.29263577,0.43462703,0.12145254,0.046522122,0.10476252,1
14.165426,0.26863825,0.008393466,0.58912134,0.060775325,0.44852188,0.07767695,0.16646764,8.933395,5.0,-15.599066,3.117508,24.759552,0.21097627,0.22829904,0.29192385,0.13112213,0.13767873,1
7.261892,0.25430948,0.020126596,0.44793305,0.13581394,0.5532961,0.06477384,0.11781293,-7.7697115,30.0,14.0,9.605433,26.436623,0.344212,0.15372883,0.26934934,0.015716348,0.21699348,1
13.474062,0.3082057,0.021195183,0.47438854,0.08015607,0.39515075,0.079376854,0.13510746,1.5262637,7.656942,-13.411408,11.931316,23.870625,0.09112855,0.06125688,0.4503686,0.120034784,0.27721116,1
12.247981,0.21751706,0.024612918,0.5423327,0.08390033,0.4739814,0.0336112,0.04,1.8796238,7.725833,14.0,10.926379,13.670438,0.1316983,0.16567901,0.2072823,0.48725033,0.008090062,1
15.568993,0.2410823,0.017607123,0.51813,0.08306699,0.5567845,0.10055009,0.15289304,-16.480406,18.85997,1.651291,12.770452,18.883112,0.09219952,0.38258576,0.46666256,0.01525416,0.043297987,1
10.432612,0.23905104,0.018946346,0.44610506,0.0715764,0.4692155,0.043162923,0.13884526,-9.536626,8.880831,-6.7720313,12.965165,32.71293,0.120752946,0.067675814,0.020686002,0.77478397,0.016101297,1
12.802868,0.27775973,0.017180419,0.37709197,0.090988755,0.44984025,0.085139,0.16538721,8.909235,7.952008,-4.413593,18.792347,34.380627,0.041631248,0.24088576,0.68122,0.0036072554,0.032655757,1
14.420929,0.30519384,0.01786553,0.4985085,0.03259392,0.64019084,0.07103302,0.055295005,-4.616301,5.0,-8.65133,5.4850545,19.991707,0.35929367,0.13524202,0.22161835,0.010994156,0.27285182,1
19.59417,0.28509367,0.015245383,0.44183055,0.0755395,0.5793014,0.065286495,0.11790066,22.0,17.46359,-3.5706003,10.938888,33.833614,0.52517474,0.12869655,0.01842225,0.0020090824,0.3256974,1
18.255087,0.2371606,0.01809414,0.50237167,0.07856435,0.4899143,0.08430449,0.16856727,9.630703,10.649708,-11.159082,11.38714,17.59514,0.24995121,0.18011671,0.52231103,0.03038741,0.017233627,1
17.06429,0.25712308,0.025699966,0.4663221,0.09037297,0.41206658,0.07993164,0.10772253,4.5184813,19.216944,-1.0370626,8.720811,22.380016,0.2506241,0.09590536,0.3264857,0.21825132,0.10873354,1
14.908477,0.2457247,0.016093398,0.4425946,0.046886362,0.33754405,0.062147643,0.13204212,15.10397,15.620974,-4.726018,7.4700174,25.168354,0.53241694,0.2581639,0.059386246,0.1434667,0.006566194,1
10.2746935,0.28523195,0.015120034,0.4785475,0.048358236,0.52960634,0.051568028,0.11361499,7.7272325,16.427597,-12.926581,11.995087,24.087776,0.23633572,0.5679948,0.04066198,8.4990366e-05,0.15492256,1
14.906155,0.25651288,0.015990373,0.49412605,0.049622428,0.5686108,0.06246058,0.11459507,1.8423012,13.732866,-3.0099714,11.611181,21.154802,0.5885349,0.30460146,0.06397616,0.001315574,0.04157191,1
8.910929,0.22761606,0.01425454,0.55560076,0.08044641,0.50770396,0.057943866,0.17668535,-14.141656,14.621047,-3.4420507,5.78769,26.887175,0.2972881,0.39775905,0.04852637,0.105118014,0.15130848,1
11.175124,0.28754118,0.01623211,0.53385514,0.0807317,0.36025098,0.06707983,0.073064305,6.6533747,11.525954,-11.019947,3.0,31.43518,0.6439089,0.21601981,0.11000445,0.025788153,0.0042787013,1
19.113476,0.30789775,0.014085011,0.66755384,0.051003926,0.49122235,0.08041179,0.12798896,13.967136,11.999614,-8.993942,8.033598,15.823719,0.36590984,0.18251558,0.08196093,0.35887125,0.010742387,1
14.151927,0.26463982,0.020719914,0.51131487,0.108285524,0.44592044,0.06937137,0.14007047,-5.928711,10.525026,-2.412599,7.3062673,26.883533,0.26443154,0.24658962,0.23191746,0.05655624,0.20050517,1
12.908052,0.27361202,0.0202203,0.44616553,0.075727426,0.49131596,0.0636974,0.16752402,-18.260252,23.569906,1.6351676,12.410915,32.75441,0.35829657,0.0150773525,0.30586484,0.021004843,0.2997564,1
13.422843,0.22481096,0.025829675,0.4866964,0.07248411,0.61603993,0.04692066,0.12512182,-10.692873,14.019373,-6.995772,6.3040776,23.110851,0.2968262,0.11188077,0.23573141,0.124349564,0.23121205,1
11.624688,0.20822287,0.0148823,0.5454659,0.065847464,0.5352581,0.06649313,0.16875522,17.590332,5.0,0.5145866,9.289537,22.171864,0.071334064,0.703602,0.21088912,0.010657173,0.0035176508,1
5.0,0.21452749,0.016443186,0.58027405,0.088609874,0.52032524,0.026081339,0.12781477,0.80199337,17.293802,2.169429,3.1723585,20.044245,0.25840703,0.61753714,0.09513128,0.0061064176,0.022818133,1
6.9424515,0.26865834,0.016234865,0.6073176,0.07778989,0.4768259,0.04404985,0.1347817,14.59768,11.9812975,3.1228566,3.7940454,40.00248,0.26743948,0.16061659,0.15978166,0.111006625,0.30115563,1
14.468953,0.26076174,0.015997965,0.41863966,0.107797034,0.50901324,0.07212485,0.13325354,0.19044697,15.777596,-3.081112,6.9220557,36.45236,0.412478,0.17407744,0.38428277,0.0032522301,0.025909556,1
8.31782,0.28638697,0.020649968,0.60245395,0.04572201,0.42938873,0.077703744,0.15621111,-4.965226,14.65226,-12.3122425,8.997874,23.935823,0.55874574,0.294685,0.0008552147,0.083528355,0.062185697,1
11.569657,0.2640704,0.0068750787,0.49631834,0.039088726,0.5188455,0.05958673,0.15166926,21.345945,23.450878,0.23908074,6.720734,34.26197,0.712896,0.22912516,0.022629062,0.017300418,0.01804936,1
7.0902276,0.29963285,0.017303543,0.42584392,0.055198833,0.46646422,0.06401981,0.085477635,-3.7161796,14.08187,-7.339799,10.57094,22.3173,0.4283526,0.38983715,0.073485024,0.060490534,0.047834713,1
9.125409,0.296168,0.024978846,0.48369777,0.08106701,0.4224421,0.067405224,0.13868086,-2.4906914,20.080368,-2.454464,3.1949437,24.910736,0.7628248,0.036401257,0.0060393508,0.11869294,0.0760417,1
11.982954,0.2603262,0.02181473,0.5968604,0.061438184,0.5370501,0.073628716,0.15162647,4.6060534,19.5525,-10.403031,9.139878,18.580334,0.21143243,0.39128366,0.26550236,0.13177475,6.7976944e-06,1
15.695442,0.23989683,0.021242835,0.53658205,0.095420554,0.3237912,0.055971816,0.18846923,-2.9009995,9.167217,-10.201194,9.186158,13.098198,0.48260137,0.27340326,0.1917309,0.005399269,0.046865188,1
16.497309,0.21251516,0.019210305,0.40303653,0.06212884,0.4418763,0.04034079,0.08965373,7.7817116,16.93873,-10.909751,4.20861,21.938755,0.6845198,0.036579553,0.17860402,0.06282725,0.03746933,1
9.061451,0.31300706,0.012021093,0.40363652,0.09163817,0.5229324,0.06774349,0.15153787,4.459351,12.208366,-15.27482,10.913551,23.024881,0.67229444,0.24042942,0.063997574,0.017598541,0.005680046,1
13.226813,0.24172422,0.0112507865,0.40141636,0.053384773,0.5657209,0.0991661,0.11608463,4.8552666,9.95671,-10.107234,3.0,28.98606,0.6212753,0.026375122,0.034768447,0.3172577,0.00032340022,1
6.298285,0.22510698,0.011289852,0.44147694,0.09366106,0.5130192,0.04155094,0.1376743,-6.1664367,9.976399,-13.230726,7.259182,30.584574,0.5839247,0.04407719,0.18894805,0.16688111,0.016168939,1
12.225642,0.2738957,0.009307726,0.50619596,0.09738307,0.43295392,0.057461735,0.08706009,-16.623997,20.10656,-2.036137,13.149955,25.141113,0.24751262,0.16727416,0.4008695,0.022416186,0.16192754,1
15.8132715,0.22537376,0.019733043,0.4099055,0.058704283,0.47643474,0.052275073,0.1294647,-8.321878,29.215137,-13.454149,3.0,19.062038,0.4857509,0.33978677,0.07206733,0.10213936,0.00025564866,1
11.731811,0.27386555,0.022341816,0.4657339,0.07979123,0.5003892,0.10826397,0.14275703,-7.4400315,11.973461,-10.686017,12.684051,21.394398,0.5764099,0.20586583,0.07546098,0.10543882,0.036824465,1
17.262749,0.25991067,0.017172134,0.6121629,0.0753543,0.5892374,0.04078549,0.09119494,2.926317,17.078707,-5.9777327,5.336225,37.137714,0.7303282,0.058150295,0.024390863,0.06372708,0.12340353,1
15.347677,0.29771036,0.019023927,0.62942463,0.08033414,0.5444419,0.05679084,0.18795043,-8.150831,17.55213,6.6869793,7.6382113,30.404022,0.60515285,0.03333157,0.29454768,0.048701167,0.018266743,1
12.965299,0.2951009,0.016467344,0.62403786,0.09568874,0.5449551,0.052706275,0.06823111,-14.652992,13.350059,-10.844734,15.62624,35.9599,0.12845781,0.643087,0.022166878,0.008020188,0.19826812,1
11.001181,0.3030997,0.017843798,0.3564077,0.08946423,0.48457935,0.034913067,0.15150227,-11.465947,23.038017,-15.675554,7.492269,38.43876,0.073201835,0.44907677,0.313931,0.033090733,0.13069968,1
9.86268,0.27618784,0.004414751,0.6338978,0.080282256,0.40503097,0.03382682,0.04,3.8761632,26.984726,-15.183017,16.455069,21.397732,0.021285392,0.62446994,0.21810146,0.13006613,0.006077094,1
6.1681323,0.2442498,0.016573384,0.5073358,0.08326104,0.3815771,0.071367666,0.119800664,6.874182,13.011482,-12.024475,8.778934,31.741232,0.40728405,0.26405182,0.1419069,0.10518246,0.08157477,1
6.8193707,0.23889342,0.012872301,0.50623757,0.04461463,0.4589114,0.074173056,0.14918548,-5.066394,24.671967,-10.597822,9.661543,19.684666,0.7499233,0.18590142,0.016733244,0.04163453,0.005807499,1
10.225425,0.19205268,0.028461186,0.38195693,0.1790052,0.5370763,0.14456305,0.32809883,-7.207052,32.69213,-9.189372,18.231092,49.556915,0.059207343,0.0013421508,0.18344264,0.7465116,0.009496315,2
7.259206,0.21507366,0.0272917,0.7227193,0.20753126,0.47850755,0.20141663,0.3849742,-13.520727,39.97622,-26.84429,18.163477,55.191685,0.11133132,0.030188136,0.18127708,0.6597635,0.01743993,2
1.1841972,0.14124349,0.021959802,0.5366042,0.1048409,0.36598346,0.13737072,0.14800578,-11.282079,38.189377,-5.9852824,19.100159,45.777603,0.058455285,0.00022689905,0.575678,0.2714581,0.09418173,2
2.41055,0.17914152,0.04986004,0.519721,0.16475898,0.23807825,0.059992783,0.24976343,-40.0,25.564068,-17.396942,21.636457,38.46784,0.46988115,0.0030065964,0.34398493,0.18184716,0.001280201,2
4.2083116,0.21517311,0.03805574,0.66020644,0.20904061,0.6162622,0.16555348,0.23812465,-9.19248,34.6729,-9.848274,18.586615,61.332268,0.06364701,0.3184999,0.5529748,0.04641813,0.018460145,2
3.1159291,0.1515153,0.041928098,0.567891,0.20996507,0.6105254,0.09028551,0.30585274,-1.3230819,25.314615,-7.382539,8.0,49.446697,0.07737509,0.0035819267,0.3533649,0.52886754,0.03681051,2
3.7616124,0.25549066,0.040152334,0.4078284,0.13225588,0.2711278,0.1616524,0.203564,13.686155,26.285864,-19.953545,19.649351,46.04771,0.07958655,0.1687218,0.70822823,0.04338233,8.111563e-05,2
7.038325,0.24520914,0.027766144,0.50472873,0.1936067,0.51973593,0.1443743,0.21343005,-16.576385,27.194523,-18.910297,13.21076,61.941364,0.06336324,0.029292205,0.34934786,0.19180071,0.36619598,2
3.6846056,0.17184602,0.02854605,0.59490484,0.12785572,0.47062963,0.054940026,0.27286795,-9.008454,24.217133,-11.662377,27.84835,67.977356,0.053529453,0.056712236,0.2947589,0.44476753,0.1502319,2
6.037778,0.17213121,0.030022949,0.51854384,0.18088067,0.5221029,0.1480126,0.13870358,-3.1735535,36.61393,-16.815111,22.975788,43.622486,0.25878453,0.06127414,0.52030236,0.15957533,6.361326e-05,2
0.0,0.19284692,0.02708663,0.30766323,0.10304738,0.62215376,0.06825902,0.12918767,13.778651,38.377563,5.1982746,26.903528,69.71035,0.44009387,0.005336423,0.33572417,0.1676608,0.051184747,2
4.733209,0.1867991,0.03702323,0.7196862,0.063915096,0.6110293,0.19760539,0.2619388,3.2392273,26.396889,-11.898601,16.157732,40.6189,0.0023724826,0.033239305,0.86109006,0.100596175,0.0027019957,2
0.0,0.2285842,0.023492333,0.5336971,0.16663869,0.5007628,0.051368102,0.4557881,6.7407312,31.564383,-23.623413,26.226435,52.54733,0.10660124,0.009396398,0.60352594,0.18201365,0.098462805,2
6.6385636,0.14476676,0.02146518,0.45031202,0.18398383,0.41074795,0.122028306,0.27794668,15.878465,26.539387,8.848023,12.146415,60.339775,0.0028307603,0.29724964,0.4014946,0.13906223,0.15936278,2
2.721311,0.14519127,0.01962884,0.60717106,0.17531241,0.40406823,0.082692504,0.2436424,9.052008,21.564356,-8.487663,19.843758,24.0,0.23517339,0.20437549,0.14769572,0.4109986,0.001756771,2
0.0,0.19083947,0.02740785,0.43539676,0.09913469,0.41374853,0.20054221,0.30019704,-10.850289,20.183908,-12.371936,13.613043,38.275364,0.1404089,0.15708558,0.19822732,0.14550683,0.35877138,2
2.4373815,0.19979766,0.026225021,0.2796903,0.03,0.75,0.05256463,0.31048638,30.78733,45.734715,3.1786509,24.15793,44.8458,0.103560284,0.0028114684,0.70505,0.1867385,0.0018397731,2
4.696797,0.17856453,0.025049517,0.5087262,0.1836772,0.44542506,0.24652569,0.26102602,-34.233326,23.304792,-8.918648,32.03732,53.19524,0.520511,0.009345347,0.12962219,0.303714,0.03680747,2
0.0,0.21582033,0.030669997,0.60970956,0.21293509,0.5335705,0.11193666,0.22266833,16.169523,35.716194,-12.817063,22.438868,49.998756,0.13436672,0.24343356,0.4044565,0.1379492,0.07979404,2
0.63279665,0.23469427,0.020673176,0.46863723,0.045264058,0.48992446,0.10178496,0.16021228,7.9204016,33.511345,-27.99248,9.523775,24.0,0.17474632,0.04103816,0.66501975,0.11542959,0.0037662098,2
2.0821853,0.20988572,0.035938215,0.47444287,0.124727525,0.3212799,0.16863039,0.33304238,22.396002,19.27927,-30.0,15.255644,45.262207,0.35826066,0.05470944,0.1256806,0.4495777,0.011771625,2
5.770166,0.19484891,0.021223726,0.48117763,0.09317909,0.49733126,0.12828724,0.2370504,-4.196912,33.81626,0.20460579,41.405586,31.15653,0.018852439,0.01396841,0.3708888,0.5957249,0.0005654862,2
0.0,0.17133783,0.020618517,0.49358684,0.15230614,0.36052585,0.087496705,0.30319637,-8.933373,32.65697,-9.006981,25.731218,42.51551,0.14444356,0.031729136,0.27095914,0.084140494,0.46872768,2
4.6449556,0.18300077,0.0248505,0.53100264,0.20683628,0.3264184,0.091797106,0.34396544,-19.83589,29.783129,-14.010404,14.581718,45.767834,0.40486434,0.05754745,0.054122433,0.39417902,0.089286745,2
2.506364,0.1253495,0.028895404,0.6286187,0.12835166,0.5113068,0.10514236,0.24851732,-19.142666,26.077477,-13.410689,26.433329,52.45469,0.011489792,0.15674104,0.37271556,0.29201946,0.16703415,2
6.4847,0.13241753,0.036884308,0.61935294,0.11468912,0.28824657,0.09534845,0.16742067,-3.0061355,29.975712,-8.934406,20.860306,44.49105,0.021269783,0.5290595,0.10510986,0.2599907,0.084570125,2
4.473192,0.2303487,0.029402861,0.81374973,0.15954928,0.54530394,0.17051682,0.25414592,-15.157775,34.256058,-5.6520615,38.377903,50.247475,0.3606699,0.047057305,0.2498466,0.017780667,0.3246455,2
7.347093,0.25014457,0.017162602,0.77044475,0.03379863,0.5084241,0.13430054,0.25911462,-12.805919,22.249783,-19.777788,20.489902,43.35977,0.3059408,0.12136384,0.1771169,0.39040545,0.0051730317,2
4.5016646,0.12535137,0.03390024,0.37967116,0.18188867,0.5917905,0.15313734,0.304658,-19.084343,42.934185,-10.070766,18.209633,53.85025,0.027081003,0.06061406,0.49139455,0.42009613,0.00081426185,2
0.0,0.2018604,0.03374652,0.47451094,0.19288734,0.49759686,0.10906594,0.22996654,18.610506,36.184353,-6.7366467,19.49321,34.198658,0.28493354,0.08225476,0.39541373,0.14302586,0.09437212,2
4.5558624,0.11901702,0.025357096,0.6169936,0.14023414,0.32532817,0.16221659,0.22639345,-13.006715,14.0,-17.013008,17.278864,49.032383,0.09566656,0.026845695,0.17196445,0.34397468,0.36154863,2
4.7449446,0.2459188,0.03136678,0.23993856,0.11801109,0.57370436,0.09530638,0.24301115,7.2308445,27.982615,-30.0,14.9908285,36.13025,0.30879992,0.07320105,0.22479151,0.21775846,0.17544904,2
1.1722155,0.1793328,0.041476697,0.55582184,0.12592131,0.5798984,0.08394694,0.296033,-2.271199,49.16638,-19.699184,12.125688,45.02132,0.04538312,0.014951778,0.18163495,0.74922574,0.0088044,2
1.6229293,0.26,0.023086462,0.38017568,0.12613079,0.5472156,0.10453423,0.33299717,6.2463145,33.21764,-25.034336,16.642147,52.326866,0.35271022,0.098772876,0.4048135,0.12782851,0.015874894,2
0.0,0.15453501,0.037683964,0.500585,0.1371253,0.52797157,0.20122959,0.43333334,-4.7217636,23.47625,-0.14777662,25.382517,39.049824,0.31072128,0.038906533,0.27569064,0.36938912,0.0052924445,2
5.4418945,0.15961039,0.04012442,0.51034075,0.061977226,0.2626508,0.10120279,0.405023,13.947964,35.75694,-21.622818,18.202663,48.276207,0.19250673,0.018379329,0.62357867,0.123745956,0.041789312,2
2.8033357,0.19598348,0.03140666,0.24304739,0.1606955,0.54271686,0.10345849,0.26064628,11.043773,14.0,-21.969082,15.962954,45.543182,0.008615619,0.17360778,0.2921239,0.33586702,0.18978569,2
1.504013,0.21614823,0.020168174,0.85,0.12163754,0.29010198,0.14092311,0.21968266,21.769028,32.419964,-18.482779,10.718671,74.46923,0.026598644,0.1337183,0.7137617,0.11612219,0.009799188,2
0.1912319,0.21244948,0.04045531,0.42743734,0.14103091,0.36540487,0.12346895,0.22635965,-11.895541,25.486832,-3.6487591,24.931082,54.01453,0.6983617,0.021851955,0.09398107,0.16310237,0.022702895,2
1.7156197,0.21895994,0.03732793,0.724231,0.11109933,0.34019956,0.075628996,0.17811477,-15.241939,30.385965,-3.2091832,31.265087,55.774506,0.24060361,0.00017369745,0.43015835,0.20102964,0.1280347,2
4.5152903,0.1709595,0.034387078,0.26325908,0.15904157,0.25176677,0.070933685,0.27870014,-6.998894,18.028645,-20.05119,14.066436,39.267254,0.2442044,0.21686427,0.36112392,0.16222224,0.015585191,2
3.7396388,0.21942075,0.029580891,0.41006386,0.20646845,0.46128362,0.16744927,0.20067179,2.0422122,26.126234,-16.50701,15.538252,24.0,0.11875248,0.11048031,0.08847612,0.6223827,0.059908412,2
2.192975,0.26,0.03925906,0.62576544,0.15043323,0.43627012,0.070577405,0.1925138,9.485156,14.0,-13.761339,13.550815,42.44607,0.5528874,3.4405366e-05,0.22113885,0.22569509,0.00024425998,2
0.0,0.21204858,0.023199476,0.46973994,0.058159757,0.59938717,0.17421623,0.19713081,-11.281311,24.430658,1.9094219,25.72983,30.22298,0.34166965,0.21478906,0.2072612,0.2002648,0.03601529,2
2.1575832,0.14728035,0.03685698,0.62584335,0.14021584,0.5846373,0.106646545,0.33219236,3.5984015,31.090366,-30.0,27.292643,52.358196,0.047605563,0.0341293,0.5215719,0.34147218,0.05522107,2
0.67382216,0.19707827,0.027426459,0.60100514,0.15048948,0.461227,0.03,0.26421943,-3.2879798,40.024075,-26.199102,21.072325,52.98018,0.03580888,0.23853774,0.0130012585,0.46789357,0.24475855,2
2.510609,0.10169145,0.01658846,0.38134202,0.13726537,0.53457373,0.16234969,0.1746098,-4.7912765,52.179047,12.310338,11.680154,52.15938,0.25646508,0.025898933,0.26066953,0.28479585,0.1721706,2
5.0240707,0.20809443,0.02196317,0.6893481,0.10170099,0.42749375,0.17007719,0.3316829,-0.15739833,22.628986,-0.22232984,22.73087,48.78577,0.5496158,0.004359228,0.35113496,0.07478675,0.020103272,2
1.5371809,0.113302805,0.03323142,0.5918773,0.13771334,0.42674488,0.15910614,0.35338518,27.017414,34.5515,-26.903746,21.640003,39.007973,0.060981665,0.418006,0.191981,0.3073163,0.021715043,2
8.166601,0.20873146,0.03177755,0.28844893,0.18207908,0.4550714,0.106690556,0.23781775,14.230237,26.976494,18.0,22.3355,40.888645,0.12455065,0.101235025,0.5691838,0.18676795,0.018262547,2
1.4329479,0.1783867,0.033546064,0.5208493,0.12520471,0.42191228,0.11222544,0.21515124,18.88303,27.307577,-5.6187544,12.688348,54.62347,0.11713865,8.526585e-06,0.17792368,0.6376637,0.06726545,2
0.0,0.22019197,0.027063582,0.6030361,0.20899425,0.4654476,0.107250646,0.20893501,6.5239334,30.799746,-10.868663,12.21568,73.54536,0.04636156,0.0009365127,0.52578324,0.42644426,0.00047445172,2
2.46778,0.18194075,0.0316882,0.4901044,0.107484825,0.51961285,0.09395123,0.28856733,31.70088,28.572176,2.775504,8.63596,52.587055,0.06396576,0.47876668,0.13385694,0.16657594,0.15683469,2
1.3209162,0.236532,0.035003748,0.51233995,0.088444375,0.29363954,0.14403087,0.3338095,16.01753,46.806007,-20.741264,28.068014,54.062263,0.030655002,0.023808017,0.7198418,0.22552426,0.00017094694,2
12.0,0.20289987,0.048879508,0.5779899,0.12841162,0.39102706,0.119737,0.2817982,-25.658503,27.314592,-16.855528,28.291456,72.479034,0.25919643,0.012775061,0.59791857,0.12442637,0.0056835352,2
1.7407761,0.22406514,0.026862934,0.25985327,0.03835352,0.533105,0.106777035,0.17580287,13.096736,19.707506,-11.23367,8.670411,49.47647,0.021605821,0.0011885769,0.8241456,0.13883959,0.014220379,2
0.0,0.16463631,0.038197882,0.4749282,0.13957062,0.37348807,0.094403006,0.3444915,6.0917273,31.651947,-6.951708,14.4147625,38.421707,0.051803157,0.014047512,0.50773484,0.38685888,0.039555646,2
3.1235242,0.16253047,0.035172734,0.4488407,0.12340249,0.37601468,0.13738385,0.2661988,11.19932,20.333838,-8.62468,14.450084,54.217888,0.23795106,0.025378695,0.6818091,0.05481663,4.4515004e-05,2
2.5103245,0.124246985,0.030981183,0.61833847,0.17435321,0.5618545,0.19338396,0.2559318,-26.999508,26.680256,-9.948775,26.364346,69.57709,0.42818627,0.0043860427,0.51251394,0.031965792,0.022947984,2
0.0,0.13449736,0.01958921,0.42041484,0.05453594,0.3512059,0.13594963,0.30017185,-26.346481,39.538124,-15.96081,20.60615,60.505795,0.58559823,0.0032236814,0.26905727,0.13613087,0.0059899506,2
4.0787387,0.18387747,0.041118987,0.79709685,0.17826396,0.4920141,0.06224722,0.34303808,-1.7109606,27.766327,-8.471729,30.79613,52.33815,0.006551372,0.062611654,0.6001125,0.12276026,0.20796423,2
4.6984577,0.1826208,0.0319907,0.41691598,0.14771953,0.4579776,0.12877561,0.19029467,-31.605188,34.683735,-9.310518,17.960817,26.849445,0.18216461,0.35296902,0.3004558,0.13205722,0.032353334,2
3.243308,0.19608164,0.025272833,0.3357716,0.2192639,0.5465103,0.15406366,0.17609166,12.659706,28.11514,-12.10228,10.62136,31.41594,0.18881345,0.0031682323,0.28730372,0.51357806,0.007136522,2
2.1995995,0.15243863,0.022924822,0.68884456,0.13150294,0.432068,0.1654901,0.26664323,2.6607943,32.34921,-14.650185,14.845513,53.989452,0.35681504,0.05918265,0.1829295,0.36214384,0.03892896,2
1.8951144,0.1868082,0.03208802,0.59385365,0.15706031,0.3451404,0.15579614,0.26746827,35.05967,23.73266,-17.19329,13.628724,45.763145,0.029851075,0.08768656,0.65507084,0.21936767,0.0080238255,2
1.1299318,0.23386383,0.022496948,0.5618273,0.17172492,0.36173654,0.13669014,0.33316338,6.7417803,37.302322,-26.639341,27.361738,48.843655,0.08146485,0.21592064,0.15821359,0.508423,0.035977937,2
0.0,0.19735262,0.025450386,0.4674051,0.03831101,0.6387042,0.26554644,0.3587492,12.489458,18.139566,2.2385116,33.45859,61.684914,0.12130262,0.04897539,0.51928246,0.2185416,0.09189794,2
7.454942,0.1816034,0.02526896,0.4507237,0.19554333,0.3759646,0.070473306,0.23478742,10.421596,22.793207,-4.5004864,23.432333,34.903206,0.2993104,0.0929196,0.14397015,0.4336403,0.030159568,2
10.312765,0.19144392,0.030369353,0.5724594,0.1335483,0.36812186,0.204489,0.29298362,1.4131405,30.732382,-1.9313782,15.120668,42.49715,0.056677297,0.00042908159,0.29578403,0.098209575,0.5489,2
0.0,0.22975945,0.034803927,0.41841215,0.076448396,0.3846,0.15767728,0.3021604,2.1172369,37.42185,-23.58671,21.796162,64.40505,0.41827118,0.28508222,0.20166858,0.09392808,0.0010499422,2
1.1921403,0.18696304,0.02745845,0.7704733,0.13623236,0.40752667,0.24469529,0.30897564,-1.0154608,31.903534,-16.99865,8.577182,34.959995,0.028328648,0.018250594,0.6520661,0.30135468,1.4915581e-10,2
0.0,0.15922709,0.02829934,0.53919554,0.19855602,0.39102677,0.057566285,0.15651757,-40.0,34.612617,-12.70169,18.596178,63.93439,0.25492573,0.0684232,0.6148607,0.06069783,0.0010925524,2
5.6719775,0.159625,0.030866116,0.4628638,0.122879736,0.5077574,0.20684075,0.30651823,20.199974,19.034483,-8.426631,8.284239,54.232674,0.35063797,0.036945377,0.33978438,0.27136475,0.0012674916,2
0.0,0.15823494,0.024011737,0.44138485,0.14520462,0.45219457,0.21190281,0.2117989,20.379301,27.154104,-19.694202,23.36667,48.487156,0.10000729,5.1437175e-05,0.18826361,0.65843165,0.053245995,2
5.095289,0.15723228,0.025302114,0.3207924,0.03993932,0.36917424,0.122139275,0.3100343,15.5485,32.14723,5.340275,18.834602,51.760395,0.07030347,0.0068257544,0.52592593,0.3877175,0.009227345,2
4.283742,0.21158774,0.026261376,0.6094567,0.09722171,0.52670527,0.08748576,0.1890281,1.5978438,30.50309,-3.1998842,25.738287,54.42401,0.3072551,0.013180391,0.14763445,0.46612477,0.065805286,2
2.5403395,0.2480229,0.03230414,0.3847955,0.17538987,0.47380194,0.2361507,0.27410167,-2.4311883,20.266428,-10.188277,25.193169,57.88312,0.1937051,5.361912e-05,0.6387599,0.08712439,0.08035696,2
7.079641,0.16365649,0.04287032,0.48067388,0.19292994,0.5992319,0.08879175,0.24832541,-20.419987,22.411882,-8.968491,16.113922,25.557245,0.28406116,0.022369491,0.4090403,0.09696406,0.18756497,2
1.950578,0.14391328,0.020034447,0.85,0.15054816,0.4779659,0.18233427,0.41907588,-22.537897,28.816666,-14.209233,27.103624,65.19842,0.32214898,0.033031948,0.2655925,0.33912182,0.04010477,2
3.0068955,0.12918748,0.03191317,0.2294493,0.16919012,0.42462406,0.20476039,0.20721982,-10.691836,36.719406,-18.814598,11.713175,52.940067,0.2112452,0.009685794,0.2307817,0.5228521,0.025435174,2
0.0,0.24905725,0.028163644,0.48509896,0.11997933,0.4155783,0.1219685,0.20196106,3.6584804,48.901825,-30.0,38.447285,63.820557,0.5541992,4.3918362e-07,0.23227908,0.12178513,0.09173616,2
0.0,0.21865875,0.028641747,0.29473078,0.1410209,0.45741823,0.12163143,0.37247893,6.722416,20.18639,-3.2371495,10.617756,55.367523,0.38533974,0.034843322,0.38325363,0.17876202,0.017801289,2
6.1802125,0.15275948,0.02609597,0.41941208,0.08696819,0.48404044,0.21826671,0.32932144,-9.270603,30.453972,-11.414663,25.217611,76.199745,0.30222318,0.00047848397,0.32876068,0.33874908,0.02978858,2
1.1450771,0.18561164,0.039129965,0.4786459,0.11546344,0.43975374,0.11463561,0.2866275,-23.465345,20.825806,-0.16480295,28.70492,41.44305,0.5077009,0.0048996103,0.08055466,0.32676733,0.080077484,2
6.469375,0.23611927,0.010593191,0.30444673,0.13858366,0.38711202,0.10212198,0.23361759,-11.998217,29.782455,-6.1830645,21.260735,69.40311,0.1986218,0.005237093,0.6736652,0.10177226,0.020703616,2
1.9430704,0.17745245,0.020914823,0.5613687,0.06182895,0.51519835,0.03,0.18650578,-2.1471176,26.533766,-12.283771,12.768341,39.656643,0.1836224,0.0012800632,0.35355747,0.45413104,0.0074090273,2
2.673448,0.21450542,0.03872009,0.7202629,0.2597161,0.49196777,0.18607818,0.23682271,-28.110247,33.67477,-11.097263,14.580641,56.540993,0.2983553,0.090894066,0.21149684,0.3955076,0.0037461615,2
3.61814,0.17375532,0.03931867,0.549929,0.10477552,0.44223723,0.11132733,0.22942677,3.2932675,14.0,-19.356237,12.844569,62.742188,0.18041831,0.0068638804,0.6202608,0.19150549,0.00095150684,2
1.3817742,0.1681822,0.044079605,0.62603724,0.15051275,0.5202103,0.16914235,0.21782723,29.017769,27.00892,-23.949013,19.964865,50.221928,0.36260253,0.0016706564,0.06300924,0.56167024,0.011047336,2
0.0,0.1,0.032453075,0.7436361,0.07747752,0.43083626,0.12264254,0.23102525,-14.458861,30.976828,-21.898272,25.544197,26.622139,0.13806117,0.021472897,0.30305335,0.5267852,0.010627382,2
0.38597852,0.16381681,0.033857603,0.5910726,0.03,0.4414595,0.19677286,0.227764,38.14709,31.84248,-21.602524,23.38581,51.60751,0.26192132,0.0007148352,0.10753336,0.6227871,0.0070433617,2
0.14990756,0.15855496,0.015095285,0.15,0.22562113,0.51578426,0.19875734,0.33442366,-12.682175,32.95365,-13.941,20.38872,44.347446,0.22951065,0.076468445,0.16633926,0.4734488,0.054232806,2
2.8994021,0.20081653,0.03002348,0.52686197,0.14281654,0.5361085,0.08022733,0.16948305,-4.0124846,31.423931,-4.170064,10.223533,60.83207,0.10046813,0.033521984,0.5799171,0.22128336,0.06480944,2
6.3509917,0.18998972,0.034476493,0.15,0.031298444,0.5184004,0.106801875,0.29457894,8.6982765,41.312794,-5.1532807,31.90789,39.331654,0.5941967,0.026292114,0.3050478,0.065398775,0.009064658,2
0.82312447,0.18791093,0.02609665,0.391651,0.08869026,0.3482515,0.15905717,0.28585172,-0.83353156,41.969036,-27.18379,18.7745,43.45529,0.08442895,0.0028299948,0.30196974,0.33992913,0.2708422,2
2.7012548,0.21810056,0.029262356,0.27515537,0.24342567,0.4851027,0.20036171,0.26249668,-30.515717,28.117718,-3.3970082,17.33902,41.92149,0.18569477,3.6687128e-05,0.607114,0.068209074,0.13894543,2
3.7164085,0.1,0.03985749,0.5409371,0.16411468,0.44522113,0.13564919,0.3138227,4.505151,25.315256,-10.5833,21.614693,46.250633,0.49428836,0.0118292365,0.29746377,0.11579078,0.08062786,2
0.61748177,0.17801982,0.04165404,0.3654092,0.03,0.48702103,0.14071336,0.29718825,1.3994675,31.806158,-4.995325,8.392103,51.02294,0.04043322,0.05556028,0.031182319,0.4901639,0.38266027,2
4.156032,0.13320866,0.032002456,0.54505783,0.11439808,0.65882856,0.14742637,0.27421466,-4.7314177,37.269394,-6.854613,19.593845,56.860477,0.040280838,0.011704977,0.539037,0.041222125,0.36775506,2
6.301449,0.12993741,0.029593173,0.61718386,0.13085401,0.4147392,0.086211994,0.3444082,1.2904005,30.373188,-28.742775,18.537556,55.922905,0.37862268,0.0037305339,0.21442519,0.17432515,0.22889642,2
4.1806393,0.16837683,0.035831377,0.35625565,0.16626146,0.44264296,0.10732707,0.1,7.960434,20.201916,-10.018201,18.801262,34.657124,0.5743015,0.023570709,0.10887849,0.01877662,0.2744727,2
2.8493197,0.18086576,0.027044574,0.537688,0.13954605,0.37247512,0.12073869,0.42057508,-15.961777,38.63381,2.7142787,28.54284,39.608734,0.3493026,0.23259279,0.024794407,0.37652048,0.016789733,2
0.47713143,0.20009407,0.038352437,0.15,0.053279247,0.41698912,0.18004605,0.34936777,9.646176,33.555218,-23.86843,11.248556,42.96115,0.099950545,0.2063631,0.25198287,0.43380022,0.007903294,2
2.643994,0.19743994,0.025800822,0.27611712,0.10830976,0.3587128,0.2197462,0.3880861,-10.967623,45.829132,-21.243393,19.729046,45.80135,0.33134034,0.022259865,0.15773496,0.47587723,0.012787597,2
0.74144226,0.14694013,0.036000043,0.69013995,0.094640374,0.3112403,0.084496595,0.20622411,27.635967,23.270813,-30.0,15.6865,39.605507,0.15402871,0.14832206,0.5119724,0.0978464,0.08783037,2
1.2400315,0.172119,0.029842513,0.3677027,0.17742635,0.20532203,0.16607837,0.27268073,18.722654,32.139362,-16.50451,18.489515,41.00128,0.11483993,0.003199713,0.24775589,0.55782783,0.07637666,2
2.6336915,0.23748267,0.025046982,0.42123258,0.11285023,0.35655805,0.1409163,0.2896056,-17.938744,33.894737,-26.717516,25.822506,65.565346,0.4664991,0.114956945,0.39565614,0.0078699915,0.015017843,2
2.3755238,0.24455637,0.03287347,0.37733072,0.11225341,0.36482373,0.10491472,0.2419047,22.139416,27.987598,-20.605806,19.0994,53.698193,0.09985171,0.055894263,0.3839835,0.45809275,0.0021777789,2
6.099303,0.16772409,0.02686165,0.24001484,0.12696047,0.43294215,0.082012564,0.28053904,7.3338795,21.471888,-9.535725,18.077986,36.735813,0.19602759,0.25669718,0.5023483,0.014412254,0.030514702,2
1.2361835,0.18371403,0.037954226,0.34491,0.09689701,0.37528893,0.14143163,0.28642917,9.543345,32.53122,-3.8427992,8.0,54.797756,0.3756337,0.004265484,0.13851026,0.06589998,0.41569057,2
4.1659465,0.14414862,0.022045441,0.49913245,0.21542941,0.5638997,0.10075215,0.18412498,-3.2659495,26.132923,-30.0,25.491785,45.05619,0.15067992,0.051753987,0.4587978,0.2074028,0.13136548,2
1.6062647,0.22109142,0.031797417,0.44220752,0.19612679,0.46721026,0.14864989,0.32006168,-6.1709223,30.249931,-16.598742,8.63785,72.1664,0.007642121,0.04785374,0.18005882,0.76443285,1.2486183e-05,2
0.2670464,0.26,0.024143318,0.66098887,0.19846526,0.5290453,0.07989103,0.3142872,-4.867957,30.372555,-14.329436,16.70474,42.43321,0.29915702,0.03800083,0.44091448,0.21642153,0.0055061346,2
4.819907,0.15859339,0.0396091,0.40721416,0.078326866,0.557965,0.07480878,0.22080895,-17.155798,20.481333,-13.298941,14.005051,44.06662,0.11036025,0.3764332,0.3324282,0.18073198,4.639837e-05,2
4.256691,0.22704881,0.035717417,0.49819636,0.15760551,0.60643643,0.18376058,0.17730673,-33.67787,26.092287,-4.0058365,8.0,46.445557,0.034350462,0.46157935,0.21083876,0.16887164,0.124359764,2
1.1996273,0.20946464,0.029641695,0.41839832,0.17941119,0.55676055,0.1397662,0.27730227,-11.481658,26.31844,-3.9800842,20.972765,36.741856,0.041808125,0.16415113,0.64104056,0.13146383,0.021536341,2
0.0,0.17328799,0.029877692,0.6400928,0.08869138,0.3339431,0.13860387,0.21090108,-11.56832,30.604063,-3.1422899,17.047216,55.55964,0.1922194,0.06898915,0.21385652,0.4662188,0.058716115,2
6.3618217,0.15215674,0.043475203,0.28503546,0.081330925,0.5431061,0.10469904,0.28882003,-19.617659,34.27481,-9.571886,23.593985,50.55795,0.2642013,0.054988492,0.12527463,0.55324304,0.0022925497,2
5.331571,0.26,0.036072865,0.5716536,0.090397775,0.4784424,0.16791514,0.21446343,10.476738,32.89181,-14.511749,23.811302,54.077095,0.24098735,0.007544834,0.38343874,0.3363405,0.031688605,2
6.462692,0.21064587,0.02395369,0.5607371,0.06691045,0.6015807,0.120866165,0.37482905,4.3934402,37.842037,-17.094082,24.305992,50.340305,0.20653203,0.08847925,0.5334373,0.10729437,0.064257056,2
6.623448,0.21834438,0.03747764,0.37680674,0.19237246,0.4430949,0.16890845,0.22187813,-10.664726,31.409155,-5.9644017,23.549267,52.20811,0.31748527,0.0007169365,0.22273155,0.45825967,0.0008065871,2
3.0441852,0.17153722,0.025498033,0.4851025,0.18771511,0.57734174,0.10732719,0.20742694,-5.6064916,47.977936,-20.42237,23.451048,69.4668,0.3245028,0.22051089,0.21241829,0.24256359,4.4330745e-06,2
1.7507577,0.18244009,0.031224001,0.5580438,0.12381228,0.45198607,0.07688092,0.2716787,4.015636,33.512966,-20.35638,26.683357,56.59666,0.24417509,0.009922758,0.58803344,0.1413596,0.016509129,2
0.0,0.13132836,0.013214111,0.39623228,0.13680883,0.45677,0.09366535,0.15809587,-13.08372,17.99913,-7.01069,22.511433,28.454296,0.13893403,0.0061722007,0.32040936,0.47767517,0.056809273,2
3.4067447,0.21043518,0.03651951,0.3931001,0.10593743,0.51992315,0.15116698,0.20939276,-40.0,26.510767,-4.523708,21.501625,53.746655,0.0034315365,0.10724398,0.23397903,0.5012309,0.15411456,2
1.6519674,0.16501868,0.02464261,0.31554073,0.2557131,0.40225103,0.08058847,0.1540729,21.53569,58.0,-11.984095,18.82933,63.99645,0.014636569,0.07960459,0.70102507,0.014788153,0.18994564,2
0.6514759,0.13893928,0.0283391,0.8033521,0.118218265,0.5063199,0.22058734,0.28485918,-2.0628047,17.939156,-5.6519704,21.804695,24.0,0.0050771334,8.625341e-05,0.42922395,0.28332755,0.2822851,2
0.0,0.14580272,0.018855007,0.42996067,0.11354896,0.25777778,0.06195936,0.3349376,4.8644295,34.30464,-14.676557,23.638826,36.042496,0.029272297,0.5613909,0.29240835,0.07786689,0.039061576,2
0.0,0.26,0.031443056,0.3160984,0.13359751,0.49802616,0.12251563,0.23992206,3.0965273,50.33402,-13.488642,23.435003,57.211277,0.20701137,0.0413471,0.58473366,0.15568568,0.011222185,2
0.0,0.16810085,0.03056369,0.23478414,0.07425861,0.28738338,0.18954773,0.35780275,-25.973442,18.967913,-8.333225,18.74199,61.650913,0.058551475,0.07880507,0.8063566,0.05514352,0.0011433369,2
5.9788055,0.19472817,0.019804943,0.37958348,0.15337837,0.5065201,0.14427915,0.21048604,-12.365502,44.293774,-19.843832,34.853626,52.07406,0.017179599,0.4508276,0.2023627,0.31199732,0.017632782,2
6.3469286,0.13220127,0.030260988,0.54003793,0.211301,0.15,0.11235939,0.2373528,-0.24003631,44.279366,-4.817897,30.719198,55.24476,0.16443954,0.07964088,0.44770736,0.30685073,0.0013614737,2
0.773176,0.17243673,0.027878536,0.46168104,0.13129197,0.22224532,0.18752544,0.3326389,-3.5852115,27.620127,-14.417108,14.259749,66.443535,0.215641,0.02005906,0.21021394,0.53444874,0.019637251,2
6.6738944,0.12517917,0.039791554,0.5525933,0.1800579,0.44634384,0.08356834,0.32012725,-20.420715,14.0,-13.774565,19.940287,43.832726,0.1328043,0.0026840984,0.17635901,0.53746843,0.15068415,2
3.3081825,0.19487347,0.024332117,0.6072928,0.041980285,0.4484492,0.115579575,0.30194557,6.166358,35.657696,-11.118303,31.27571,38.696823,0.00349247,0.00044234455,0.3978368,0.38036135,0.21786703,2
7.404756,0.14357916,0.033831928,0.4773625,0.09236339,0.40967822,0.04913508,0.34769613,10.2468605,29.387117,-3.6881912,13.79399,46.97776,0.014670637,0.34388128,0.36229014,0.2581032,0.021054741,2
4.789471,0.21192567,0.018236497,0.48086724,0.14484045,0.5266896,0.17419498,0.2663974,-6.8523154,28.5078,-30.0,11.345321,52.101196,0.11787559,0.0027390742,0.08762739,0.26351747,0.52824044,2
4.8964987,0.10841163,0.03063997,0.7348578,0.047598056,0.5519028,0.15800482,0.29120758,18.044796,36.234135,-24.674763,38.73063,53.77718,0.33523673,1.6972226e-05,0.3579485,0.30466548,0.0021323361,2
3.73503,0.15471695,0.032860655,0.6104964,0.15641107,0.74370885,0.15812847,0.22231796,9.59197,30.304478,-1.7341348,16.594118,59.2669,0.32948092,0.006949087,0.4983179,0.10566973,0.059582368,2
0.83482397,0.22706929,0.033259332,0.55767554,0.12459652,0.4452755,0.1365097,0.40482277,6.9579897,15.931216,-7.1139054,8.0,69.98658,0.118691325,0.031523075,0.44905823,0.39931172,0.0014156528,2
0.0,0.24132326,0.029049678,0.44853726,0.15481324,0.5641384,0.1340643,0.23849218,-8.990223,29.157654,-16.405888,14.237993,52.21684,0.0037313863,0.00013961979,0.8999042,0.09461829,0.0016064917,2
3.6145904,0.18023913,0.043854155,0.60131454,0.12837206,0.3405671,0.13540359,0.25509182,-3.0551114,33.46433,-11.3195095,16.99737,34.974403,0.19668564,0.11206106,0.12708834,0.20414814,0.3600168,2
2.713957,0.1644667,0.027115317,0.5528475,0.13179027,0.3743715,0.14524582,0.28467166,14.99895,34.637093,-6.0298595,25.661926,40.740593,0.2117546,0.04974677,0.54150504,0.16220398,0.034789614,2
10.798377,0.18465966,0.03385387,0.5471976,0.03,0.34149253,0.13651045,0.316701,-26.087667,41.69871,3.5304928,20.229422,51.65054,0.07055379,0.01187098,0.7110793,0.18983799,0.016657947,2
5.2430577,0.26,0.027481377,0.6075833,0.08540557,0.4267863,0.08342297,0.3159814,-24.91904,14.0,-16.194717,10.120335,67.44791,0.03908863,0.18277764,0.20344403,0.5702244,0.004465265,2
0.4664931,0.16926223,0.023296613,0.54891104,0.16537538,0.46678725,0.03,0.1,-7.3400087,39.281307,1.1713107,8.0,57.850132,0.085280016,0.0008153513,0.53269917,0.36930123,0.011904279,2
2.746843,0.18013825,0.020498872,0.2721131,0.06919452,0.565027,0.23440135,0.3936914,-0.36395577,26.746302,-6.3214917,23.41439,39.32134,0.14642239,0.004963832,0.3379948,0.50646275,0.004156191,2
1.8949361,0.13788421,0.022684723,0.50820106,0.09093199,0.48147807,0.097579286,0.38268858,-1.7551922,31.864918,-21.237288,20.41429,42.189182,0.09110373,0.1762632,0.1777297,0.5188195,0.03608389,2
2.8820295,0.1528929,0.0348345,0.33274072,0.11815402,0.6004093,0.12121791,0.35766646,9.397086,38.00121,-18.076363,28.43254,46.487255,0.62516826,0.003074219,0.0304907,0.336071,0.0051958007,2
0.0,0.19762427,0.040616512,0.59499437,0.12275969,0.6023785,0.18567424,0.2802573,4.3484063,23.344374,0.094403245,15.531897,50.889767,0.023230951,0.06146429,0.632573,0.1545601,0.12817162,2
5.722529,0.21572448,0.03481017,0.2647341,0.17580578,0.44484046,0.14684486,0.35733894,0.3757288,26.725863,2.145186,18.081425,46.73255,0.08860174,0.0023476565,0.059359726,0.61934316,0.2303477,2
1.8143722,0.19209573,0.02731983,0.49534014,0.15147658,0.4274917,0.05847953,0.28834513,-5.431962,35.251534,-12.490387,16.190859,39.50733,0.08890247,0.032541677,0.55514544,0.301018,0.02239238,2
4.96295,0.21322721,0.02497367,0.5086751,0.10693692,0.25702277,0.071760796,0.28747207,14.701166,24.849154,-0.99702823,15.674739,40.97151,0.15508308,0.058139205,0.6674862,0.08515564,0.034135874,2
1.1891528,0.13997972,0.031313993,0.32795313,0.054290026,0.37486193,0.17401418,0.31887287,21.60299,33.154728,-8.45707,22.648424,49.11303,0.12595841,0.0011096394,0.3358041,0.46657598,0.07055184,2
1.8074652,0.13601533,0.021669349,0.48783785,0.2928539,0.342901,0.1598467,0.30803925,-5.329799,20.479713,-12.668242,16.759878,52.51453,0.11250362,0.008481675,0.094392985,0.5127979,0.27182385,2
4.779858,0.21177644,0.037070148,0.6151589,0.14188978,0.3481339,0.10418369,0.34168088,7.0077686,41.06382,-10.103821,8.170183,38.33205,0.17186788,0.0012195766,0.32524556,0.4366742,0.06499278,2
0.0,0.16095363,0.032955904,0.41650018,0.18568502,0.38914612,0.12793392,0.11937972,-4.6378765,36.944042,-25.94382,29.146345,53.856415,0.35678023,0.15209764,0.12864609,0.29456934,0.0679067,2
5.9618516,0.13301916,0.022257991,0.5434271,0.03,0.5031389,0.13192417,0.2637867,-21.773478,23.283413,-14.710539,21.499664,71.78319,0.45190123,0.033990305,0.050336152,0.4633336,0.00043868818,2
7.409512,0.1881135,0.041930977,0.57614523,0.12142233,0.47479984,0.14237769,0.18453446,-30.008692,39.97503,-17.256998,24.566536,52.480698,0.0528048,0.26299915,0.3798709,0.10786941,0.19645576,2
7.3510966,0.18343404,0.020350564,0.3398914,0.11952355,0.55860513,0.1510412,0.33516654,21.166773,33.95333,-1.9797727,29.13279,53.276352,0.13395616,0.028815076,0.50239915,0.2106123,0.124217294,2
0.89717,0.17240602,0.03041407,0.5061981,0.116777316,0.48616818,0.110558175,0.2061426,14.394511,21.566347,-9.5077915,18.498043,33.5423,0.12490508,0.00012539778,0.20724367,0.6653151,0.0024107706,2
3.905205,0.24348032,0.03667019,0.4683725,0.17891276,0.36902913,0.16504432,0.25019443,7.2434835,36.328114,-14.368835,18.534143,58.84333,0.044548728,0.07423231,0.8019859,0.059200272,0.020032756,2
1.6612637,0.2549863,0.035874642,0.49777398,0.12675595,0.53083974,0.15969679,0.33553797,17.96832,36.562508,-0.8674045,12.406284,43.048588,0.015170008,0.032127902,0.29160646,0.31315976,0.34793586,2
0.0,0.21839124,0.025000036,0.25938708,0.11852647,0.27550134,0.17359196,0.36158058,-14.415646,15.87842,-27.115812,25.963589,62.84738,0.40066803,0.0011308609,0.28229395,0.30741057,0.008496598,2
3.266163,0.19717981,0.026701681,0.2888954,0.13932998,0.55725896,0.1685352,0.3318031,16.03185,14.0,-21.534842,9.088623,71.618805,0.10804133,0.037969004,0.08966474,0.5101788,0.25414613,2
0.0,0.23520382,0.0223541,0.68301046,0.1412647,0.34810966,0.16726568,0.32271227,6.272639,26.490461,0.64029413,21.365078,41.875267,0.19560865,0.0035798955,0.7078039,0.09300019,7.3755746e-06,2
4.798373,0.18631141,0.031750303,0.6134436,0.07946733,0.1645078,0.10726393,0.18689013,-7.7558393,23.48965,-5.582497,23.614464,42.243034,0.0016266694,0.019094316,0.48405647,0.49209532,0.003127233,2
5.456344,0.1722497,0.03656071,0.5330154,0.18950081,0.50534314,0.12379786,0.19880044,-40.0,35.844566,-27.837877,10.734768,56.3967,0.29415762,1.0326237e-05,0.11181997,0.53221935,0.061792716,2
6.8737073,0.15665539,0.014725161,0.6352446,0.11108753,0.40291712,0.08743036,0.17617264,-25.738205,24.13047,-9.818759,28.597763,34.756134,0.11890288,0.0011587348,0.60941124,0.26615214,0.0043750014,2
4.537295,0.14871055,0.034446966,0.3011154,0.13484006,0.58096474,0.14005435,0.1960805,30.95424,24.706018,-24.66914,8.0,51.190693,0.12429302,0.20192873,0.44697604,0.20816642,0.018635768,2
1.7590206,0.21712089,0.026064506,0.46595186,0.21484132,0.5555319,0.0899285,0.2810731,30.336315,46.443035,-16.261112,10.69854,46.52909,0.14927304,0.0025611278,0.36032665,0.47002864,0.017810538,2
2.4332058,0.11992557,0.029256115,0.45184597,0.28530195,0.32165673,0.15349537,0.34038702,-25.524359,41.46841,-7.4222126,19.7593,49.03639,0.32030258,0.104587644,0.24666908,0.054689243,0.27375147,2
3.3684137,0.15622841,0.021481363,0.38447228,0.16340554,0.6227655,0.18997416,0.3401358,-35.942547,16.427227,-12.339546,24.990217,25.757095,0.57853836,0.014771044,0.33420613,0.0332675,0.039216954,2
7.3885837,0.16585186,0.025049677,0.3299473,0.05292018,0.21387675,0.1299654,0.14039102,23.45369,42.30012,-12.689353,10.424254,56.080647,0.26178408,0.055538945,0.3451742,0.29316047,0.044342298,2
7.420199,0.12370438,0.045938578,0.69742525,0.12566377,0.4957842,0.10293066,0.2674561,-1.457826,44.27101,-20.233206,25.064556,79.49216,0.07510272,0.012154999,0.43686372,0.27748716,0.1983914,2
2.7476745,0.16434385,0.027293475,0.40559438,0.22577956,0.61095124,0.1547016,0.2508184,-12.96761,28.91393,-0.46232778,25.72348,45.027855,0.54138774,0.006414852,0.17102946,0.2465677,0.03460024,2
5.9486566,0.1837499,0.029912906,0.5675959,0.12847537,0.31812328,0.18161415,0.107793264,-22.209658,26.654324,-7.0334516,17.233074,32.72737,0.13735218,5.979391e-06,0.1781138,0.6843977,0.0001303278,2
1.451914,0.2210906,0.022681167,0.5498371,0.18164645,0.69343555,0.09261181,0.32809138,-22.355879,14.0,-20.050962,20.914818,59.59645,0.16680223,0.09577916,0.26548958,0.28927118,0.18265787,2
4.308787,0.15975903,0.050662797,0.65681356,0.18092601,0.4594533,0.13577734,0.32613924,23.482122,18.090527,-10.776688,28.173845,39.577793,0.11452047,0.09920683,0.1107058,0.47283447,0.20273244,2
1.9516621,0.18402761,0.033727225,0.610126,0.10480761,0.48472768,0.14568004,0.2274616,4.487515,29.188576,-15.098421,30.68315,50.365833,0.0117881745,0.19246553,0.5375622,0.25247198,0.005712139,2
3.731806,0.12023057,0.029827982,0.45386937,0.23463574,0.58094037,0.11609924,0.2483331,-32.261703,25.951267,-17.479101,16.38716,41.48444,0.16906689,0.0893937,0.3986259,0.205778,0.1371355,2
0.53433067,0.13134046,0.03736292,0.31023756,0.16144899,0.49017426,0.15564436,0.2801844,-12.637354,27.102137,-10.556318,14.168514,32.851303,0.044888563,0.12106389,0.31317863,0.5206815,0.00018744005,2
0.0,0.103855826,0.03283982,0.63385135,0.13867329,0.28101438,0.048119973,0.29896542,28.486883,33.410522,4.720538,18.882372,53.728302,0.2572264,0.05916278,0.61178803,0.05238526,0.019437496,2
0.0,0.21915533,0.028623153,0.6832884,0.13181731,0.15,0.14719318,0.22459067,5.4271083,46.17581,-20.670864,12.431436,41.723396,0.0734297,0.088946596,0.32535097,0.46574908,0.04652366,2
4.7492323,0.16688554,0.028973699,0.85,0.08139647,0.32288355,0.2196773,0.20986599,-25.145536,24.886059,-6.3762865,28.75802,30.813663,0.14702128,0.06182067,0.53540134,0.2551978,0.00055892754,2
0.0,0.18883835,0.017686134,0.6467018,0.10052681,0.33352107,0.1580206,0.19398962,-11.694853,24.901875,-3.4477332,23.42139,53.507607,0.09160827,0.40529656,0.32311484,0.13117437,0.048805933,2
1.9764678,0.20093991,0.027075557,0.4041766,0.08885305,0.32619205,0.13191491,0.3742248,-1.9714377,28.995058,-7.119579,19.971203,84.46722,0.26274067,0.17555459,0.0615949,0.20773233,0.2923775,2
5.6711955,0.21233894,0.02595743,0.423655,0.25369918,0.36409217,0.06919316,0.35536993,17.090338,27.840422,-2.8724015,27.826906,62.206627,0.057345953,0.1439509,0.7380516,0.019284448,0.04136711,2
6.3610506,0.26,0.032568447,0.18853955,0.19185053,0.15,0.112846196,0.19353284,-1.7732708,45.44817,-12.685638,25.413073,49.536552,0.46694872,0.15168028,0.21615434,0.16497524,0.00024141392,2
0.061775368,0.17834683,0.028306104,0.37824312,0.08952466,0.29699218,0.14544639,0.20729408,24.79088,28.42925,-7.085345,26.820599,86.397385,0.28421617,0.5224107,0.0349581,0.15841436,6.6585034e-07,2
0.0,0.15153839,0.035486355,0.30967125,0.23216483,0.5055565,0.13466649,0.19575779,4.7254353,38.39112,-10.771872,23.884972,28.905397,0.5200356,0.0005094241,0.110469185,0.35433087,0.01465493,2
0.58928096,0.20793384,0.030797785,0.5882101,0.20824914,0.5650558,0.068292834,0.16605015,-40.0,53.493343,-24.832258,29.907501,56.903408,0.31301072,0.015560506,0.36494362,0.17385827,0.13262689,2
3.6015985,0.26,0.02327011,0.6436289,0.10786598,0.35255885,0.14246403,0.40657383,9.627257,45.83213,-22.40949,10.4065075,71.98859,0.057731144,0.0019501497,0.47001475,0.29387885,0.17642508,2
5.0134916,0.15843296,0.04190997,0.8387246,0.16655585,0.5228849,0.087126695,0.21859565,-3.2834637,28.563467,-1.4518337,23.656384,37.78019,0.06450185,0.001569995,0.26929858,0.60746306,0.057166535,2
0.0,0.14820082,0.026907071,0.85,0.10591781,0.15,0.10127293,0.32316914,-9.100458,25.998837,-16.591385,30.998903,53.618668,0.052904297,0.0006043596,0.73556966,0.08751247,0.12340923,2
0.0,0.1,0.03443394,0.5373208,0.19125576,0.4724142,0.1748447,0.24629739,7.098181,21.593485,-15.246498,17.778652,42.436092,0.43759155,0.17679231,0.075239226,0.058786638,0.25159028,2
0.27662683,0.1,0.01951136,0.4125805,0.16461036,0.5821635,0.11806964,0.25463426,-4.476819,31.136158,-4.3466616,15.997037,45.92655,0.24130245,0.08268032,0.34215406,0.30880657,0.025056595,2
1.4424748,0.23677513,0.036161117,0.4413444,0.118823715,0.50187945,0.09769007,0.24977343,3.6220603,16.003605,-13.230295,17.416512,54.922756,0.22430904,0.00504346,0.3679811,0.11765811,0.28500828,2
9.2628565,0.17305908,0.01691256,0.39614826,0.07811961,0.43681812,0.08076631,0.29572487,-9.420787,50.355698,-4.8934765,20.014042,28.823744,0.08370954,0.00040361637,0.58081853,0.0702842,0.2647841,2
3.3294964,0.13448927,0.045496747,0.85,0.13676116,0.15,0.094237246,0.25706062,-10.134141,25.291817,-13.067533,27.565722,37.92413,0.31542483,0.00584222,0.38129216,0.16992344,0.12751734,2
4.9459076,0.18012159,0.03547775,0.15,0.16457523,0.6668533,0.10302373,0.32217923,19.929527,30.552029,-22.299515,20.040995,50.457733,0.21416962,0.0028532697,0.25916985,0.47261673,0.051190544,2
6.3004193,0.26,0.028259829,0.74303734,0.20501727,0.6729147,0.1728995,0.3508841,2.0551403,32.654865,-1.8322482,27.927252,28.94271,0.19908509,0.013175621,0.57924414,0.19805725,0.010437909,2
1.6513714,0.18016762,0.034571134,0.3599996,0.17145272,0.52410793,0.12839855,0.22657728,7.3717055,19.413105,-20.23454,23.381737,45.58139,0.032781746,0.12565947,0.30383885,0.28135857,0.2563614,2
3.3013797,0.25658786,0.0198609,0.44131684,0.18631843,0.59982526,0.1902094,0.28429395,-10.399295,39.217808,0.61499465,26.558647,31.741655,0.0006442484,0.059747808,0.53232676,0.3200346,0.08724661,2
3.7589908,0.14252281,0.028381653,0.15,0.10241408,0.44024888,0.07158631,0.15564397,19.15423,34.473434,-6.270923,20.34095,32.429802,0.43536937,0.047203016,0.22640647,0.1395613,0.15145983,2
4.8189244,0.23841177,0.035959605,0.6582497,0.041093342,0.53136,0.1945451,0.2334558,3.7058375,27.75254,-17.219376,18.298536,61.057632,0.43601838,0.000784884,0.30200025,0.24487963,0.016316865,2
2.6142511,0.15755701,0.034584384,0.618972,0.05538846,0.5407049,0.122517556,0.27127632,-6.080868,33.64438,-6.055412,10.697706,51.190506,0.03273193,0.07485539,0.11592969,0.51799667,0.25848633,2
6.131909,0.1492149,0.029938048,0.33599663,0.12542,0.43238917,0.1186966,0.25606856,22.79919,29.474985,-16.643038,8.0,47.38293,0.15299493,0.07861461,0.6892105,0.073348984,0.0058309934,2
6.3104887,0.1424173,0.032524496,0.66613007,0.10134868,0.34078404,0.118123546,0.26237816,-6.0878434,30.101572,-19.644339,17.251719,44.712906,0.0035391045,0.052582696,0.3037178,0.5416761,0.09848428,2
2.149706,0.16704243,0.03864531,0.63724947,0.13384545,0.54500574,0.24297978,0.30616438,3.2517238,24.205267,-9.8830385,8.0,53.7726,0.13607399,0.05082344,0.4057853,0.35026962,0.05704765,2
5.2772427,0.21903595,0.035784148,0.42046785,0.17669243,0.6654438,0.10616437,0.3207765,-21.64562,31.315392,-4.2196,19.341408,44.263264,0.28094235,0.108220965,0.5096828,0.080320425,0.020833485,2
4.1676354,0.16073203,0.014971281,0.19213687,0.17137837,0.5890329,0.23354137,0.12118146,-11.261129,34.019176,-9.228177,24.628283,40.9563,0.4282847,0.007906786,0.355099,0.20145439,0.0072551263,2
10.985395,0.22278626,0.029937884,0.4671386,0.03,0.48090276,0.17317447,0.28280967,13.978821,22.808262,-19.366343,20.165403,62.554977,0.11688127,0.005578055,0.4038302,0.4495776,0.02413285,2
5.688581,0.15130551,0.030149302,0.65625006,0.26899272,0.47165817,0.07474171,0.24796498,-0.90909487,32.81852,-25.476288,8.0,42.60846,0.15198031,0.24953923,0.22042,0.3780429,1.7566352e-05,2
4.158738,0.17671745,0.019996056,0.36275548,0.15956672,0.47855595,0.08191821,0.2362756,1.658995,14.0,-13.761079,17.028786,66.09226,0.052083988,0.00074027467,0.45404515,0.23751722,0.2556134,2
1.29214,0.15876979,0.021553606,0.66219324,0.15447173,0.16580097,0.13960113,0.3677173,-1.6174266,41.411274,-22.94878,23.649832,43.343094,0.009108223,0.055719692,0.50186694,0.4333047,4.762183e-07,2
0.0,0.25247708,0.041978005,0.37090585,0.13257934,0.42723,0.13518961,0.14702715,-0.880473,19.218273,-12.987541,28.74426,59.004925,0.029370623,0.00072802237,0.85409445,0.1158064,5.1584607e-07,2
4.583242,0.20070106,0.02419201,0.4864175,0.12600833,0.41408902,0.1100833,0.26627752,-9.725054,14.714877,-12.342363,23.514734,53.078472,0.049533173,0.0056016813,0.5063855,0.42272732,0.015752347,2
0.0,0.19136858,0.026612574,0.38952318,0.19501361,0.29512048,0.10323822,0.37073064,-8.472585,25.727253,-4.8793845,19.817667,56.74181,0.17651902,0.018944561,0.5898733,0.065379724,0.1492834,2
7.8717885,0.16884524,0.02360241,0.52347386,0.09132185,0.5665161,0.20744067,0.2750387,-5.291913,32.30386,-5.5406003,23.132586,53.47808,0.2456201,0.013157789,0.46532387,0.1288787,0.14701954,2
0.0,0.15668449,0.033306394,0.6231861,0.15533555,0.4738236,0.13769536,0.20350821,-5.22036,27.592754,-2.175046,32.75443,58.563362,0.53228396,0.0003627227,0.33454543,0.10596947,0.026838405,2
0.0,0.13973637,0.032234855,0.74461216,0.21580021,0.15,0.1535132,0.2548531,8.321211,37.593517,-12.176995,20.034737,67.45707,0.046240382,0.042760134,0.15376091,0.18394567,0.5732929,2
6.000052,0.2328795,0.04550753,0.53125364,0.14949468,0.46818215,0.13586658,0.39397857,7.722748,28.143883,-16.017698,9.435204,39.43291,0.06982402,0.029856518,0.64592475,0.25411507,0.0002796379,2
2.8937628,0.1154195,0.025707792,0.26618809,0.16566221,0.5931713,0.1321673,0.35203505,23.717974,28.510668,-7.608081,16.560469,67.865746,0.16935758,0.00587938,0.23310974,0.5436632,0.04799011,2
3.5490894,0.16550703,0.03418872,0.5948112,0.06976633,0.3685053,0.23772527,0.23373915,12.466707,29.141697,-7.765976,14.61954,46.42691,0.55460525,0.016880658,0.2133166,0.07302398,0.14217351,2
0.9375486,0.21530214,0.01490537,0.45532572,0.18132819,0.317028,0.15865555,0.37744156,-15.948413,45.765385,-8.209918,11.697254,28.260534,0.008317896,0.00023589049,0.8766991,0.06366197,0.051085174,2
2.6172018,0.11298651,0.018654108,0.45210424,0.15846789,0.2853074,0.26151446,0.31460786,-12.057579,26.700445,7.0995765,14.857854,58.20664,0.00015924689,0.026451569,0.061389368,0.38923705,0.5227628,2
5.0526366,0.18713088,0.040652085,0.5158705,0.13498707,0.45197672,0.1689179,0.1,16.749218,53.08213,-5.3536158,39.15508,59.953526,0.032218654,0.4743574,0.12766662,0.24751967,0.11823767,2
0.50322264,0.14517581,0.038840648,0.58387995,0.17609231,0.35286704,0.09738429,0.26256952,11.881813,48.35473,-0.16570769,12.68363,56.029804,0.1272902,0.033768788,0.45828974,0.18526517,0.1953861,2
2.2138221,0.18106568,0.03355114,0.43796453,0.08282688,0.26353523,0.19218925,0.39776415,18.70458,19.842585,-22.840792,16.29983,45.92989,0.17730097,0.022457007,0.41211382,0.17775883,0.2103694,2
3.0158827,0.17325792,0.039012384,0.58714354,0.23006138,0.63441265,0.12615903,0.2590305,-0.07215029,38.881577,-21.73761,39.35942,38.734703,0.35317314,0.08711311,0.47493502,0.083086535,0.0016921904,2
2.1876166,0.1,0.0213946,0.5607117,0.2846164,0.46446228,0.2062365,0.3764455,-4.6766887,24.999596,-19.741621,23.797523,43.648266,0.3273294,0.10460751,0.29592562,0.2175874,0.054550078,2
5.252543,0.20551935,0.043221258,0.58725387,0.109945536,0.3771033,0.09619709,0.169585,6.164978,31.882828,-11.848303,22.183338,51.99332,0.049150713,0.08118838,0.4735409,0.3672495,0.028870534,2
4.3783174,0.14048755,0.021721143,0.63197744,0.19878913,0.64084995,0.050752882,0.17837812,-24.734968,16.161194,-13.4293165,23.521399,46.70042,0.30395484,0.019214114,0.38847566,0.28760624,0.0007491433,2
2.6861317,0.15805198,0.03259333,0.16905805,0.13280915,0.47291672,0.13510635,0.34927997,-3.558769,29.808355,-9.364035,21.07801,37.468193,0.19535697,0.009944005,0.3660246,0.37202007,0.05665436,2
0.0,0.18202758,0.052175295,0.4410857,0.07847447,0.42382532,0.20339404,0.32964766,35.26607,55.69937,4.526126,16.483551,46.8857,0.17353731,0.10799065,0.24860778,0.06758338,0.40228087,2
6.5454946,0.19502822,0.022943692,0.47709394,0.20485978,0.4661601,0.098469384,0.26817155,-5.9412737,23.60931,-12.896391,21.991598,40.020668,0.009415804,0.1056717,0.7519446,0.05897529,0.07399258,2
0.22876178,0.19789532,0.04078762,0.462642,0.12580538,0.37656438,0.15899266,0.33082074,-0.2804868,37.51159,-7.1594076,23.578587,41.938404,0.62136155,0.09406723,0.1212885,0.11506371,0.04821902,2
8.328161,0.21163464,0.03773107,0.37007615,0.17059061,0.42324752,0.096301146,0.2285137,-3.656886,31.97133,-11.233498,8.0,58.735527,0.0034066443,0.2773231,0.5108187,0.20833321,0.000118358665,2
0.4654798,0.1,0.025730954,0.402132,0.23552123,0.51009,0.17720896,0.19115609,27.05047,26.087412,-1.1771516,16.526545,35.73737,0.6422977,0.000104825835,0.039763004,0.19094181,0.12689269,2
3.7624235,0.19931087,0.046720244,0.578184,0.16638952,0.64175826,0.11174934,0.29706848,-21.323524,41.820045,-5.627459,8.0,53.946384,0.11433289,0.10626106,0.5908616,0.1825274,0.0060170055,2
4.9077797,0.18043882,0.022706712,0.5691237,0.15044034,0.3741042,0.14341381,0.24991608,12.143078,26.753294,-12.501422,13.420381,43.50807,0.1357921,0.029986568,0.7464825,0.07087547,0.01686335,2
2.4101672,0.15786444,0.02970698,0.50488156,0.092000835,0.5153498,0.11334324,0.29916787,-7.1945515,30.552408,-2.387402,23.371231,53.241726,0.19261241,0.30264378,0.36722386,0.13326174,0.004258212,2
3.935856,0.19050363,0.035132285,0.3493985,0.09216718,0.26301157,0.09248206,0.28445002,-11.698095,33.037994,-5.896014,16.703533,38.88953,0.25613102,0.09344493,0.3385451,0.29077572,0.021103213,2
2.152416,0.21682198,0.02923544,0.62893254,0.13318713,0.50070405,0.03386694,0.24653949,-30.167273,41.87866,-3.3624423,18.040323,47.343967,0.0627755,0.041202325,0.6864627,0.1975268,0.012032688,2
8.667557,0.14493826,0.054867886,0.6181102,0.12104927,0.65644383,0.065006495,0.40189517,30.860357,27.395416,-11.554631,8.0,39.66914,0.07943281,0.35655367,0.45815295,0.10365394,0.0022066298,2
3.606612,0.23607951,0.019935032,0.6668626,0.17400765,0.44282684,0.11607978,0.19736074,13.022572,51.25155,-5.3518023,10.2589855,53.480095,0.21356454,6.8203466e-05,0.37742656,0.36515963,0.04378105,2
2.6507936,0.22585301,0.042943444,0.38275772,0.08555354,0.37070972,0.15243857,0.2807135,-23.883158,14.763226,-14.271864,11.575775,28.05081,0.16085783,0.054110955,0.2154229,0.41314492,0.15646341,2
3.732668,0.19480549,0.011901301,0.85,0.10123721,0.3762125,0.22269997,0.26347327,-22.665346,25.495872,-22.170979,8.0,48.818993,0.2596583,0.016181214,0.6580667,0.066067204,2.6566135e-05,2
6.3966823,0.13107595,0.006871542,0.53300786,0.13241857,0.49807546,0.10400954,0.29151413,-11.623448,42.026333,-16.58356,21.047447,34.09345,0.57431656,0.02762765,0.028545829,0.24833679,0.12117319,2
4.1712694,0.26,0.030423438,0.3863877,0.14481652,0.44721964,0.09815193,0.273266,8.987292,25.772743,-5.8767495,20.301756,42.068024,0.051307544,0.21552208,0.06815013,0.5087941,0.15622611,2
3.550244,0.19137692,0.035896454,0.85,0.1429194,0.39145118,0.063750155,0.3455807,-2.3096337,32.436905,-6.6584415,25.605951,45.86964,0.18933946,0.1290244,0.59519166,0.008254601,0.07818988,2
0.0,0.18593284,0.041920647,0.612143,0.13022842,0.51841384,0.17277795,0.291886,-16.436989,22.216856,-18.863153,28.890669,58.46889,0.05196209,0.18324715,0.44874427,0.26282594,0.05322055,2
6.4660397,0.18454458,0.042866882,0.5304152,0.10077763,0.33466324,0.15857357,0.2244535,-1.4537933,18.099075,1.7612075,29.608324,29.610188,0.2824918,0.01514696,0.40605345,0.27166107,0.024646716,2
4.0508337,0.20210251,0.03159987,0.54852885,0.16897255,0.5438061,0.15237309,0.19812308,22.822218,26.228176,-21.933922,22.47559,27.398834,0.007074217,0.40879446,0.36570802,0.17909984,0.039323464,2
1.6638639,0.21707751,0.03398693,0.69235736,0.19913188,0.40219897,0.14723334,0.21614304,10.710274,37.67757,-10.35156,21.33112,63.313366,0.02654338,0.015762663,0.71431714,0.24060546,0.0027713634,2
3.9801476,0.17899454,0.031943772,0.5378332,0.15551326,0.5190678,0.11133805,0.21307155,-32.51563,25.441332,-16.13583,21.97075,45.70889,0.14529775,0.06414258,0.4302198,0.3601964,0.0001434666,2
7.172668,0.13028905,0.04220754,0.24129455,0.110995844,0.54077,0.19792199,0.31750196,-18.935942,30.063871,-10.049516,12.902152,28.929981,0.17296499,0.008711236,0.40800825,0.4034549,0.0068606185,2
5.1451707,0.22139724,0.020116562,0.49729863,0.044218592,0.20690365,0.09116563,0.26421863,-2.355798,26.357552,-24.513838,21.897108,44.795074,0.27097997,0.19282965,0.38490784,0.15128133,1.2136798e-06,2
8.905656,0.14738755,0.02468175,0.6349362,0.2230052,0.43149984,0.10630854,0.29768372,2.4117398,37.001472,-28.667755,16.395779,44.108215,0.04729635,0.107201435,0.40482172,0.030107373,0.41057312,2
5.62306,0.13980925,0.036849238,0.49283212,0.13126111,0.25651923,0.07918412,0.17356773,23.56194,16.449266,-18.089066,11.392893,42.898567,0.3409988,0.2922383,0.095982924,0.27026147,0.00051850575,2
0.0,0.17745231,0.038422238,0.35222802,0.20610031,0.23228423,0.12355605,0.24788754,-0.1820921,29.859112,-5.208294,8.0,52.54291,0.06417284,0.049896747,0.6123821,0.27309164,0.0004566677,2
6.7828155,0.16176793,0.04076628,0.49454588,0.2220945,0.41185147,0.09123076,0.30381963,9.705771,27.730795,-10.125197,8.0,29.451277,0.03349928,0.09257227,0.39462677,0.47753406,0.0017676202,2
0.0,0.19520071,0.029435871,0.629638,0.1801839,0.47685522,0.098531,0.34280014,-39.369457,22.677938,-25.547028,18.203472,50.293076,0.0050835344,0.12352406,0.35660508,0.5089007,0.005886623,2
7.052821,0.20280452,0.02601511,0.6913993,0.18773627,0.25461856,0.07000684,0.16602582,-7.155775,41.81926,-2.321496,15.226204,44.14586,0.08020921,0.008894266,0.39283288,0.27980486,0.23825882,2
5.655324,0.16119725,0.03563042,0.33362344,0.18375833,0.47255933,0.0820776,0.37975517,12.579771,15.256448,-9.789218,14.736939,48.98097,0.027627803,0.22330497,0.38926357,0.35359728,0.006206357,2
8.039889,0.18485104,0.021225791,0.32338864,0.12894282,0.33507773,0.04957035,0.3708689,33.992977,34.132427,-4.464001,11.900332,60.420357,0.30220616,0.036035348,0.5389676,0.11931706,0.0034738318,2
4.328661,0.16058694,0.043330178,0.49116442,0.082582384,0.44814837,0.14790389,0.34124082,-24.11359,34.95612,-15.381656,16.055769,61.804386,0.4085275,0.020066286,0.42566803,0.13682514,0.008913054,2
3.8586428,0.21067281,0.02597662,0.39607012,0.17990062,0.74353623,0.08688827,0.35857937,-3.0894382,27.328876,-29.925898,12.311497,68.72233,0.09910092,0.2321587,0.491115,0.17152016,0.006105226,2
6.7159586,0.19961014,0.02778649,0.41327256,0.06351789,0.40191776,0.21056001,0.24351759,-31.70924,48.380592,2.8750834,20.643211,26.778843,0.005848299,0.051195618,0.4004763,0.5190022,0.023477577,2
0.0,0.20869938,0.036010325,0.45968774,0.12036208,0.30339405,0.17734864,0.21416458,-3.669589,34.747753,-13.712608,25.156374,53.96664,0.36751044,0.012641444,0.49265626,0.1206369,0.0065549673,2
3.120933,0.16863263,0.0241896,0.61491215,0.10802034,0.4378506,0.1334837,0.2759437,18.750256,24.406538,-2.115367,16.577883,58.92551,0.14308849,0.06864152,0.2661523,0.5014715,0.02064618,2
2.3099725,0.1903331,0.020805577,0.3734248,0.16865231,0.4171849,0.1585053,0.29107374,16.61631,36.397045,-15.842969,27.61777,42.597015,0.5293049,0.037784778,0.20940669,0.22291689,0.0005867478,2
1.7115564,0.20040211,0.03922213,0.325063,0.15164012,0.39853182,0.17292541,0.2262369,-0.8777936,26.6194,-11.071253,14.560709,49.29121,0.43744442,1.5971695e-05,0.27487788,0.27099895,0.016662784,2
1.2879065,0.20995435,0.021655435,0.38914153,0.10791796,0.4441125,0.105252706,0.31124878,-4.651584,27.218176,-28.26916,8.0,65.57516,0.12629297,0.16249162,0.3068248,0.3211074,0.0832832,2
3.4741583,0.2065139,0.032078642,0.27306923,0.118925266,0.41781986,0.11982715,0.36866903,40.0,41.005424,-20.276915,29.533587,47.12162,0.28527242,0.18704498,0.3967493,0.060179856,0.070753455,2
5.154911,0.17508721,0.030172149,0.5078877,0.23791386,0.29148105,0.18390593,0.33267796,-3.921333,35.74554,2.8215654,8.0,65.16277,0.1467721,0.025409844,0.33952475,0.22193067,0.26636264,2
7.461915,0.1340118,0.014804927,0.5163671,0.10077064,0.53892606,0.18713899,0.2733059,-9.916751,40.533257,-3.2705534,16.076485,48.95323,0.11877447,0.0036649972,0.2929756,0.29930186,0.28528303,2
2.1456146,0.20006555,0.021626094,0.6514993,0.13083418,0.59762144,0.09143694,0.1,-10.148936,14.0,-0.15657489,25.48292,55.06135,0.690384,0.0047622006,0.18884018,0.095418505,0.02059512,2
1.8974221,0.1980811,0.03283713,0.3412098,0.16895013,0.39534494,0.24479783,0.1624851,-26.437922,34.094902,-7.135476,28.672714,60.680798,0.12575957,0.022412844,0.6253152,0.12737644,0.099135935,2
0.0,0.13600557,0.039863925,0.5184248,0.14352061,0.4820808,0.062368296,0.26341859,7.8852935,44.581345,-9.488091,18.86208,36.480362,0.22938967,0.052388027,0.4347283,0.16086231,0.12263171,2
7.393533,0.21386774,0.023902817,0.5502432,0.17045252,0.19453302,0.03,0.31494716,11.658584,20.833553,-2.452555,15.985409,54.721664,0.049062606,0.4170461,0.26069912,0.15902497,0.1141672,2
0.0,0.18624808,0.022912262,0.2678024,0.19493277,0.43779898,0.21612704,0.1704518,11.025369,32.480633,-2.8518019,34.698505,43.808727,0.030341059,0.0050219814,0.4942637,0.44353142,0.02684185,2
4.441275,0.17484419,0.0350509,0.53286785,0.21196418,0.67081296,0.16643481,0.2767124,13.92221,28.930262,-8.97893,26.433949,64.17976,0.18628776,4.462582e-06,0.5575351,0.23744355,0.018729147,2
3.8777137,0.18853863,0.036414728,0.5384453,0.14225578,0.5359996,0.13926972,0.31979504,-10.74828,37.43395,-11.041788,27.531143,45.93934,0.1518466,0.09379416,0.3833463,0.36687174,0.004141227,2
5.971063,0.21724291,0.037472174,0.48080558,0.16026403,0.45848456,0.1705036,0.2654588,-2.9861863,26.060936,-2.4203339,23.320066,45.779896,0.26925918,0.19263646,0.040340982,0.48332137,0.014442001,2
0.36125708,0.24234071,0.0317663,0.3077985,0.15050693,0.43468967,0.096049674,0.22651525,20.707277,38.128334,-22.361444,24.227425,39.637722,0.032952446,0.104642816,0.102630064,0.7528691,0.0069055213,2
4.7224298,0.17785503,0.025756186,0.4885817,0.09523775,0.40412495,0.043101147,0.16621976,-8.48853,28.386118,-15.005402,21.800652,49.166374,0.075396866,0.32709908,0.20841077,0.3865656,0.002527678,2
7.8854666,0.17078474,0.036269568,0.2065688,0.14975104,0.4903716,0.10751601,0.32407835,-10.139811,55.453133,-25.94754,19.075792,56.370846,0.24621817,0.12414859,0.43785965,0.19149838,0.0002751782,2
3.6975367,0.20431136,0.029328756,0.5487808,0.057631448,0.5634128,0.0951389,0.22418843,17.881044,34.27528,-21.515583,8.0,50.69362,0.17395891,0.022475747,0.31765756,0.48351142,0.0023963703,2
0.371486,0.12639827,0.035368025,0.61124533,0.15874687,0.37980375,0.08057716,0.38524193,-14.356129,51.61398,-9.89866,10.61837,76.438805,0.15954877,0.038192097,0.7023957,0.09889937,0.00096408726,2
0.0,0.21449293,0.025849713,0.46715552,0.033396482,0.5301348,0.09986373,0.28239444,-20.625593,36.850445,-4.2552853,24.736855,44.549572,0.20863605,0.25738126,0.5125939,0.02136819,2.0570862e-05,2
7.4668226,0.12580937,0.028320504,0.691914,0.09052933,0.34297442,0.10056649,0.29584733,-18.922075,27.604198,6.252872,28.407196,39.492107,0.17446932,0.0013866451,0.22643256,0.59549534,0.0022161037,2
1.6824368,0.12502562,0.034283206,0.3954287,0.18276906,0.38754317,0.10640268,0.32828584,40.0,31.397205,-13.122906,21.255848,48.40631,0.13172731,0.046551585,0.4688533,0.23988985,0.11297796,2
2.278427,0.24213181,0.013543186,0.39079866,0.16325893,0.30661693,0.14905415,0.2444915,18.094,34.513912,-16.034204,12.280731,54.089916,0.27377924,0.011577781,0.55099577,0.017826186,0.14582102,2
10.585518,0.1,0.040709842,0.45822012,0.1391413,0.45923328,0.15789199,0.30289292,11.166147,14.0,-12.737026,21.403004,34.685898,0.056958266,0.18082967,0.28004095,0.39083403,0.09133708,2
5.7688117,0.2322894,0.02959697,0.8395368,0.11747534,0.4500172,0.14497657,0.22481081,-16.92155,39.68436,-9.580078,22.639908,65.71248,0.049060635,0.012045846,0.22548771,0.55388194,0.15952386,2
6.436971,0.242389,0.007454065,0.45737228,0.09677658,0.4875834,0.03,0.2139578,8.956871,32.548588,6.0233564,8.0,46.92048,0.06126702,0.026458,0.32630208,0.5602342,0.025738688,2
7.92481,0.19358253,0.031351965,0.8214999,0.11143897,0.47702706,0.079133995,0.2061994,30.483398,35.93791,-11.915613,30.503803,70.352036,0.07570564,0.14915666,0.06553456,0.6862196,0.023383545,2
0.0,0.20422944,0.026533702,0.49422565,0.17426012,0.5267787,0.07981268,0.23575489,6.4879084,36.591843,-22.942001,26.027372,66.00656,0.046021048,0.016881894,0.6157538,0.3080708,0.013272409,2
7.6041713,0.11703607,0.021661447,0.37892184,0.12730023,0.69018656,0.1898348,0.41409376,-19.915625,19.37526,-8.137485,12.558878,57.932224,0.07263438,0.13826838,0.6621577,0.050951328,0.075988196,2
8.01267,0.16030328,0.045662273,0.7929364,0.03576012,0.52795434,0.0875772,0.20673664,9.609043,31.806837,-11.153194,19.402231,49.73895,0.08420182,0.062221136,0.45186993,0.40093133,0.0007758026,2
1.6615471,0.1943381,0.03669601,0.5277056,0.07842541,0.20321311,0.035136588,0.3129648,-2.8900347,31.080383,-12.376604,17.66335,37.85993,0.4023067,0.017251743,0.456399,0.11902913,0.005013453,2
5.2560124,0.1931729,0.02873638,0.4558912,0.09940285,0.41024828,0.16444966,0.25411117,2.462515,19.808886,-14.673953,29.013773,42.4291,0.33873087,0.010454245,0.368848,0.1277892,0.15417768,2
5.9026046,0.19777405,0.030435689,0.6291484,0.12678418,0.4357712,0.13456239,0.19047888,-17.390533,44.071613,8.7091055,16.014626,37.08723,0.26983264,3.1066134e-05,0.15273723,0.5228584,0.054540668,2
0.8765069,0.19315131,0.032136668,0.6870918,0.12532443,0.24984531,0.2557202,0.32540068,-13.71729,47.859516,-17.046164,11.607073,36.573826,0.17628908,0.3691812,0.21282014,0.23685923,0.0048503755,2
5.7435617,0.1808406,0.016973047,0.4128112,0.087205425,0.53960717,0.06094339,0.23475952,-8.513221,27.514507,-27.35118,19.160479,53.447132,0.017288996,0.17977716,0.24203865,0.54195386,0.018941356,2
1.0942968,0.13112815,0.051030517,0.63526654,0.17074485,0.6546302,0.11910254,0.23875941,-14.004934,35.58458,-17.996937,12.671133,53.911343,0.06708698,0.0049289884,0.66625947,0.2519897,0.00973488,2
10.776149,0.19408095,0.030355843,0.46600923,0.041007772,0.33600742,0.07814504,0.34581405,-1.063136,30.439852,-16.901173,26.737335,31.324554,0.118705794,0.16653623,0.5801494,0.118236236,0.016372314,2
3.4849908,0.13452582,0.04446778,0.35282862,0.10269289,0.591579,0.07824272,0.25165197,-12.309399,27.70828,-24.658695,19.321623,44.142242,0.056373067,0.034006063,0.49715498,0.29627037,0.11619554,2
4.701261,0.16540825,0.023215394,0.39389315,0.17923193,0.5687939,0.08886398,0.28567255,29.462011,26.917717,-13.888238,11.652786,40.27988,0.3594041,0.0014450578,0.4383376,0.19944355,0.0013697201,2
0.0,0.23568596,0.03469405,0.32420552,0.16699798,0.4729087,0.075080425,0.26805595,8.849408,19.572178,4.13256,14.829301,67.48515,0.02347065,0.3886637,0.28233048,0.23079506,0.07474009,2
4.188001,0.11742569,0.020531783,0.5130682,0.12650013,0.53967625,0.13929486,0.26342422,13.647093,34.184418,-24.706501,16.688057,24.842619,0.22839087,0.39982522,0.20280062,0.16233914,0.006644153,2
6.659964,0.17502815,0.006946306,0.51360995,0.18693724,0.34825957,0.13314983,0.17762506,-2.5027988,25.15821,-25.856419,17.72592,73.01966,0.08181068,0.0016164015,0.60620236,0.31033975,3.0792715e-05,2
0.31621435,0.2147293,0.03723484,0.67133486,0.153025,0.57810503,0.1284234,0.33005553,-36.094357,36.276917,-4.5435514,8.412803,56.964615,0.37477273,0.106400475,0.22772685,0.26577064,0.025329297,2
1.4332612,0.20554884,0.031559616,0.6302626,0.14352815,0.5919235,0.19341365,0.28553912,15.108213,26.81888,-14.007836,11.740151,24.0,0.05621486,1.1836211e-06,0.3746859,0.5650368,0.004061238,2
0.8673842,0.1922251,0.025757916,0.43942046,0.17003846,0.497251,0.15790544,0.32696494,-1.972712,20.224415,-15.816477,21.769861,42.305603,0.03221479,0.005220773,0.7322187,0.15143777,0.07890801,2
0.0,0.1529088,0.00299908,0.47104365,0.16031416,0.4766569,0.17177288,0.27807269,7.497473,24.599857,-1.1999307,28.83549,55.35691,0.17548834,0.04907534,0.46632272,0.010258993,0.2988546,2
0.0,0.23243335,0.026235528,0.4026527,0.20658419,0.34480017,0.13807158,0.34392935,-1.2832607,33.947308,-17.54413,16.250767,41.82946,0.057122648,0.25349334,0.2319902,0.360398,0.0969958,2
6.087754,0.1310407,0.032188896,0.5164584,0.12621337,0.5535618,0.14545952,0.280613,-40.0,27.594883,-27.655897,20.516552,46.722343,0.004748706,0.0101589,0.59298605,0.3920523,5.406357e-05,2
0.0,0.20771736,0.02138156,0.46688157,0.12785688,0.44171596,0.17638525,0.3660544,-7.747262,22.36674,-3.9933932,36.200733,77.30706,0.018913846,0.24173093,0.42792735,0.29412392,0.017303975,2
0.0,0.18612134,0.031054985,0.50744474,0.14984211,0.4236247,0.07284081,0.20661274,-14.875099,45.145607,-12.606964,21.550718,44.92543,0.37320626,0.0034453662,0.11480441,0.48765677,0.020887204,2
1.4035547,0.14853227,0.02492236,0.71932733,0.14106631,0.55329984,0.09729516,0.21465832,3.7372105,18.432203,-13.142163,8.0,37.01784,0.39120355,0.11239145,0.16642454,0.3209857,0.0089947395,2
3.1505303,0.16443525,0.020386422,0.72706974,0.23284395,0.40535587,0.13365838,0.39509594,8.2481165,42.38291,-30.0,23.795958,60.99099,0.55864817,0.006575712,0.16846552,0.2586805,0.007630056,2
4.7410016,0.25244522,0.028861528,0.40633452,0.16622035,0.35534254,0.13207619,0.3278937,38.784336,40.791504,-22.0053,21.369444,33.16922,0.1454243,0.12550011,0.4865163,0.23636092,0.0061983783,2
0.33782676,0.1335149,0.012641377,0.61652255,0.103841126,0.57053083,0.05893909,0.40059033,8.40118,38.61296,-13.990388,16.813957,58.43083,0.3264795,0.19755195,0.244744,0.20598945,0.025235105,2
1.2352719,0.10960395,0.034011435,0.59801114,0.065446876,0.25888273,0.16810194,0.3129048,-10.087139,37.522915,-22.645718,11.923975,57.009968,0.27013886,0.006050675,0.444453,0.11484582,0.16451165,2
4.6227646,0.15448189,0.03078681,0.4176095,0.2185523,0.5273469,0.2019729,0.25053498,-7.6128235,23.703121,-2.4446483,25.602274,71.91252,0.5897618,0.039838098,0.3572737,0.010788627,0.0023377475,2
5.7135296,0.19651821,0.03483926,0.71180344,0.12124698,0.29226747,0.19818273,0.40071183,9.28222,25.677702,-12.643102,8.0,54.9757,0.10439059,0.26060435,0.39867437,0.23466714,0.0016635541,2
6.7304745,0.23695275,0.039028782,0.27820808,0.15653145,0.22274975,0.095336765,0.14270431,15.207819,47.963028,-14.4012785,16.865976,47.191757,0.3353484,0.064786255,0.3090232,0.26683405,0.024008092,2
4.4385986,0.18101165,0.027978407,0.66133714,0.13907146,0.51885015,0.1724964,0.32599214,-22.423435,40.16944,-2.254559,17.3586,49.649567,0.363918,0.00054938585,0.43472302,0.2003955,0.0004140957,2
0.0,0.1148584,0.008496718,0.4824641,0.18032473,0.4789316,0.10984142,0.1,-4.4518714,35.18202,-17.83264,14.911525,75.65795,0.034467135,0.00011447834,0.5171379,0.36054316,0.08773731,2
0.37445477,0.18382339,0.027946135,0.33929828,0.11234933,0.3641495,0.13352454,0.3754371,-2.7859838,25.569666,-8.143384,19.10731,50.75455,0.33472756,0.001373975,0.2006685,0.31032413,0.15290585,2
6.7618856,0.21423772,0.020839687,0.47239274,0.14594312,0.3013141,0.18510248,0.19806504,-29.079218,22.727137,-11.992235,11.13637,47.434967,0.14945449,0.38387394,0.3761039,0.09037601,0.00019166208,2
8.312361,0.19282104,0.04146153,0.78169614,0.112721436,0.4806086,0.19703184,0.2485662,12.963128,20.255974,-3.6050446,23.747015,49.217278,0.2974056,0.0012795418,0.06604903,0.62988317,0.005382625,2
2.7369297,0.19975094,0.02703349,0.85,0.27907866,0.3838279,0.1078998,0.20231031,4.051931,24.473194,-7.620558,40.31523,55.708656,0.10227505,0.0022141656,0.5651784,0.2702841,0.06004826,2
2.472971,0.10512035,0.03673072,0.38319996,0.10236529,0.53492,0.10403524,0.31145066,-3.5351887,28.32165,-5.732645,13.549027,45.48138,0.06347255,0.003955634,0.5626065,0.26626667,0.103698604,2
0.0,0.12631494,0.041688092,0.49415532,0.16800794,0.3708861,0.20491582,0.25706506,4.382024,32.251827,-17.09306,22.784674,37.59847,0.011313023,0.039575186,0.57629544,0.3683064,0.0045099766,2
7.2609587,0.17464282,0.024018234,0.47210488,0.28227007,0.38897648,0.124953635,0.36674786,11.760076,41.585552,-17.597178,21.010141,41.943676,0.16502807,0.0075051463,0.4232611,0.31505647,0.0891492,2
0.0,0.2253397,0.03060403,0.49714082,0.19493069,0.5730674,0.03,0.22386834,34.81225,49.99961,-12.899328,21.36661,39.380054,0.16033307,0.049534082,0.35261738,0.43185842,0.0056570587,2
8.885163,0.14842276,0.030313883,0.74374366,0.13893668,0.31667835,0.15199812,0.18734223,11.786602,44.31466,-5.7925215,16.676933,48.158226,0.015984857,0.36112192,0.43623042,0.18666194,8.6203227e-07,2
2.7550366,0.18818882,0.04765015,0.44136703,0.14834787,0.26532733,0.089932136,0.23704071,-20.61038,19.409485,-8.186177,20.019285,42.63506,0.2688802,0.009148067,0.37842792,0.2562379,0.08730593,2
0.420242,0.1866495,0.040128943,0.38271073,0.099363014,0.3278222,0.11578659,0.38465494,40.0,23.952848,-4.205276,21.442146,47.847416,0.019909648,0.04345767,0.6987207,0.13840592,0.099506035,2
0.0,0.1382917,0.021486154,0.43331406,0.22399403,0.46902397,0.15965812,0.34301206,-20.202677,22.19226,-20.400028,25.577576,48.181953,0.0051490557,0.034403585,0.8581348,0.053952485,0.04836009,2
2.1886296,0.15055026,0.025114674,0.47190216,0.1287099,0.669357,0.03755268,0.35097104,7.014904,40.692795,-25.295336,25.087406,53.16013,0.5987622,0.008388597,0.11594987,0.2734503,0.0034490135,2
2.6212564,0.17899203,0.026288752,0.6155045,0.1363251,0.45826685,0.16821237,0.231423,-3.7239816,37.9622,-16.777327,28.959482,38.4427,0.116829574,0.0011213388,0.6762927,0.0219453,0.18381107,2
2.0436325,0.1653753,0.023501843,0.5188583,0.09608775,0.3353831,0.054244503,0.17762096,-2.1328895,26.524664,-18.494476,14.825949,70.43454,0.60978836,0.019033099,0.16089076,0.20372207,0.006565721,2
3.0151305,0.21282354,0.02746813,0.5998035,0.124383114,0.34052634,0.09286114,0.3695118,6.8253436,30.003582,-21.41484,21.262825,64.94469,0.09549338,0.019345123,0.18247128,0.6325493,0.07014095,2
7.15683,0.16316861,0.02576017,0.6587927,0.14326683,0.48925194,0.14590861,0.17357269,8.191134,33.0384,-14.08394,18.893665,56.47423,0.15346648,0.11201028,0.32928517,0.32826027,0.07697779,2
4.8564844,0.21548323,0.030290665,0.4578051,0.19447406,0.23201561,0.06847851,0.27042666,24.846937,36.035194,-24.760323,25.969639,58.833977,0.71307343,0.061909467,0.16042182,0.01504878,0.049546476,2
3.5843754,0.1655289,0.029078297,0.4895099,0.15331301,0.21420325,0.06865168,0.22344,-11.848363,42.280533,-17.557232,9.029786,36.372562,0.363417,0.09798115,0.2513904,0.2870638,0.0001476631,2
6.4250536,0.18095723,0.03922977,0.5736555,0.19474672,0.46355394,0.14674924,0.27527788,7.1947255,32.981728,-21.657896,27.645746,42.993896,0.16448046,0.008086535,0.5145344,0.31179908,0.0010995496,2
0.2511592,0.21199638,0.023905838,0.40756163,0.03,0.5461655,0.15646628,0.15035546,10.939976,29.255089,-23.671785,22.21144,44.323368,0.17885166,0.034000445,0.18302667,0.47880372,0.12531751,2
5.1400876,0.17571214,0.016646689,0.5066516,0.21003428,0.5491857,0.121115796,0.3295488,40.0,34.834568,-24.29653,28.396252,32.948055,0.31205696,0.03232825,0.48743132,0.013046079,0.15513739,2
5.083054,0.16295554,0.026053976,0.65878284,0.07292912,0.4815507,0.1609774,0.3659353,8.993854,29.247932,-21.79695,20.323824,45.463596,0.13411437,0.017808547,0.2195109,0.51549435,0.11307185,2
7.4990926,0.17723231,0.025094079,0.51832473,0.17845891,0.5836358,0.3,0.3431297,-20.70479,34.73964,-6.8441467,18.72655,77.26441,0.1126091,0.07642873,0.24199075,0.4133251,0.15564632,2
0.0,0.21573067,0.041786455,0.691304,0.03,0.41733938,0.055508267,0.19210757,24.739628,29.463648,-14.825153,15.368972,51.280697,0.23491563,0.14309299,0.40957353,0.18582915,0.026588729,2
0.40146884,0.19326629,0.036763113,0.363349,0.14328468,0.39456114,0.03,0.3003974,-7.977687,41.868465,-10.888668,17.146517,68.373215,0.26079363,0.12512887,0.124952324,0.4884647,0.00066049193,2
0.5695317,0.1,0.040382892,0.55072004,0.1873814,0.43382078,0.18616919,0.2580098,-15.498969,42.63911,-14.049052,8.0,67.564766,0.09617948,0.25973365,0.368106,0.20139958,0.0745813,2
4.434566,0.15111572,0.037700612,0.586705,0.09793347,0.47544152,0.070871286,0.2699541,23.877369,29.360144,-5.6414866,18.849728,38.67779,0.05599522,0.09512325,0.2345691,0.6138178,0.00049464864,2
3.6719646,0.15146074,0.014221521,0.5474996,0.14179432,0.75,0.14847732,0.3861561,2.386126,49.836613,-6.9861703,16.285936,50.43535,0.31224552,0.07257772,0.5780847,0.023008298,0.014083768,2
4.7032714,0.20334046,0.023179643,0.45680887,0.18631782,0.4163773,0.16035713,0.2395385,-3.5889978,32.95749,-6.6943483,20.625294,45.23797,0.40558377,0.016938562,0.27635905,0.2742821,0.026836528,2
0.0,0.103349596,0.018011086,0.2811657,0.1767154,0.4614989,0.12826657,0.31755248,30.346281,34.91474,-13.859078,15.061861,61.182186,0.009099115,0.37608334,0.14894393,0.46581602,5.7604335e-05,2
7.416585,0.19118962,0.042536844,0.66774464,0.062019274,0.648485,0.14389226,0.14784475,-9.227545,44.06316,-12.362245,22.430609,55.64346,0.1534819,3.341804e-05,0.5425225,0.27521545,0.02874677,2
3.7050261,0.2054408,0.036720127,0.28836533,0.18994558,0.5065233,0.21546528,0.27503762,-9.357742,49.326664,-23.797066,19.037563,69.98916,0.015130502,0.0017426761,0.62232405,0.35044467,0.010358091,2
4.6576915,0.20544653,0.03318638,0.29961923,0.22543328,0.23844025,0.09939035,0.33516642,8.938122,41.71636,-19.023998,8.0,52.47523,0.010977622,0.3345952,0.09984279,0.16196498,0.39261937,2
4.1109595,0.17661268,0.025450157,0.5871891,0.20075314,0.6462859,0.19383895,0.259484,-40.0,34.07785,-4.649544,20.304838,59.917053,0.33947563,0.2496641,0.29173753,0.11552517,0.003597569,2
1.1165384,0.11536379,0.02635351,0.44461808,0.07848061,0.478895,0.06450267,0.31303674,2.9001715,27.70713,-17.52881,25.728329,42.27799,0.07103045,0.15684707,0.2701271,0.34458137,0.157414,2
4.554069,0.16971163,0.023119034,0.52154946,0.08572347,0.15,0.1475472,0.21326028,1.4313269,33.956566,-14.554424,26.24269,32.412403,0.034879413,0.3549392,0.1791554,0.2516142,0.17941178,2
3.2286787,0.23895274,0.035198968,0.3075568,0.14380501,0.39116493,0.1543398,0.23736365,-15.368245,36.50398,-6.0328093,13.73155,58.05289,0.01005231,0.03031443,0.1675233,0.7857701,0.0063398685,2
3.1888402,0.15616517,0.030829385,0.5437282,0.16927516,0.35355276,0.12618433,0.26057303,-0.30760762,34.86265,-9.650905,9.418889,51.78047,0.050364953,0.3148966,0.18153742,0.32814297,0.12505805,2
4.479575,0.26,0.035550404,0.6254316,0.18354598,0.38305268,0.17851046,0.23202579,4.6694,29.050234,-11.959811,27.60525,56.64375,0.019836714,0.04014322,0.53938127,0.3903256,0.010313192,2
2.6924396,0.2124461,0.03334876,0.26581863,0.10040547,0.43577474,0.13216428,0.33288684,-0.77947545,24.275972,-14.478626,22.865658,66.98561,0.2092838,0.08704896,0.35420787,0.16902442,0.18043496,2
0.0,0.17427927,0.036604345,0.53782725,0.13628076,0.52671194,0.14662513,0.34651923,14.693118,32.886543,-3.9363892,13.185897,54.038425,0.15775213,0.4908917,0.2591433,0.04121597,0.050996944,2
2.4554949,0.18902935,0.034132436,0.6353464,0.09908913,0.5920631,0.09470197,0.31533673,4.857912,25.072212,-18.665165,14.126749,59.954403,0.049363587,0.13039017,0.4496019,0.35885757,0.011786812,2
7.8750653,0.1949753,0.038816784,0.29990873,0.08966335,0.5964376,0.080088235,0.1,-3.0488222,15.813267,-8.865067,20.17972,62.26031,0.31007043,0.29048613,0.25554794,0.13935891,0.0045366054,2
1.3397342,0.15691346,0.035917956,0.5217168,0.16031848,0.6323348,0.078838885,0.24773356,12.625302,22.88799,-14.853743,25.984926,48.230476,0.723635,0.0020146929,0.2306956,0.0432888,0.00036590145,2
3.2822526,0.1634462,0.025885906,0.50771743,0.13632888,0.41598853,0.099348895,0.32894686,4.8309817,26.783255,-6.6799555,17.622541,42.802822,0.05908833,0.043300223,0.8632398,0.030076718,0.0042949338,2
5.503051,0.25978535,0.033914056,0.55351156,0.16277191,0.18926536,0.06594002,0.2585487,40.0,23.686903,-5.8130746,9.528162,73.741295,0.15697117,0.034627005,0.022427142,0.381793,0.40418166,2
9.357945,0.23966856,0.032474227,0.4591234,0.111415125,0.15,0.22338535,0.25441182,18.419107,32.680576,-10.954063,8.0,54.632023,0.44358978,0.013119422,0.356601,0.14994591,0.03674391,2
2.2327685,0.16488907,0.028475823,0.2815142,0.17348365,0.5328906,0.1145984,0.335463,-9.530973,19.306295,-1.563285,14.24481,53.445805,0.3889308,0.14219357,0.4531706,0.015613543,9.1482194e-05,2
0.0,0.14884636,0.029861894,0.44041333,0.083623424,0.43279606,0.12954524,0.3390561,-30.94916,20.253105,-5.139022,14.1228895,38.201588,0.07955208,0.099816106,0.4181275,0.3985103,0.0039940225,2
5.0175548,0.11627344,0.03805474,0.41665053,0.117228776,0.6196779,0.072612986,0.311897,-12.203372,41.89942,-14.953728,12.139693,52.9662,0.2226997,5.3211115e-05,0.4991257,0.18700364,0.091117755,2
0.563194,0.26,0.03432722,0.4898242,0.08466412,0.4956387,0.2322196,0.16580978,-36.758038,38.943623,-9.907538,29.858398,53.868107,0.47044155,0.0070777778,0.2974723,0.22497846,2.9918847e-05,2
3.8859513,0.22097175,0.03744492,0.6807681,0.1542259,0.22948414,0.117261186,0.19167143,11.971143,33.279415,-9.485159,8.998017,38.763805,0.4375007,2.4922376e-05,0.48691675,0.029526561,0.04603108,2
4.81808,0.2298573,0.030321546,0.2770387,0.23062485,0.36747265,0.100542,0.29752958,-5.2369356,43.102333,-2.5640616,14.77911,58.864964,0.051551692,0.16160426,0.32403424,0.36452138,0.098288424,2
1.5618912,0.15826464,0.03919857,0.644099,0.15843311,0.49136597,0.105146945,0.124385454,-13.835964,24.060781,-26.639366,34.989296,46.933636,0.01820555,0.039499924,0.652121,0.28998682,0.00018667227,2
2.1838045,0.15563095,0.03618802,0.76522744,0.13491493,0.30638418,0.119450316,0.38478532,10.763806,37.09529,-1.337596,14.355426,24.0,0.24791215,0.05536974,0.2546423,0.42546007,0.016615704,2
5.457658,0.14314006,0.023550246,0.75604826,0.13012685,0.6206175,0.11480945,0.2795299,-6.648474,28.699682,-27.594944,19.86697,43.714516,0.11907302,0.00040826807,0.31242427,0.54263395,0.025460497,2
6.27785,0.1,0.027136032,0.7685938,0.11099882,0.38713616,0.06270238,0.22071627,7.0939927,43.787323,-7.622253,29.874027,61.62121,0.3082548,0.009637393,0.2956085,0.32846987,0.058029428,2
3.1326432,0.1450176,0.023202363,0.5288958,0.19525862,0.40137672,0.1730101,0.23279154,-4.790722,32.462795,-7.691531,19.15305,39.22552,0.45628324,0.0011187609,0.3224259,0.21506548,0.0051066214,2
3.5058122,0.1927836,0.021364221,0.51083124,0.16059642,0.2474803,0.07430665,0.3544919,1.3849778,22.432737,-14.045081,22.686432,79.02064,0.05230014,0.2480134,0.51047313,0.18466249,0.0045508347,2
0.0,0.18993582,0.051437143,0.22876498,0.05632366,0.6845362,0.17047195,0.18182504,23.226053,42.629234,-6.209075,15.295205,55.73299,0.5050815,0.18795346,0.16318941,0.009149187,0.13462645,2
3.3542304,0.15535362,0.043344855,0.46738842,0.1944148,0.41654247,0.06348092,0.1353903,16.468655,26.774204,-23.888086,13.897024,76.83666,0.12862544,4.6543464e-05,0.18873565,0.49132675,0.19126563,2
1.825053,0.20618613,0.03924539,0.6698946,0.096472114,0.47486886,0.13866185,0.20047231,25.792606,19.733831,-19.978365,8.714254,36.773262,0.17288469,0.0013680147,0.2054849,0.61894804,0.0013143474,2
3.235962,0.1530338,0.0335919,0.28683785,0.10720322,0.3472615,0.07878181,0.29067445,6.196609,44.0358,-22.59906,18.480978,35.47926,0.0033622035,0.05488224,0.7335463,0.20583373,0.0023755115,2
7.2546444,0.2107086,0.025663646,0.3709944,0.16011448,0.39263815,0.09361041,0.3821424,-32.57543,36.067375,-18.628155,22.627964,47.129227,0.15489583,0.013284047,0.35247982,0.17197433,0.30736598,2
0.0,0.2101935,0.021134358,0.516435,0.110087894,0.4769059,0.15405226,0.35520798,-12.319163,22.529491,-1.692822,33.550167,34.780365,0.273235,0.014639801,0.41719863,0.07815307,0.21677351,2
6.5260496,0.21276651,0.028321778,0.2518788,0.25214127,0.49204224,0.18904817,0.23945348,-29.077484,29.373405,0.24304116,16.204165,44.52467,0.2817995,0.49128115,0.16687533,0.045822136,0.014221889,2
3.5842502,0.18295407,0.024237586,0.77351314,0.12807412,0.5091379,0.2211269,0.28981707,16.535149,29.112944,-12.957606,28.357237,69.055336,0.14238757,0.0047992403,0.41716143,0.39397395,0.041677803,2
2.919173,0.14735319,0.035710838,0.58755696,0.17165783,0.56133103,0.14865445,0.294357,0.27710846,22.25951,-10.197391,26.535606,46.30518,0.26179457,0.10616419,0.10474657,0.524237,0.0030577371,2
0.3937988,0.13230748,0.03121647,0.551484,0.062775426,0.5231859,0.12972736,0.28551432,22.670164,22.581799,7.054054,14.817211,30.901281,0.19685428,0.31381047,0.23681861,0.15145262,0.10106403,2
3.8385844,0.1,0.036850348,0.6213713,0.109185904,0.50545293,0.08183413,0.13214383,18.681984,29.40655,-16.182457,20.202322,53.61807,0.15713155,0.035582017,0.23479621,0.38302237,0.18946783,2
9.514411,0.21028681,0.03193914,0.4491863,0.13345443,0.36105427,0.040531494,0.2480347,-2.264597,39.146618,-18.759577,20.285664,65.8725,0.07911713,0.34418634,0.08592497,0.49077076,8.118857e-07,2
0.0,0.11256658,0.016474862,0.5419962,0.18984096,0.4129198,0.16101669,0.32531184,31.424421,37.80557,-2.9077947,10.294074,27.551147,0.011335693,0.0021096857,0.5879071,0.23042065,0.16822691,2
0.0,0.1745975,0.028620884,0.353457,0.086189315,0.29269642,0.11733024,0.40059805,17.26745,25.34728,-17.273777,18.234371,33.792683,0.018920816,0.08154964,0.25314915,0.61300635,0.033374056,2
2.4696438,0.18872008,0.033100486,0.15251046,0.1999714,0.380023,0.13045263,0.29784095,1.4659854,37.79155,-21.692703,14.100643,50.670437,0.03261516,0.5715735,0.12684274,0.14416713,0.12480148,2
3.981026,0.13723533,0.03219912,0.49513122,0.14636627,0.49122918,0.11009062,0.34650376,7.827275,43.708565,-3.3411436,18.379852,35.63197,0.054952838,0.27038777,0.2724489,0.32763317,0.074577324,2
5.8185835,0.17507084,0.025562953,0.73731494,0.15637231,0.4881325,0.0941052,0.33179632,25.450312,22.568737,1.5452439,18.854416,47.99048,0.52941984,0.021009794,0.44020566,0.008776952,0.0005877265,2
4.356329,0.19275932,0.026079863,0.75119424,0.10273303,0.5195187,0.16383271,0.24340545,8.056287,36.902397,-16.946463,19.633032,67.287155,0.29043463,0.12744883,0.45568392,0.04274759,0.083685026,2
0.0,0.16906603,0.024679527,0.47169223,0.091741286,0.61654943,0.21524681,0.17650732,-11.988867,30.424654,-12.349862,15.766336,45.46963,0.1697,0.01026227,0.37876704,0.29827663,0.14299405,2
4.848334,0.19841573,0.016640153,0.458516,0.031131195,0.2824016,0.07000777,0.34921783,-21.178019,27.837679,-3.145968,12.568406,55.493053,0.39183006,0.0382271,0.18855824,0.27803254,0.103352085,2
2.4823563,0.16221558,0.029767383,0.26667893,0.15498425,0.21596895,0.036299437,0.39967167,-4.763339,30.435455,-19.59625,8.0,56.351997,0.29838052,0.00029395454,0.4846762,0.18197827,0.03467104,2
5.655936,0.16888826,0.03623319,0.6593358,0.17136276,0.4084428,0.11825187,0.24044092,-12.253868,37.598114,-2.64347,26.502436,40.48056,0.2929565,0.001313295,0.3166025,0.20247334,0.18665437,2
0.8487497,0.14444885,0.026194084,0.5634682,0.12190558,0.6169599,0.09411204,0.35340884,3.6754494,18.933176,2.4738061,20.13586,37.339123,0.08481577,0.18730108,0.54152983,0.1600147,0.026338609,2
0.0,0.17457558,0.020064292,0.47163504,0.060824785,0.6130325,0.18918388,0.280528,-9.273625,30.301287,-24.347403,27.141262,61.938564,0.1153858,0.038851555,0.33505362,0.31156814,0.19914088,2
1.6468762,0.18024278,0.03795492,0.20414267,0.11219408,0.46383017,0.15530345,0.17341435,-6.903707,26.996418,-25.415554,18.883814,50.588688,0.16282482,0.047683902,0.4692123,0.14787835,0.17240064,2
4.473107,0.14304623,0.040902026,0.22959083,0.15865512,0.4057769,0.2247807,0.27327928,21.82693,30.479666,-28.1358,19.83968,52.50747,0.20124115,0.0069044353,0.285317,0.20760539,0.29893202,2
4.1488624,0.19715792,0.026476199,0.5194181,0.14920156,0.47138685,0.18389061,0.23021689,29.80714,28.624247,-17.188435,18.05643,49.57363,0.2174457,0.012067813,0.4745562,0.18488699,0.1110433,2
3.0506816,0.1,0.022497008,0.26861718,0.17359824,0.57444274,0.13523988,0.30099532,-13.993443,23.527386,-24.587276,17.393429,48.463486,0.097468525,0.14057854,0.13830017,0.58578587,0.0378669,2
1.1653119,0.22328006,0.028841233,0.58072424,0.059129633,0.34648877,0.13737845,0.29795697,-6.4645433,47.259254,-1.1551911,21.625929,52.325695,0.08909704,0.069182724,0.4545941,0.13383956,0.25328657,2
2.6041112,0.12330072,0.032246873,0.5880373,0.119749844,0.371484,0.14956439,0.2248462,-4.137798,14.0,-21.633793,17.84151,36.592243,0.01644914,4.5952895e-08,0.6328623,0.34238854,0.008299956,2
7.4452705,0.22161719,0.026404092,0.3028027,0.13499177,0.4514689,0.08449338,0.17843923,5.648095,35.423214,-16.061312,26.70093,54.67382,0.020871224,0.24193503,0.50228417,0.2026891,0.03222046,2
10.656433,0.20481946,0.017440202,0.5072516,0.17165743,0.5743268,0.15176058,0.23793091,6.193279,35.49561,-8.404373,29.678118,37.979233,0.6623321,0.030305836,0.13682973,0.16022947,0.010302819,2
4.27674,0.22050385,0.037685312,0.35915858,0.10983113,0.54023784,0.19853024,0.37848523,-9.136899,30.994417,-20.253372,29.085203,77.911476,0.5057335,0.010952713,0.29966313,0.12546174,0.058188938,2
6.0755086,0.13495278,0.03193751,0.64120454,0.166745,0.20357972,0.098408975,0.18783346,9.17618,32.79027,-11.9273615,30.783335,57.34972,0.15389031,0.52200156,0.04873263,0.26415494,0.011220555,2
0.817876,0.17185615,0.04239076,0.85,0.09253093,0.5405218,0.117907986,0.3207229,-8.312723,36.012665,-5.5485215,11.961866,53.386635,0.3889456,0.010516096,0.2883295,0.19027913,0.12192967,2
7.0598216,0.191753,0.030338615,0.4821617,0.15084979,0.43827322,0.16283576,0.31189728,-6.7208304,25.554302,18.0,28.397772,37.21465,0.09939108,0.037366204,0.7991863,0.064049125,7.279592e-06,2
1.952397,0.19711822,0.04177843,0.72166145,0.12533894,0.5163854,0.20494384,0.23137899,-16.363934,27.000223,-8.221376,20.608196,63.249546,0.21060099,0.037189398,0.15603028,0.50066274,0.09551656,2
0.0,0.21360597,0.0281886,0.65417457,0.12242497,0.41412735,0.092887014,0.21099094,18.638336,27.451424,-27.816376,20.70296,44.31085,0.08653603,0.27364042,0.17106782,0.46102276,0.007732966,2
6.4568453,0.2060539,0.025165742,0.48836392,0.260657,0.4999205,0.14222673,0.3115761,16.36027,34.5966,-5.102596,14.960154,57.25898,0.37533703,0.054616004,0.123069964,0.35736462,0.08961235,2
3.2689288,0.19903053,0.02599818,0.5798091,0.12335559,0.4455869,0.1284343,0.26803923,6.241385,34.93032,-8.936133,17.357872,41.979317,0.0056233276,0.011107401,0.27392802,0.6845623,0.024778903,2
7.18133,0.19965455,0.044594094,0.31016082,0.11885966,0.3746901,0.11629665,0.2347623,11.932819,20.860308,-7.005581,8.0,27.02287,0.096076645,7.223942e-05,0.39243528,0.5107277,0.0006881566,2
5.4790993,0.20735018,0.028499242,0.52065957,0.068768024,0.3489696,0.03704953,0.3030134,19.953259,29.776014,-12.989663,23.891708,68.49654,0.11325455,0.017528024,0.24196127,0.5552968,0.07195937,2
0.0,0.18079397,0.042652722,0.45499864,0.18950488,0.41702393,0.09279059,0.38382155,13.536236,24.82991,-3.217305,18.568426,56.949867,0.039837193,0.11645407,0.41307503,0.3505946,0.0800391,2
3.5538173,0.22583511,0.02630882,0.70393103,0.112819955,0.2846582,0.06862292,0.35677636,13.100944,21.929174,-14.516342,16.369497,45.298454,0.3546422,0.11383169,0.25950724,0.23547584,0.036543027,2
0.30960378,0.17692141,0.01892312,0.4060218,0.13839824,0.3868764,0.123276964,0.27899516,-7.7204466,26.116426,-8.946337,29.34576,73.594925,0.02998981,4.1415547e-06,0.25760394,0.70264256,0.009759527,2
6.791367,0.11234758,0.03559154,0.34186274,0.09778563,0.4014082,0.10734794,0.1,-27.05824,20.311357,-9.970607,20.068008,49.777267,0.18296054,1.1173403e-06,0.5694183,0.1978296,0.049790453,2
3.2586114,0.22981517,0.024868775,0.34763885,0.16078682,0.5643783,0.07053893,0.25328395,-14.229157,14.150741,-10.951166,13.530444,64.512726,0.22830291,0.0011016896,0.57286376,0.1931355,0.0045961444,2
1.0252123,0.19872074,0.032429304,0.62834996,0.18661626,0.519602,0.116682865,0.19973947,39.508957,31.142017,-15.275837,19.875223,30.398417,0.061695788,0.00018603052,0.035973456,0.76844007,0.13370466,2
0.0,0.1740413,0.031608075,0.4724078,0.20543207,0.68153834,0.22328219,0.25575435,-4.272859,38.858006,-0.8357829,31.988688,46.062534,0.1151104,6.578662e-06,0.6486401,0.05228491,0.18395804,2
6.498587,0.18456255,0.03148976,0.24741425,0.13416971,0.23867412,0.096853174,0.24555343,28.812439,27.614393,1.7684308,19.08515,46.49746,0.22356698,0.0002316082,0.29940587,0.46161273,0.015182795,2
1.9720488,0.24028127,0.043188583,0.65218836,0.1103278,0.40920353,0.110614695,0.24789199,9.747272,38.68932,7.3283997,25.651693,38.157066,0.5076938,0.0007675959,0.1989614,0.2916959,0.00088125037,2
2.21458,0.18400252,0.03201827,0.27342167,0.10707175,0.58794177,0.11869351,0.3453511,-0.5394611,37.324646,-10.696785,14.950225,39.384064,0.05001402,0.18343894,0.24980475,0.054296337,0.46244594,2
4.4514346,0.24076225,0.030956574,0.4177285,0.14088258,0.47293586,0.09358186,0.25405943,-16.241177,22.55493,-9.716394,23.46129,51.782356,0.20559256,0.00950083,0.64581317,0.08889396,0.050199475,2
0.34667447,0.19886672,0.027161837,0.46839404,0.15268195,0.41383603,0.051118094,0.25101405,-12.658706,22.948183,-9.103076,21.441668,47.90719,0.44612738,0.014573772,0.2680164,0.19969754,0.07158491,2
0.0,0.16548657,0.03430325,0.33563304,0.16721432,0.328105,0.22046418,0.3033616,-2.371399,17.46891,-19.885265,20.010296,47.646233,0.0048476565,0.07041168,0.4289417,0.38106892,0.11473004,2
3.5790446,0.12761034,0.033568088,0.24547456,0.09765814,0.5233141,0.03845424,0.19597456,-2.4229686,32.49642,-3.1319342,16.580458,43.871544,0.06820792,0.44548434,0.41202927,0.073550805,0.00072768424,2
0.20687702,0.18365486,0.026788393,0.62201124,0.14672026,0.46237695,0.044289086,0.24635835,9.834833,34.948135,-14.638879,18.019905,62.245087,0.4026494,0.1109726,0.36687955,0.09233311,0.027165314,2
2.7695508,0.23256543,0.03753743,0.5977773,0.08903686,0.39943448,0.16744438,0.17408203,-12.21007,30.300901,-6.052276,8.0,35.06079,0.01577693,7.1034956e-06,0.38603812,0.5902028,0.007975036,2
0.40385225,0.15726009,0.028362928,0.5080727,0.13352518,0.561019,0.03,0.31358823,-11.552605,23.371515,-23.497175,8.700372,50.64578,0.105446205,0.4054761,0.19828162,0.22505794,0.06573815,2
0.0,0.19466315,0.034641273,0.5547997,0.20978095,0.7086084,0.16855063,0.28620753,15.703812,29.599913,-6.297128,9.096847,44.589207,0.16837351,0.060056895,0.38813472,0.1759976,0.2074373,2
0.0,0.24140225,0.019390848,0.24483433,0.12859896,0.33338618,0.17305899,0.4148067,34.17482,36.546547,0.8897348,9.321017,43.633106,0.0025771782,0.10056986,0.45964742,0.15999514,0.2772104,2
3.3030071,0.109085485,0.037308745,0.5782922,0.09577445,0.50998616,0.08992222,0.1556426,1.5386969,35.62143,-18.423315,18.007675,24.0,0.14261495,0.19746186,0.41769305,0.23750347,0.004726673,2
6.289511,0.19590218,0.024255544,0.56204146,0.15752542,0.45662558,0.13207711,0.33790645,7.9820166,34.916996,-16.236895,16.464834,49.51526,0.109399006,0.099679634,0.1478943,0.39956555,0.24346153,2
5.9339123,0.20216185,0.03540333,0.5663513,0.18472311,0.51794124,0.12747547,0.14725919,-2.641234,33.113197,-16.514847,12.604302,42.633057,0.11177022,0.5017675,0.30447462,0.041303594,0.040684026,2
3.0745656,0.19424352,0.04024688,0.5658206,0.1015601,0.5984633,0.089740634,0.20029333,-1.1558613,40.580067,-16.506052,28.391043,53.3217,0.22136316,0.037747998,0.24694745,0.29091153,0.20302987,2
7.274277,0.11184222,0.033280186,0.6491355,0.072249524,0.6106594,0.09923873,0.11980125,-3.811871,21.463034,1.6538516,18.080837,86.877625,0.08431502,0.04002184,0.2997201,0.48717678,0.08876627,2
1.3930562,0.14962956,0.039220802,0.4825999,0.09940088,0.3801884,0.12215284,0.27483204,-6.2956233,24.801586,-10.505441,26.204409,52.0703,0.053992245,0.03571258,0.68046516,0.12059423,0.10923579,2
5.4564734,0.1,0.021372713,0.5094439,0.11801552,0.24097641,0.1066498,0.28908777,9.99087,21.829073,-21.261032,9.642866,55.58152,0.3888428,0.13361081,0.13994451,0.2612227,0.07637917,2
1.5236856,0.12729336,0.029338311,0.29977164,0.21590698,0.42876598,0.15878314,0.2474462,11.105736,26.582357,-19.781324,22.908798,40.598373,0.087782234,0.16085199,0.57939494,0.16953853,0.0024323452,2
0.8222914,0.21374811,0.024817763,0.6028524,0.0697981,0.42949143,0.12248302,0.11704883,-4.3901725,43.408203,-30.0,26.859303,52.08735,0.03789753,0.012081246,0.7222326,0.17139043,0.056398228,2
5.4288683,0.16680054,0.024713561,0.39969984,0.055291243,0.15,0.15256579,0.23272328,-10.33625,23.388336,-19.260176,22.754251,48.649506,0.018301632,0.0011393538,0.83522284,0.14530826,2.7905491e-05,2
4.297897,0.2127698,0.017375443,0.41049325,0.15359563,0.5615747,0.11061054,0.27904463,-8.590284,23.545403,-24.12912,16.845842,40.08336,0.3919876,0.14087045,0.2988226,0.13912834,0.029191026,2
4.8886776,0.21058176,0.030644204,0.43865344,0.104410455,0.37699383,0.1620063,0.20597805,11.730817,14.878115,-23.678345,17.969063,39.07391,0.13762185,0.02562733,0.44549245,0.390087,0.0011713839,2
0.0,0.13505489,0.03752565,0.33915675,0.09042878,0.4338029,0.17419414,0.26802373,-14.443371,35.922825,-15.798959,22.33659,55.691223,0.27362564,0.26519448,0.42640895,0.03440165,0.0003692903,2
6.087006,0.18677099,0.04013005,0.48402163,0.1724858,0.37150362,0.03100842,0.3456502,-18.300716,29.85114,-22.418505,20.361145,41.92373,0.27280685,0.042419624,0.10053809,0.58241147,0.0018239915,2
5.0314875,0.11654952,0.021547455,0.62362957,0.14455935,0.41509837,0.14890714,0.22982879,5.081884,42.652607,-13.2128,27.607964,38.68795,0.014780408,0.15386657,0.39453802,0.05383274,0.38298225,2
1.7915328,0.19098862,0.026162023,0.33322856,0.19026673,0.5931517,0.09526888,0.19390272,-1.2039121,42.710236,-8.023123,13.373055,65.821106,0.030036591,0.5238705,0.14515173,0.26813138,0.032809764,2
4.748907,0.1969492,0.024074165,0.49751267,0.17672639,0.45011875,0.10806051,0.26433793,-2.5025804,20.069008,-8.6740055,26.698198,68.351234,0.13563621,0.07234832,0.45035768,0.2705857,0.07107209,2
6.2885613,0.17090309,0.023527114,0.59996116,0.079589956,0.69458187,0.14564988,0.39708892,15.000097,29.463581,-9.528008,22.029371,38.8479,0.04907569,0.12321791,0.15585747,0.6598275,0.012021459,2
0.79221326,0.11271601,0.027627014,0.15,0.056037247,0.5154898,0.13612252,0.3053557,-0.9309204,41.51039,-30.0,21.355444,62.687046,0.027185762,0.02227379,0.34776893,0.51314396,0.08962758,2
0.81186944,0.12049197,0.030157624,0.7781477,0.19595568,0.52416795,0.11831899,0.16434464,-11.785417,23.463148,-16.728487,18.696419,30.32566,0.13050808,0.07103798,0.30824408,0.46364883,0.026561035,2
2.1344948,0.26,0.027679028,0.4307019,0.13378529,0.41549438,0.16306293,0.36491483,3.0735307,38.920498,0.78857267,27.397156,38.575207,0.27672604,0.023376253,0.19552347,0.504108,0.00026620596,2
0.0,0.20485575,0.018859461,0.35975412,0.29073822,0.43279755,0.13896313,0.24101104,-11.739268,14.0,9.358942,13.760886,35.41715,0.028800238,0.05386799,0.59593546,0.31895,0.0024463024,2
3.9903057,0.16884644,0.03775242,0.51223165,0.18835017,0.56389475,0.092082806,0.2536376,15.933013,29.534725,-3.9121544,11.915014,43.97929,0.21735397,0.0003508224,0.19578753,0.5548317,0.03167602,2
5.732496,0.21839647,0.031424087,0.39876187,0.20856178,0.58246404,0.18493453,0.17977917,0.40469632,24.426233,-11.412166,20.142279,49.97817,0.0003892803,0.004365892,0.1499459,0.35039085,0.4949081,2
4.710197,0.23886563,0.03314867,0.48940182,0.09278443,0.4719707,0.18322521,0.28038308,-18.51589,39.636753,-20.326864,15.1395,34.913273,0.2571119,0.008688459,0.30797014,0.4240192,0.0022103323,2
4.4377494,0.22842127,0.03360972,0.3876454,0.13581035,0.50681674,0.13066547,0.13320939,2.8001616,26.657347,0.5022912,22.0167,44.751774,0.0042202454,0.09982344,0.20508489,0.6391194,0.05175201,2
6.0704603,0.17226027,0.034931645,0.669032,0.18043414,0.4231983,0.102079704,0.19113927,-14.311083,37.43929,-13.542752,33.250347,38.623074,0.09405651,0.011847722,0.5337095,0.15976582,0.20062038,2
2.6992962,0.16664504,0.03122796,0.85,0.13579124,0.46639922,0.09142985,0.3125563,18.494173,34.77813,-14.482373,20.507263,52.784256,0.09462282,0.0011947671,0.4692932,0.023546603,0.41134262,2
0.0,0.2118353,0.0233339,0.6084464,0.1428006,0.45046666,0.21364498,0.27886784,-1.7790126,23.274933,-0.51144964,21.356836,51.394844,0.061845306,0.40825784,0.1893455,0.23521142,0.10533995,2
3.3882976,0.17058305,0.042122297,0.52993524,0.15217239,0.44473955,0.12078639,0.21723533,11.332562,38.06457,-30.0,31.03353,66.646614,0.099588975,0.10226822,0.2517537,0.010701408,0.53568774,2
6.90419,0.22794624,0.03510769,0.41718987,0.10380262,0.5602186,0.1372795,0.25641882,-11.127307,34.967377,-12.704868,22.649971,28.990477,0.012212189,0.18488342,0.3178662,0.47544745,0.009590712,2
4.083701,0.18448374,0.022818329,0.6591868,0.09582644,0.43399152,0.15111177,0.31880486,-3.4819665,16.482462,-26.746231,27.376953,63.56263,0.0061066602,0.15464285,0.15907027,0.5614208,0.11875939,2
1.8842387,0.21173956,0.022932626,0.3847676,0.13083622,0.36451107,0.03,0.29680306,7.4625854,34.777397,-6.470217,18.062702,63.615303,0.01841696,0.035251234,0.54072905,0.40558168,2.108596e-05,2
5.352462,0.22158249,0.045919415,0.54778826,0.11927312,0.40767285,0.084205404,0.31634912,-2.8318937,25.826534,4.178439,19.561228,43.50268,0.0590571,0.024319366,0.639624,0.27176067,0.005238876,2
4.158368,0.1280427,0.02870048,0.42198735,0.0961236,0.4056459,0.24007893,0.18683808,-16.051905,34.268406,-7.062834,15.270755,45.53534,0.1258874,0.0071104136,0.49293566,0.37388486,0.00018168951,2
2.3526323,0.18582793,0.024579702,0.31153142,0.13366173,0.49291608,0.03,0.22046886,12.922951,32.357437,7.701594,23.138136,53.90529,0.34206766,0.08070026,0.30345145,0.12906827,0.14471234,2
3.3572264,0.22593172,0.025756981,0.46804437,0.07470397,0.37302673,0.05517983,0.40547717,5.0858192,39.179295,-9.912236,23.318897,62.04464,0.06167185,0.14398222,0.63289315,0.11120444,0.05024836,2
2.0478618,0.1477317,0.033608045,0.35220462,0.17812036,0.57504934,0.10752282,0.24223293,-19.351656,38.615917,2.434594,24.945324,25.325567,0.03750855,0.07625372,0.16904785,0.5862757,0.13091418,2
4.844505,0.15808292,0.026195424,0.72133946,0.1694815,0.40768024,0.08039169,0.23782846,-6.5290217,23.0281,-27.901941,22.956665,44.416794,0.1587145,0.009464045,0.37608296,0.42114824,0.034590278,2
0.30030984,0.22805662,0.031066826,0.386882,0.17418428,0.628299,0.092454866,0.27859148,-14.758523,25.437094,-9.8974695,18.971893,55.186733,0.022866512,0.075771846,0.5303395,0.112067305,0.25895485,2
3.9898565,0.2411161,0.04847459,0.4804714,0.098067895,0.44312236,0.072243735,0.2854382,-8.74437,27.80765,-25.241209,23.804846,50.78903,0.09916059,0.00015253121,0.4894435,0.061395574,0.3498478,2
5.607798,0.1,0.01743064,0.40257373,0.09173288,0.5033986,0.12140338,0.2001779,-8.130332,39.67888,-8.167624,30.276522,50.265343,0.4932625,0.0121658575,0.27990988,0.0073828334,0.20727894,2
3.7137628,0.22794709,0.026752256,0.3147009,0.20606385,0.5592451,0.14785764,0.1,-4.2730894,26.447332,-15.197976,20.865753,30.41336,0.55981475,0.048910554,0.3809986,0.004384672,0.0058914353,2
3.7478056,0.1,0.03049053,0.6026643,0.13021573,0.5868316,0.15003031,0.24748397,-25.543783,32.964912,-13.976923,10.663061,43.985207,0.10777825,1.3181664e-06,0.65191525,0.21715698,0.023148218,2
3.2100446,0.177475,0.015888125,0.4858099,0.16850592,0.5152506,0.0889055,0.26864922,-7.484694,38.21359,-14.136308,13.066253,45.281944,0.43336898,0.09452421,0.12390999,0.34718403,0.0010127738,2
4.6037955,0.12456899,0.034136496,0.85,0.082375124,0.75,0.17862816,0.1461537,17.341167,30.491407,-1.506989,21.66462,39.290504,0.11629222,0.0005305589,0.7527183,0.09202116,0.038437735,2
1.9221777,0.15809777,0.037162285,0.6571181,0.1257079,0.440414,0.13715039,0.2886669,31.033873,45.646736,-10.06921,13.946708,63.294193,0.50730354,0.09126941,0.25735298,0.07501879,0.069055304,2
2.6083944,0.1841986,0.018892612,0.5105072,0.19959022,0.25891143,0.18355572,0.29348728,-20.529367,25.17469,-10.120058,16.474873,45.492626,0.055726696,0.078428224,0.555692,0.2562575,0.053895544,2
0.29700306,0.20123084,0.02934877,0.55504763,0.14668277,0.43583554,0.1444123,0.33808696,19.415155,34.900517,-11.834009,16.28084,39.70428,0.0007750431,0.0021607818,0.5746319,0.35375932,0.06867295,2
2.1902676,0.23717624,0.03146489,0.48649254,0.12751035,0.5353709,0.116921544,0.19315615,40.0,33.602318,-4.8190126,22.765125,73.50281,0.02626066,0.00074966846,0.4685344,0.5003921,0.004063217,2
0.0,0.12618913,0.03459774,0.34590513,0.16831854,0.4945855,0.11815634,0.29571632,-3.532247,31.178686,-14.19478,31.097668,55.360435,0.4273337,0.022050833,0.42332873,0.0075037684,0.119782954,2
3.0855985,0.2262495,0.051351607,0.28445506,0.15580179,0.31781536,0.14761367,0.30861723,9.194075,14.0,-23.050001,9.565041,51.916924,0.17389393,0.020225022,0.1348603,0.3889945,0.28202626,2
4.848023,0.16888991,0.02406961,0.3416728,0.24422541,0.39944038,0.19312137,0.37344232,18.265644,27.556684,-2.3931377,27.160767,48.413322,0.13883331,0.014740954,0.20917863,0.6371098,0.000137315,2
2.7990115,0.16974139,0.03429912,0.70061,0.14204383,0.34283862,0.13625644,0.32962766,-7.84478,14.347146,-16.403204,26.855993,41.901676,0.11332165,0.01468664,0.6048611,0.1889389,0.07819175,2
5.763621,0.24801733,0.02898015,0.53856564,0.17237692,0.36031073,0.14044975,0.34393278,17.110102,25.556892,-9.204917,21.86432,39.9288,0.09162668,0.10396216,0.28300834,0.47345653,0.047946274,2
7.006122,0.21369773,0.02761467,0.5805769,0.13325843,0.4287833,0.15825617,0.28066364,-3.4389284,29.339724,-4.368619,18.543177,35.91684,0.21848544,0.24456877,0.215479,0.21540946,0.106057316,2
2.9517791,0.11270705,0.030129697,0.6180723,0.09056435,0.49599987,0.041248474,0.23837334,17.241156,50.739388,-22.697365,25.328793,45.975563,0.11715032,0.09893653,0.580706,0.20194407,0.0012630766,2
0.010516661,0.1768667,0.033286083,0.46998608,0.16109006,0.3525357,0.058481254,0.35888302,27.301683,36.80553,-20.170088,20.39693,31.807745,0.3205264,0.12460123,0.03934541,0.4072095,0.10831749,2
6.2743955,0.15009163,0.030077027,0.40916285,0.0666841,0.3638717,0.14089108,0.18115482,22.653503,20.736418,-26.309277,18.87018,60.79974,0.031567242,0.07601773,0.31813365,0.46031865,0.11396272,2
5.667654,0.16261464,0.03220302,0.8029571,0.1893289,0.52528983,0.08218877,0.37678882,-5.6466594,31.806082,-15.486027,8.0,41.91182,0.29437894,0.0018869629,0.40662786,0.28922647,0.007879781,2
4.346845,0.1747429,0.029356914,0.57962424,0.07416544,0.3372312,0.11679365,0.32542107,10.774772,33.79757,-1.4205835,23.21447,60.276356,0.12560719,0.01842252,0.73234993,0.120160185,0.0034601567,2
1.4266174,0.19852938,0.02250402,0.2503466,0.09572763,0.33182573,0.12933147,0.24646048,-8.433751,30.907303,-12.247571,29.764969,39.969692,0.24337576,0.0027830428,0.506499,0.24707879,0.0002634076,2
4.133812,0.12978691,0.036604263,0.23672257,0.09155461,0.70380354,0.2506345,0.15874588,-20.514925,30.166225,2.1326597,10.225365,54.633465,0.10893311,0.074648224,0.25359485,0.5621192,0.00070460583,2
2.0656886,0.17112991,0.03821399,0.6125026,0.171045,0.37678638,0.12116374,0.2650759,-3.9799886,25.010317,-8.740036,13.801161,33.13246,0.1676875,0.0016727143,0.2376117,0.59254855,0.0004795541,2
0.79891527,0.16421175,0.037850093,0.36748385,0.08401906,0.2209514,0.03,0.22554441,14.721981,33.248596,-17.69669,16.705175,42.325764,0.24089383,0.00523839,0.1827709,0.48750836,0.083588526,2
4.077473,0.1953663,0.035394855,0.48046634,0.16547051,0.29121736,0.14019568,0.15922052,-4.8964677,32.352272,-18.81506,18.037697,43.73768,0.064317636,0.00591641,0.32607445,0.57715327,0.026538257,2
0.0804946,0.17788118,0.023792947,0.17182657,0.10631507,0.20082788,0.18087463,0.2299927,26.204922,36.115627,3.8226948,14.970823,52.992126,0.1662821,0.031791113,0.5061645,0.2646431,0.031119186,2
5.267624,0.21751039,0.022372065,0.43052667,0.13414796,0.63794136,0.15661907,0.33321363,1.3977777,37.554,-4.188266,28.864101,34.90627,0.31676126,0.00033776305,0.4881293,0.15231425,0.042457473,2
3.8446858,0.19034342,0.037327517,0.63683474,0.11316469,0.43132514,0.15323538,0.26930475,-19.263868,37.26055,-13.803735,33.9538,67.39853,0.010509538,0.02379977,0.6712896,0.17689005,0.11751104,2
2.6655624,0.20413114,0.020366604,0.41970807,0.25635198,0.31507966,0.09316011,0.2531064,-4.932351,30.965015,-10.646127,21.533463,49.71133,0.15260601,0.13420798,0.28580675,0.41952094,0.007858304,2
2.8752263,0.18931594,0.02451682,0.32447028,0.056805085,0.5073353,0.108978376,0.16022235,-11.515016,28.541998,-16.446424,15.338369,49.206585,0.018129727,0.08170064,0.8234472,0.006951744,0.06977066,2
0.0,0.13401796,0.04716903,0.46335366,0.16447936,0.6454734,0.0875458,0.25722915,23.715572,36.673786,-30.0,21.107859,32.53511,0.21686503,0.10859984,0.31972414,0.18738279,0.16742821,2
0.0,0.16501273,0.034062926,0.5052176,0.13952069,0.41947225,0.09325047,0.38015863,9.0939245,22.60255,-11.129975,12.1311655,53.649174,0.41006303,0.2845483,0.12060885,0.14647259,0.038307216,2
8.198513,0.1532501,0.031275507,0.4471462,0.1010138,0.6359603,0.11958026,0.2726366,-1.1116254,14.0,-24.446714,18.497536,63.13438,0.0058292267,0.0033533042,0.27878276,0.27137342,0.4406613,2
2.5472834,0.21035561,0.015184531,0.26324627,0.15973976,0.39965433,0.17600428,0.24469365,13.407083,14.362341,-15.614684,23.802929,38.79357,0.0066700676,0.09185429,0.19137155,0.30309692,0.4070072,2
0.0,0.21405947,0.024630817,0.55900496,0.09197819,0.2988072,0.27404252,0.32234225,-13.909763,14.0,-24.602642,24.556267,42.733925,0.012512776,0.00019437415,0.58750635,0.39348674,0.0062997597,2
5.755567,0.17672494,0.0366883,0.41392386,0.086314864,0.657193,0.1373284,0.35857937,-20.437607,35.06101,-13.861009,23.878109,46.831852,0.04870775,0.007043789,0.552169,0.23989758,0.15218188,2
0.0,0.18581024,0.018133577,0.5261491,0.08267177,0.35345066,0.15702437,0.36663255,-22.611834,31.193657,-21.95987,16.6883,46.120712,0.003774479,0.08582985,0.53569686,0.30158234,0.07311649,2
4.729832,0.116820246,0.033221424,0.35354102,0.14411949,0.37214792,0.03,0.29410687,-32.905807,37.08697,-11.316719,20.893585,38.522457,0.065835565,0.00059019565,0.34909567,0.5826173,0.0018612829,2
7.4225554,0.16440935,0.018942954,0.68688357,0.11002224,0.5646894,0.10801584,0.15506014,-19.098738,34.65793,-5.0548825,17.513603,54.74829,0.11771634,0.00028461718,0.2920782,0.3818513,0.20806955,2
2.3486965,0.1,0.025008986,0.6068783,0.09665794,0.44425908,0.20658539,0.33944216,10.162563,39.340332,-8.87094,26.12147,64.053314,0.17715862,0.04145717,0.24689616,0.32137743,0.2131106,2
6.473249,0.2123655,0.017412517,0.44604933,0.15714988,0.4267594,0.13468014,0.24252692,13.147239,40.172573,-26.731056,22.891722,49.116764,0.22157302,0.028714893,0.497723,0.22310644,0.028882613,2
5.2015123,0.26,0.030760864,0.5456338,0.19391476,0.40945825,0.12475407,0.23314498,-15.62612,38.507637,-28.649235,31.581152,39.13818,0.071905784,0.00079475343,0.27799562,0.56688744,0.08241637,2
7.719851,0.15867195,0.016394874,0.74536073,0.06905903,0.3600658,0.27504483,0.20182016,-36.15919,38.69914,-24.82305,22.27318,36.564407,0.21060668,0.032780655,0.380545,0.28222165,0.09384603,2
4.7455354,0.18915339,0.02932972,0.67626,0.15654589,0.46170828,0.18948819,0.30796403,-7.28626,44.744053,-1.7440593,13.992587,79.04637,0.06480079,0.32701787,0.15161775,0.069971666,0.3865919,2
1.4140332,0.19668949,0.03511012,0.7263874,0.16618824,0.498489,0.16858093,0.33699217,8.994168,48.738514,9.8873205,11.507618,44.69881,0.3020221,0.024841798,0.2729708,0.39931792,0.0008473679,2
0.0,0.13453743,0.031598877,0.59076446,0.20368594,0.41320938,0.12681763,0.22325876,15.005054,30.67261,-18.723118,21.095005,56.016045,0.015373769,0.047545154,0.55048436,0.38539898,0.0011977473,2
0.6238257,0.17474124,0.033718552,0.41870317,0.12552772,0.5079899,0.14359994,0.31499702,4.380715,43.830227,-22.236177,8.0,30.005684,0.037206464,0.14651804,0.46268302,0.3265138,0.027078679,2
1.4933196,0.19870917,0.03180668,0.58825946,0.21723828,0.48946866,0.23689573,0.34694913,-18.116514,24.75285,1.8680624,17.137794,40.910152,0.29743809,0.0047493316,0.13449186,0.54947,0.013850694,2
5.9779963,0.1867599,0.029272737,0.75488377,0.16918728,0.4864822,0.24161716,0.29562306,13.105759,25.247334,-16.185444,15.888689,62.913887,0.0197686,0.0034887881,0.61377597,0.35439992,0.008566723,2
6.642493,0.18238308,0.029452413,0.59084743,0.046046324,0.40590677,0.103130214,0.27003884,7.10234,44.923412,-12.790467,14.358471,39.407146,0.61470157,0.015672281,0.16242816,0.20710623,9.176838e-05,2
0.0,0.16814497,0.032344297,0.37593925,0.15501499,0.3954258,0.04880616,0.2593335,13.312814,30.916458,-10.373094,20.95172,40.06646,0.31842563,0.12590826,0.47919914,0.07636613,0.000100844,2
6.6687613,0.14735568,0.021265509,0.5099366,0.13912559,0.48446494,0.13247027,0.22406505,-16.034735,15.009101,-18.842915,12.718517,54.283844,0.0018515215,0.008636975,0.75803155,0.17204466,0.059435282,2
0.6797971,0.20703915,0.02683224,0.6140613,0.18920279,0.29604736,0.16818467,0.32327968,9.241301,19.214592,-19.754427,8.90627,42.065907,0.46183133,0.013678824,0.2566026,0.040771317,0.22711596,2
0.4999134,0.2504148,0.046272255,0.5257957,0.19898985,0.75,0.22031201,0.3497629,15.631364,23.043251,-12.776493,23.39234,56.504704,0.13466476,0.008986745,0.21795103,0.39040384,0.24799362,2
0.0,0.1,0.03387784,0.6144974,0.091419354,0.15,0.12474974,0.27921072,-24.315727,19.425365,-16.110771,17.393461,42.035847,0.329599,0.048234213,0.4972675,0.09311892,0.031780344,2
4.013278,0.1,0.039993204,0.40708667,0.18531343,0.37269485,0.11256607,0.23886469,-11.081475,34.821842,-29.80711,22.301453,48.75252,0.40670604,0.012001712,0.56992155,0.010740828,0.00062987074,2
1.2429401,0.13141908,0.03272294,0.46775693,0.13354085,0.5016968,0.18560079,0.30442488,-27.379951,22.230501,-20.985493,21.176405,57.77332,0.13421379,0.07887437,0.4540986,0.33281228,9.453717e-07,2
6.939056,0.16235192,0.02414471,0.5511804,0.10454217,0.52759135,0.08385208,0.20678362,-14.621794,27.48366,-13.38392,23.665987,44.463516,0.13467625,0.29050452,0.16801813,0.0905295,0.31627157,2
0.27562886,0.16950901,0.027563008,0.558287,0.21244527,0.33864015,0.118127115,0.35802293,-1.8647301,24.53524,-17.543266,21.44858,34.90712,0.121872835,0.26216695,0.291033,0.321936,0.0029911902,2
5.1966186,0.18508641,0.016061667,0.40506706,0.11619866,0.36196887,0.13027468,0.34989575,-26.055983,17.711927,-7.032357,24.030891,44.738396,0.19705275,0.049167406,0.67450935,0.079138756,0.00013176005,2
0.0,0.18289967,0.040995363,0.15,0.14160863,0.44598812,0.12641692,0.30478737,20.019938,18.148129,-19.787912,31.816422,38.05005,0.29617116,0.00011836254,0.29310438,0.113305375,0.29730073,2
6.095639,0.17445377,0.03716352,0.15,0.13626525,0.2770261,0.19396079,0.24002615,20.28026,38.203056,6.125087,22.281317,44.042366,0.6213437,0.000387441,0.19952677,0.17853752,0.0002045672,2
3.3513606,0.23088622,0.023308646,0.49298343,0.16573648,0.29572695,0.15677597,0.25659078,-2.34695,32.94204,-11.477379,23.874361,50.062714,0.041542802,0.0018926101,0.47929412,0.2858699,0.19140056,2
3.8788924,0.1429668,0.036114085,0.5274576,0.20598093,0.5451964,0.10298271,0.14818944,-11.822166,14.0,-11.253881,20.739143,50.052128,0.12432793,0.07435378,0.47448963,0.3212181,0.005610563,2
1.9247478,0.21629055,0.03539662,0.46894392,0.22047272,0.5380529,0.11823578,0.21637736,-0.78976566,24.286512,-17.14307,8.0,60.839306,0.3608416,0.004217813,0.26581514,0.25216872,0.11695674,2
1.7548105,0.25940436,0.030617887,0.5052719,0.18524157,0.441402,0.26988894,0.32143888,26.263752,38.034813,-14.657613,19.017513,40.586338,0.059147805,0.0014788709,0.4334691,0.24577431,0.26012993,2
4.4903197,0.121177375,0.033809222,0.7401577,0.055515498,0.5323775,0.057817455,0.21587634,11.24532,35.08369,-30.0,29.374935,49.743984,0.022986446,0.07634843,0.7572826,0.13846263,0.0049198894,2
8.425523,0.10200954,0.0345603,0.42552853,0.2128687,0.4511897,0.03607488,0.43709284,-32.38716,49.126617,-11.996136,23.37046,66.40377,0.04894167,0.09537275,0.6025138,0.17598231,0.07718947,2
0.0,0.1874246,0.033076476,0.55475783,0.17003761,0.34711677,0.067936756,0.23524857,-40.0,27.680288,7.6813445,16.591309,53.886066,0.03148704,0.00011859517,0.454716,0.5111038,0.0025745523,2
1.9780922,0.2058731,0.031209173,0.75258356,0.19486701,0.30098456,0.14520413,0.2050607,-16.307322,33.38019,-3.034768,22.57708,61.32299,0.059477437,5.2621224e-05,0.62452626,0.07183486,0.24410883,2
1.1621996,0.18144849,0.030686079,0.34455568,0.124934115,0.51494557,0.18684688,0.29359752,-0.77580553,22.052881,-28.314924,12.195964,49.314404,0.14635901,0.11360933,0.152835,0.58080935,0.0063873334,2
0.0,0.1,0.025461635,0.7655516,0.13937834,0.3590543,0.12424666,0.29673463,-30.643488,16.080599,-9.098394,24.81493,59.63907,0.20090978,0.02192237,0.32764894,0.3846155,0.06490341,2
0.0,0.112527676,0.037266858,0.64566904,0.18749215,0.53707707,0.101801015,0.36556673,-3.7090392,33.2805,-7.5423355,16.580894,47.78499,0.26208156,0.017255282,0.392307,0.28268394,0.04567219,2
0.80244607,0.1596784,0.04585147,0.4534641,0.24057755,0.40333772,0.093273185,0.2520625,-30.174562,26.463837,3.1849835,21.179646,33.0775,0.01145495,0.08675573,0.61209726,0.21996772,0.06972436,2
1.8122042,0.19662979,0.021040432,0.15,0.14968048,0.59590995,0.043349683,0.20780975,0.1440211,53.98834,-19.88422,12.858435,57.74289,0.25951806,0.0034415647,0.57938373,0.15662968,0.0010269923,2
7.248273,0.16581903,0.030275065,0.7085911,0.07759769,0.32521525,0.20996915,0.22918247,3.915658,24.706392,10.853361,21.498116,54.415955,0.15150665,0.0020599337,0.6595821,0.18254721,0.004304105,2
5.967935,0.188535,0.024771733,0.76553863,0.1698376,0.30331486,0.11987438,0.35422984,30.67547,26.210796,-10.874237,8.0,50.46349,0.027924528,0.0053693424,0.088720545,0.7858233,0.09216231,2
0.53875566,0.18741065,0.034403417,0.39580053,0.13067652,0.46473017,0.14112714,0.38487428,-2.3783238,30.729326,-20.288599,16.962137,38.625923,0.0069349743,0.07615674,0.42716655,0.4405583,0.049183413,2
5.3185186,0.21724582,0.03341206,0.7749665,0.08721103,0.39822328,0.1726449,0.22825319,-6.3932247,38.465157,-28.312721,14.630233,68.66014,0.00031814934,0.32204366,0.4065162,0.14993681,0.12118521,2
0.6019622,0.13356674,0.031077584,0.24641451,0.13340323,0.45771676,0.19934124,0.2595064,24.004875,37.703434,-13.188968,14.879897,59.52909,0.24714525,0.037592944,0.5784499,0.06984947,0.0669624,2
2.7365322,0.18352629,0.025268642,0.543751,0.16385473,0.43123043,0.118706636,0.3668089,11.757095,15.05261,-9.934437,8.0,42.383923,0.55062515,0.019171279,0.06052389,0.36952394,0.00015573979,2
3.9713511,0.23754871,0.026216187,0.47336137,0.1926386,0.37815624,0.0843924,0.321475,0.7676287,41.764797,-23.422676,15.151737,67.05892,0.078400545,0.08624325,0.6026014,0.14727955,0.08547526,2
9.33001,0.14839993,0.023914894,0.29942676,0.11585024,0.40778056,0.1289198,0.22880419,-5.475943,28.529776,-5.7594523,21.802317,66.41432,0.08591872,0.021145545,0.66828233,0.22289371,0.0017596936,2
3.8064291,0.15492421,0.016227443,0.46251336,0.11799374,0.17724569,0.12341568,0.18691213,30.615877,14.0,-6.7372746,13.715856,47.567135,0.02865442,0.03786883,0.31338105,0.5585457,0.061549995,2
0.0,0.18345055,0.03983317,0.49537262,0.13491724,0.6187951,0.10211026,0.22263792,-13.178589,30.023752,-11.913954,23.20575,39.722332,0.10796811,0.007881556,0.11386188,0.7565938,0.013694615,2
5.232589,0.13771117,0.035349265,0.3215465,0.22780135,0.3630118,0.06688702,0.32761434,-26.591358,20.835047,-20.587265,26.256714,55.653015,0.06883599,0.023836587,0.6998991,0.17572568,0.03170264,2
6.411573,0.13342775,0.040322274,0.6012776,0.20710935,0.49226585,0.14945424,0.16364409,-3.4503617,40.64929,-11.807082,22.018763,47.65347,0.34481058,0.047521193,0.5066703,0.09665137,0.004346583,2
5.6657686,0.16611432,0.027209468,0.3977537,0.1682276,0.19036594,0.1962648,0.28234217,-5.6936016,33.104298,6.418827,22.649683,82.30468,0.07408444,0.021191172,0.08717189,0.5259674,0.2915851,2
0.017323062,0.1702379,0.033920325,0.44611695,0.16634414,0.3335393,0.21758746,0.24251314,21.698814,39.68314,-21.24959,21.824522,37.61568,0.03376679,1.9895808e-06,0.10166405,0.32277048,0.5417967,2
3.3729866,0.2100587,0.023218827,0.7170357,0.12425428,0.46998563,0.09217956,0.21687065,2.8021367,40.745266,-29.575037,23.771494,68.776375,0.35403627,0.00033233504,0.13024431,0.3072803,0.20810679,2
2.9462378,0.14413148,0.025443071,0.40183148,0.17861025,0.65676105,0.2179341,0.23402989,16.473179,25.888367,-15.71872,15.236129,45.11055,0.22452225,0.021798566,0.4691348,0.2816434,0.0029009848,2
8.308549,0.18121915,0.046395037,0.16074736,0.090313494,0.49297726,0.07496996,0.32936713,-40.0,32.24805,-20.101116,13.932591,47.192932,0.18580993,0.12457074,0.65587956,0.022299815,0.011439941,2
4.850225,0.22937247,0.02701471,0.46226844,0.16395831,0.5058861,0.13746102,0.30539018,-6.015953,40.230316,-30.0,14.1172285,39.898663,0.035163667,0.008791971,0.47720256,0.47286433,0.0059774714,2
8.150145,0.22699268,0.037578717,0.51634514,0.038403507,0.3801568,0.18227784,0.3405616,26.56369,32.00244,-7.926286,24.643137,51.42307,0.03889887,0.017011808,0.2991928,0.41809502,0.2268015,2
0.87194514,0.17559233,0.03200932,0.46378592,0.057977546,0.43737948,0.15762618,0.21116789,-19.420128,22.587183,-25.191746,14.016262,39.52019,0.17797159,0.0003552212,0.5341698,0.2834987,0.0040047066,2
2.3498282,0.18755665,0.018840794,0.6290496,0.043289576,0.41512617,0.20059845,0.15060577,-5.025575,42.999454,-26.228888,17.858418,47.214878,0.35555586,0.057628475,0.24752584,0.33644766,0.002842159,2
1.387301,0.14379047,0.028923549,0.5600319,0.23409334,0.47568122,0.07876055,0.280974,15.103234,30.227146,-3.7988224,16.922108,34.847645,0.4753541,0.023313845,0.28862053,0.041662514,0.171049,2
5.936114,0.19155416,0.033022355,0.4100771,0.13208745,0.58764124,0.12086997,0.2671662,-9.0849495,22.9147,2.0108995,21.148567,26.028658,0.180506,0.00085381715,0.46915486,0.3491377,0.00034761438,2
6.4187574,0.24121372,0.03567786,0.604473,0.07237187,0.39666364,0.11984589,0.23377407,14.08392,47.24009,13.870756,24.280195,47.26048,0.1188484,0.042645197,0.40888107,0.41585726,0.013768079,2
4.172403,0.23197335,0.015703782,0.56953645,0.26186895,0.4418457,0.18695964,0.12950115,-10.87432,14.0,-27.57415,24.280394,65.63134,0.48647496,0.049050286,0.25949782,0.2043664,0.00061051635,2
3.284316,0.1791102,0.022277135,0.5650018,0.10124369,0.39146936,0.11842833,0.3284,-0.67271316,24.00038,-8.069143,8.0,52.931393,0.17617862,0.00989449,0.645234,0.14073944,0.027953455,2
4.253452,0.19383605,0.03248383,0.47604126,0.16629782,0.40757436,0.14168659,0.1,12.078337,24.836824,-26.01821,22.330536,47.890896,0.082392454,0.0023800682,0.3535211,0.5177113,0.0439951,2
0.0,0.15057996,0.022473224,0.54280937,0.10083419,0.5747954,0.117085055,0.3178704,-19.650658,37.897926,-11.284634,19.583805,81.294846,0.19429132,0.1591271,0.27118883,0.37528345,0.00010930427,2
1.7663332,0.14281052,0.039751418,0.51636255,0.17969045,0.49248695,0.14809737,0.3146833,-14.653791,26.845633,-13.565452,21.122091,24.0,0.26448035,0.20995669,0.41280726,0.111972876,0.00078282034,2
2.0074685,0.16542953,0.029502062,0.45495796,0.13925368,0.47696725,0.09244053,0.31031057,16.456385,23.835627,-30.0,17.547655,53.304726,0.108400576,0.04151991,0.44198895,0.31380415,0.09428643,2
2.959212,0.19083028,0.033892363,0.5718782,0.10265905,0.4236393,0.07402506,0.2634106,-14.181468,39.3914,-6.7193456,14.305169,39.36349,0.067423634,0.21351187,0.0890568,0.6269347,0.0030730076,2
1.0439779,0.208877,0.04036663,0.5835019,0.07321511,0.3352004,0.105066165,0.10881522,2.2752528,37.034744,-12.014776,26.675442,50.43412,0.085628815,0.0015755615,0.5496077,0.34791896,0.015268992,2
0.45207343,0.17682944,0.020283129,0.58356917,0.10453334,0.5223745,0.084089704,0.15559283,17.529316,27.41117,-5.953867,18.47948,40.49014,0.11230104,9.494756e-05,0.44106895,0.4403427,0.006192391,2
0.0,0.19760603,0.03369938,0.59255236,0.089748286,0.5395424,0.11985992,0.2095028,1.6584669,32.099854,-24.602682,28.446447,41.83076,0.17708161,0.04984781,0.2800509,0.4887544,0.004265267,2
4.296241,0.1,0.031077867,0.16254273,0.05192478,0.5446569,0.16908716,0.39737448,4.9107456,19.854713,9.146543,19.6791,53.17412,0.0066697695,0.03406346,0.39941022,0.31350452,0.24635203,2
0.0,0.18681787,0.031321198,0.6356489,0.17671847,0.43711174,0.063122384,0.33482665,27.891329,27.938906,-9.361015,19.86021,47.664864,0.22478475,0.08881883,0.12984951,0.5174072,0.03913973,2
5.998389,0.15519108,0.028210135,0.35538656,0.19581114,0.3456275,0.10930601,0.25521594,40.0,29.369263,-8.662661,15.054465,41.133793,0.2005729,0.076906554,0.59402853,0.06844995,0.06004206,2
3.971808,0.1299666,0.03127414,0.6680161,0.10596266,0.51587176,0.23851724,0.22498886,2.4506853,18.346725,1.8071952,19.798195,33.76794,0.05305972,0.009128293,0.40087652,0.4679331,0.069002375,2
5.6592937,0.19815946,0.0065938784,0.2959275,0.035869837,0.5686151,0.040259648,0.27720627,-7.6329784,15.1181345,-12.137948,26.38195,59.048573,0.44761026,0.01802743,0.112707146,0.4216197,3.5449142e-05,2
0.32470453,0.23788641,0.03995334,0.73729056,0.1581524,0.5397358,0.07415322,0.32718316,14.99943,26.411697,-20.94742,19.022102,47.033413,0.23763254,6.9069276e-05,0.074234396,0.6830618,0.005002201,2
8.591363,0.17945129,0.019310402,0.17244701,0.14776213,0.3454062,0.14510937,0.288969,-13.982835,39.497936,-1.1007297,21.38717,35.096367,0.24585392,0.00046387682,0.43721968,0.09212511,0.22433743,2
9.659105,0.21519174,0.044196203,0.54848784,0.08997932,0.4842569,0.049804084,0.17056465,23.634865,35.222004,-13.509247,31.325909,29.488405,0.5170738,0.012936571,0.20945334,0.19633037,0.06420589,2
3.0901396,0.16329166,0.022404823,0.44514945,0.13703853,0.20559788,0.12344778,0.36838865,-9.849773,24.604908,-2.3400273,11.554076,53.170666,0.2346079,0.2892866,0.056640327,0.09948686,0.3199783,2
4.1802654,0.26,0.022057716,0.5695116,0.03,0.5998591,0.21365252,0.301621,-7.620087,53.348362,-13.168392,13.421584,46.128563,0.04305005,0.0852276,0.5297499,0.3410737,0.00089875975,2
2.9616117,0.11695215,0.033240855,0.7588202,0.14041334,0.45962027,0.09870706,0.23250999,-18.469078,20.351671,9.712171,22.092545,51.89217,5.931516e-05,0.02463224,0.168964,0.3215735,0.48477095,2
6.021973,0.17596522,0.03217136,0.5354946,0.13234937,0.46307528,0.085223146,0.29263106,-15.285632,34.948154,-12.558804,8.0,80.299385,0.05231237,0.0077966163,0.37620488,0.4736629,0.090023234,2
5.3779945,0.21005756,0.03360608,0.6409368,0.2064707,0.6250257,0.048585415,0.35293517,21.246971,25.240734,-18.39022,23.5692,59.560413,0.030630866,0.0022607492,0.45026714,0.49964434,0.017196901,2
0.0,0.17876525,0.032894786,0.73019004,0.15269427,0.36881998,0.08595049,0.29492304,6.1643963,40.9238,-8.753268,14.384393,49.44502,0.2385706,0.02867099,0.027595187,0.70495814,0.00020508892,2
0.520098,0.23505662,0.028875647,0.40714487,0.14454326,0.45389104,0.11798142,0.29883838,-0.94728315,28.976385,-16.864,16.825716,29.70528,0.06414102,0.09802961,0.5392322,0.15325962,0.14533755,2
4.1782546,0.1,0.02705909,0.55430204,0.23820667,0.3365021,0.23673424,0.37528753,36.906208,27.849707,-20.834259,25.919155,69.40459,0.01943151,0.29645455,0.6558437,0.028059864,0.00021042797,2
5.3211565,0.17555231,0.034658227,0.7052104,0.10031859,0.2603341,0.12066891,0.2243119,2.1299314,38.67446,1.3137095,11.193596,50.790855,0.05331642,0.072999485,0.2035681,0.34851298,0.32160303,2
3.4480877,0.17002673,0.024466824,0.55291194,0.065203115,0.47345996,0.12303795,0.20102395,-0.31681597,28.512503,-24.907642,8.0,79.247406,0.2574053,0.021735802,0.16615517,0.5453576,0.009346133,2
0.0,0.17558755,0.030954236,0.41202626,0.18564758,0.46796224,0.12756525,0.23713401,-20.030228,36.648266,-1.8518159,8.0,40.149033,0.026621247,0.0715813,0.11074577,0.754177,0.036874738,2
4.6697397,0.11668253,0.016442882,0.5772602,0.19226657,0.18516357,0.08636233,0.32897434,-14.564005,29.013254,3.8642173,21.969933,34.43098,0.11096977,0.18961024,0.33007032,0.36906704,0.00028262485,2
8.474537,0.16834639,0.0320321,0.51723117,0.19345927,0.5275101,0.03,0.33706787,-16.841284,14.0,-15.577597,25.870459,67.14646,0.18842572,0.005940981,0.2656535,0.53993136,4.8472113e-05,2
0.0,0.16649953,0.030787626,0.5763933,0.1283543,0.4349448,0.20215239,0.2813046,-12.341758,49.40427,-9.4721575,12.468668,52.910034,0.11238965,0.28816432,0.26537195,0.3272319,0.006842178,2
5.81788,0.18972676,0.029672343,0.42073455,0.10444402,0.53027415,0.1601783,0.21070594,-8.422615,34.665184,-20.511864,27.422928,64.88038,0.21024175,0.31770048,0.054510515,0.41716602,0.00038123736,2
8.496283,0.22393046,0.043649517,0.53633076,0.07784463,0.4682123,0.18551984,0.39461032,-5.1326823,27.220722,-0.736631,19.506882,35.26443,0.11580799,0.07027009,0.41463122,0.3702795,0.029011216,2
5.83066,0.18445937,0.0419589,0.47907478,0.09563079,0.56548756,0.14173849,0.18870878,12.590666,42.27844,-25.088535,20.228575,35.112896,0.053290647,0.0039560287,0.362972,0.5784158,0.0013655168,2
2.7578685,0.19671078,0.03731549,0.42578393,0.06475035,0.57924354,0.18793976,0.23793425,-0.45274135,21.297773,-2.2265506,26.415136,37.640793,0.2338282,0.020522086,0.26031926,0.46969935,0.01563109,2
5.690631,0.23030074,0.03713978,0.6964655,0.11800928,0.46391198,0.052825402,0.22070056,32.186787,21.798145,-12.136988,8.0,24.0,0.28386453,0.0004270051,0.36094743,0.35270375,0.0020572823,2
2.740154,0.22756824,0.030845422,0.42294645,0.22296141,0.5507433,0.13253501,0.3442847,11.345335,17.267742,-20.694727,24.4491,43.723976,0.052614484,0.2884084,0.30357888,0.3474042,0.007994009,2
4.62609,0.1,0.03245921,0.38670728,0.11276224,0.54588485,0.1558006,0.2576019,-12.7174635,28.197046,-19.197847,8.0,27.520687,0.3345797,0.00089234405,0.19395396,0.34080052,0.12977345,2
3.2499745,0.211896,0.033461466,0.3220285,0.14642057,0.29818773,0.19592471,0.38516936,8.138893,24.047882,-7.3311863,8.50582,50.90243,0.08499573,0.1351096,0.6278687,0.14660402,0.0054219393,2
3.333892,0.2116448,0.03482012,0.49029672,0.1673579,0.33406618,0.15080957,0.32605317,2.7222273,27.386438,-24.146553,9.612106,48.841732,0.34639618,0.00053024304,0.37527815,0.14248021,0.13531522,2
0.7143807,0.16951174,0.030571176,0.477159,0.12195104,0.31877768,0.15084912,0.20484027,25.137014,16.77555,-6.7468863,23.928175,39.24816,0.0012077333,0.5905303,0.32185677,0.06592004,0.020485187,2
1.6100364,0.16165923,0.034336645,0.60832024,0.121563435,0.51966,0.141304,0.24782228,14.78264,23.82615,-10.532388,24.334522,56.121544,0.22732367,0.02619424,0.4182861,0.32800743,0.00018857743,2
7.8741274,0.13483508,0.03051672,0.31529692,0.20429495,0.35511166,0.05608498,0.23262693,1.2195898,34.09719,-16.196861,25.82749,51.906338,0.24101481,0.065171815,0.35007197,0.32846004,0.01528138,2
1.1405556,0.10235168,0.03337288,0.24733336,0.14932112,0.19611827,0.10032039,0.36687323,31.47458,42.290306,-7.3654017,19.345905,65.94798,0.08389178,0.013259169,0.6806673,0.22217092,1.0841859e-05,2
0.0,0.21399163,0.03734099,0.2217788,0.19646187,0.31893772,0.104767986,0.32922852,10.031501,30.401754,-20.24421,16.964249,72.16592,0.14278696,0.063645214,0.16661482,0.3556476,0.2713054,2
12.0,0.21060456,0.02475102,0.5684096,0.25939047,0.3940907,0.17165723,0.15896727,10.821473,25.518337,-15.025847,23.083984,51.592693,0.6488326,0.0047036684,0.11583309,0.11208078,0.11854986,2
1.6903298,0.17600131,0.03105866,0.6551891,0.09650494,0.49515817,0.15568951,0.30675521,27.056534,35.66982,-16.12749,18.527739,55.1876,0.805609,0.04317305,0.12334962,0.024707297,0.0031610378,2
2.1944318,0.20839429,0.030607222,0.64296263,0.13222016,0.5951331,0.20530525,0.26560336,15.422223,40.597107,-24.954128,20.9903,57.00479,0.12864785,0.0074983174,0.22578098,0.60875213,0.029320756,2
1.7937882,0.22094296,0.02185416,0.42477244,0.13164887,0.55428565,0.15440352,0.18072851,3.887072,40.10476,-15.606045,19.01319,73.121796,0.4168234,0.06411614,0.2362106,0.2826523,0.00019759819,2
3.0477917,0.108168624,0.04112878,0.5195142,0.11522151,0.4613753,0.1193387,0.21212193,-1.4027039,34.603172,-27.93582,19.130075,33.09009,0.18567264,0.0001055054,0.33519056,0.3238151,0.15521619,2
0.7226014,0.18997261,0.02339556,0.16297416,0.11842407,0.3407688,0.19412644,0.25487968,-36.343273,23.216177,-17.841473,33.751663,43.171043,0.047339424,0.32938835,0.15818602,0.19888507,0.26620117,2
7.468323,0.17029123,0.041460887,0.7426841,0.21014504,0.19946977,0.067786165,0.11506392,-33.22272,29.50369,-29.554668,25.848673,33.444153,0.14614479,0.015561012,0.5684214,0.26892412,0.0009486964,2
2.4012535,0.19729008,0.0192609,0.67352295,0.14496236,0.38155627,0.11545602,0.2854931,-2.113213,32.183445,-22.486431,22.873697,42.44747,0.22573616,0.00021538998,0.58628345,0.09232091,0.0954441,2
0.0,0.1874539,0.0180275,0.63559365,0.26447308,0.40562874,0.08264946,0.27594712,-9.994552,14.0,-21.489948,16.839846,45.355072,0.10437159,0.0018741707,0.3423873,0.5383681,0.012998864,2
0.0,0.21079555,0.027311178,0.3653494,0.119683795,0.45200515,0.07395916,0.25220686,0.33880687,30.24709,-8.105438,19.950724,39.47572,0.31668735,0.00023910866,0.5735548,0.05815749,0.051361248,2
6.2846246,0.11668621,0.033182383,0.44546667,0.215304,0.5473781,0.075664684,0.27252638,18.307085,45.521366,-21.861029,26.392925,55.00752,0.21804506,0.1274204,0.37924588,0.25062022,0.024668448,2
1.6779175,0.23255867,0.033137873,0.47147697,0.2279475,0.5205597,0.09692669,0.254185,-13.906827,24.241367,-24.77265,20.802229,56.0307,0.00020028996,0.24330604,0.5769553,0.03822528,0.14131308,2
4.1270843,0.15905352,0.0403438,0.75504416,0.13585189,0.45121467,0.13951777,0.19132258,-28.374142,14.0,-16.096373,16.717407,49.90718,0.08058029,0.019416576,0.790936,0.07558929,0.033477854,2
0.21298201,0.17462969,0.023840176,0.64999944,0.16236097,0.39217967,0.11246814,0.22516045,-23.384539,24.00758,6.721635,8.0,53.873558,0.15865695,0.25900468,0.20752616,0.3717963,0.0030158975,2
3.2814002,0.10961797,0.03740831,0.4719537,0.18414189,0.25724718,0.1429864,0.21560797,-17.7152,23.684511,-28.868364,16.949755,71.29313,0.11272191,0.27771255,0.4184922,0.15994069,0.03113263,2
2.9181602,0.17585772,0.01673279,0.5876895,0.11215471,0.34393784,0.14105922,0.31408665,-20.522778,39.91644,-5.2669106,24.318703,54.314987,0.29577565,0.070274435,0.3923112,0.23775285,0.003885885,2
5.762634,0.179273,0.02226467,0.3632461,0.22318567,0.3242235,0.03,0.19541575,0.77758235,53.703213,-8.716699,10.707623,34.00403,0.0028800988,0.15086046,0.56804156,0.27610996,0.0021078822,2
3.4966383,0.17680824,0.027894067,0.29227597,0.099432506,0.75,0.13773276,0.23131853,27.70205,31.401648,8.657009,29.782213,40.476147,0.024890952,0.21359698,0.24026693,0.13343637,0.38780874,2
0.0,0.15056287,0.021197405,0.4896799,0.11396706,0.67938244,0.09249896,0.27185968,11.066864,22.326551,-9.290748,21.254845,39.56439,0.06689466,0.043279193,0.51975214,0.36095837,0.00911562,2
10.2072735,0.13121527,0.034376897,0.32939667,0.11451715,0.28894162,0.047870763,0.16331154,12.398137,19.106558,-11.780654,29.342966,66.984856,0.13765405,0.5985762,0.17749454,0.06367506,0.022600178,2
4.303695,0.20565242,0.024791967,0.24622442,0.1512627,0.48713294,0.14132316,0.23809904,3.944487,39.280704,-11.832187,18.968994,43.947453,0.11015823,0.008626538,0.6031801,0.255719,0.022316102,2
0.16535638,0.110514335,0.038024545,0.5049902,0.15639171,0.27788275,0.13318363,0.27160516,-22.298065,36.511852,-12.572111,8.0,37.639973,0.37471876,0.027214456,0.5669013,0.0007165345,0.030448936,2
3.5673416,0.21218368,0.036948696,0.4602866,0.10817961,0.46683717,0.13735959,0.2808052,40.0,40.54459,-5.1855903,16.730007,36.280937,0.07205484,0.00259756,0.8186233,0.10355621,0.0031681133,2
4.1732497,0.24778083,0.02459867,0.34870058,0.1343423,0.38112813,0.16467293,0.29365748,-5.7232265,25.244633,-17.55741,14.829227,43.099365,0.23593915,0.19108349,0.17188638,0.39331797,0.007773001,2
4.4522915,0.26,0.027182497,0.43995884,0.08427538,0.4229713,0.09592585,0.2158728,13.966982,44.6833,18.0,13.460639,42.615837,0.48103756,0.10584583,0.19354227,0.12624082,0.09333352,2
4.089867,0.13665742,0.029285273,0.5568084,0.19822691,0.56617755,0.080376364,0.1926569,-40.0,31.568466,-3.6071026,22.803192,40.8304,0.01044161,0.36512163,0.50157183,0.11521718,0.007647739,2
3.7360442,0.20363352,0.04083497,0.46613815,0.17474993,0.48469225,0.12795383,0.23644564,-1.6024864,23.583912,-14.106617,13.079584,60.494244,0.111144,0.0006826116,0.26356164,0.37026116,0.25435057,2
5.753078,0.15749802,0.02246035,0.52100533,0.12263635,0.5443914,0.10689032,0.28279847,-3.0938451,14.0,-14.690414,9.335827,46.48425,0.012247745,0.018291943,0.8143213,0.15456569,0.0005733461,2
5.183604,0.22898084,0.011010195,0.47450885,0.13038927,0.50030977,0.26492503,0.24887809,-4.808134,25.373762,-12.357937,14.975228,49.02812,0.2644512,0.055369176,0.15034375,0.3491762,0.18065968,2
5.23938,0.19572161,0.02661194,0.75950694,0.10684347,0.35211617,0.12202698,0.19104068,-25.226744,25.270447,-12.639079,25.211744,58.969166,0.04321119,0.00010450503,0.50294054,0.45186523,0.0018785432,2
0.0,0.16830947,0.02264337,0.69938034,0.09353622,0.28266558,0.12841587,0.42425665,3.5699086,20.36151,-5.7557225,17.511877,59.871593,0.076831125,0.16977389,0.29206148,0.34713224,0.11420126,2
0.0,0.14358434,0.017747225,0.51743597,0.08595879,0.40406018,0.08423771,0.21389835,21.957415,34.025036,-9.199442,13.013545,42.65878,0.7554216,0.0005973792,0.13608286,0.10676658,0.0011315686,2
0.6204224,0.16521737,0.029705202,0.37709126,0.093706444,0.40383652,0.07583031,0.17639172,37.7967,23.766804,2.4717746,16.485662,64.46498,0.01941341,0.26926687,0.22767717,0.4773936,0.0062489384,2
2.2546842,0.15302666,0.02061319,0.4159392,0.18792526,0.37727228,0.044110607,0.22066423,29.679144,21.435743,-21.74951,26.95705,49.716347,0.14091097,0.008446035,0.17554687,0.56512225,0.1099739,2
0.7201657,0.1790271,0.03270265,0.3062929,0.19178784,0.35545844,0.11050791,0.33043236,22.762941,21.746424,-12.481599,22.699528,42.91476,0.2037848,0.10828813,0.4794875,0.14598957,0.062450014,2
0.0,0.18108766,0.02037759,0.38037556,0.07152741,0.44798842,0.11632595,0.30986372,30.759516,17.22695,-21.858181,23.027628,60.934853,0.28296238,0.07206367,0.41691455,0.18344535,0.044614043,2
3.716623,0.15781838,0.05362612,0.60019547,0.17493345,0.5985509,0.18133102,0.39489457,32.868137,24.86054,-16.859325,22.594677,54.706802,0.015607714,0.004150435,0.29254138,0.54442173,0.14327876,2
0.38160056,0.15423562,0.03847372,0.41095382,0.07895112,0.18800335,0.113769114,0.19918445,-16.626295,25.092197,-17.256872,8.0,53.524803,0.1577379,0.0018805868,0.53894,0.2573587,0.044082828,2
0.0,0.20509714,0.024136104,0.47375786,0.17822637,0.2908611,0.1058342,0.24883325,4.529297,27.79609,-4.2722216,18.41764,45.652336,0.3202927,2.2094639e-05,0.6344403,0.04366656,0.0015783042,2
0.0,0.20801993,0.023830233,0.6772163,0.14420338,0.47136337,0.13774386,0.3409112,-22.976114,33.438446,-18.469492,26.31458,49.98113,0.3045502,0.049605493,0.46160418,0.18081729,0.0034228323,2
1.1707509,0.1474893,0.028479582,0.5829533,0.11396004,0.2171107,0.12032106,0.19653895,9.695461,43.77877,1.9160204,8.0,41.2312,0.14283699,0.14741214,0.40734035,0.24040654,0.06200397,2
2.225207,0.1778185,0.035888717,0.51032287,0.16229294,0.26679778,0.17330925,0.35116392,-4.429502,39.092876,2.478383,8.0,47.45431,0.23227535,0.09830929,0.0942679,0.45490563,0.12024183,2
5.6960745,0.14543103,0.026417287,0.4828696,0.20743088,0.6938712,0.19710325,0.27242747,-2.782623,15.928299,-4.889003,11.697514,44.951668,0.116300434,0.012576733,0.28241035,0.21638335,0.37232915,2
4.3036265,0.26,0.020706892,0.47029123,0.04626475,0.5074815,0.123278394,0.2141009,-4.92498,38.04206,-23.450495,14.003835,52.925983,0.07031405,0.00045363748,0.40643772,0.5212491,0.0015455,2
0.0,0.14237514,0.018391553,0.63967115,0.19689773,0.75,0.076468796,0.14987947,-40.0,39.745056,2.3316183,19.508177,68.45576,0.019228714,0.0027892592,0.38185287,0.5933856,0.0027435736,2
7.357732,0.190132,0.029849961,0.5446853,0.1002329,0.23504168,0.11772075,0.30656043,-34.35997,36.818855,-16.32927,10.150277,47.88574,0.3115141,0.027711216,0.45072606,0.105517276,0.10453132,2
2.4020393,0.1978033,0.024203213,0.4615196,0.2111823,0.69018704,0.13553965,0.37334317,15.405151,25.935947,-15.363448,22.743061,59.421658,0.136091,0.0419632,0.1489153,0.54819137,0.12483912,2
3.2074893,0.15338641,0.032265257,0.30892977,0.18332838,0.28262094,0.05747562,0.29380292,-12.128509,43.180027,-6.8595285,34.848614,51.59862,0.06956825,0.008195361,0.2864583,0.6357765,1.5711738e-06,2
3.3636882,0.14558695,0.012989446,0.5724056,0.083933674,0.54743534,0.11035358,0.29776058,18.412157,21.919207,-20.608377,15.230209,63.769405,0.03894178,0.15662614,0.46605274,0.16918363,0.16919571,2
0.44195548,0.16882157,0.03378014,0.5513746,0.110897295,0.17879774,0.04999167,0.28845268,-2.9022136,39.6009,0.45182106,9.358573,70.43689,0.17351317,0.14078926,0.1620712,0.46777657,0.05584983,2
4.690262,0.14539824,0.027432604,0.2626602,0.16401915,0.47486147,0.14581054,0.334562,-28.550606,39.328976,-4.0431657,16.223011,43.855244,0.108348094,1.2266001e-05,0.38317612,0.4717044,0.036759146,2
0.0,0.18753666,0.01596518,0.47681767,0.1873445,0.4833132,0.069546424,0.35585603,-25.21034,34.495224,17.694849,23.029003,29.508715,0.16158514,0.15236898,0.38959476,0.2942378,0.002213327,2
7.020316,0.14601141,0.03289759,0.55024517,0.16380508,0.38619122,0.108696945,0.1,-12.08938,14.0,-9.011365,20.291029,35.045025,0.20465648,0.016935417,0.6028234,0.044211768,0.13137296,2
3.5625885,0.18586497,0.033988524,0.46079716,0.1595033,0.27290824,0.117241494,0.24760538,-16.698114,31.818851,-13.335573,24.391869,61.82274,0.006146978,0.44939464,0.19615315,0.32431212,0.023993079,2
4.0897093,0.1,0.023546249,0.77211875,0.10805967,0.40632445,0.06058872,0.22671433,-1.5919043,37.49251,8.047361,17.28257,53.822376,0.114058115,0.001818453,0.87892133,0.0041954205,0.0010066831,2
4.579855,0.14772208,0.03517114,0.7290577,0.14169009,0.4687911,0.127202,0.2832109,4.537841,30.43382,-30.0,21.526558,38.27025,0.14423567,0.0024370283,0.09674637,0.70627826,0.05030269,2
1.6756524,0.16319862,0.019072259,0.31069472,0.13633168,0.30185142,0.071061336,0.24225011,6.122088,29.260307,-9.721387,37.19568,69.229675,0.07232369,0.0037194355,0.4093815,0.3432031,0.17137228,2
6.8134656,0.22002679,0.011640045,0.4627663,0.06494163,0.41519606,0.19942851,0.3011661,4.107424,26.634163,-13.362733,16.436785,46.181572,0.3621972,0.1416465,0.2555779,0.2271129,0.0134655,2
0.82435495,0.1060896,0.02864105,0.6453249,0.15677564,0.43237945,0.19186531,0.29337373,15.912559,25.255026,0.30926892,19.162617,45.693264,0.036171444,0.22051126,0.5702427,0.10775605,0.065318525,2
0.0,0.22061367,0.022904774,0.4874874,0.12164965,0.49422145,0.18416587,0.13587537,18.049297,29.143353,18.0,22.392696,46.48708,0.016347235,0.36044636,0.43473202,0.1855959,0.0028784787,2
3.4470317,0.20638865,0.02003257,0.6105307,0.20879586,0.24890655,0.13279416,0.11764005,-16.731941,40.784904,-18.74922,36.726124,65.18502,0.6963594,7.003815e-05,0.24789019,0.0523213,0.0033590638,2
0.0,0.10857831,0.034565113,0.40280965,0.19848749,0.36860743,0.14241607,0.32294172,-33.564934,23.669683,-0.43642712,25.234983,40.81508,0.027886353,0.52325016,0.20369622,0.2251758,0.019991491,2
1.3011119,0.2015225,0.031718213,0.2645163,0.1492132,0.46113104,0.116642,0.21182421,-12.213322,33.532207,1.9236066,19.97633,65.36953,0.38598377,0.0036516024,0.50272393,0.10219344,0.0054472783,2
3.7823174,0.14279781,0.04312173,0.60398453,0.19521049,0.39229575,0.15232295,0.3903081,1.5011584,14.0,1.1462946,16.015888,56.756794,0.07556636,0.04418612,0.3407399,0.51888615,0.020621482,2
5.2051516,0.20284832,0.03333597,0.45016286,0.17076246,0.30819288,0.2073731,0.32966572,-9.45837,25.27098,-9.556667,28.669447,66.387184,0.035185177,0.05000411,0.31573397,0.590862,0.008214761,2
2.8877459,0.20522252,0.034422077,0.85,0.13888125,0.5522973,0.07654493,0.14486633,11.394139,36.422462,-4.8440084,18.639011,59.188023,0.11162512,0.0006764276,0.33712146,0.5303987,0.020178286,2
0.28719416,0.21172628,0.023013996,0.6410268,0.069212615,0.55625206,0.14753333,0.21418516,-23.978792,39.050076,-21.517183,29.915485,54.22254,0.34982198,0.0018055602,0.3269017,0.25058177,0.07088898,2
1.9883921,0.15714124,0.012878524,0.34099445,0.13202234,0.53039885,0.03988393,0.2867777,28.446384,19.98647,5.749969,17.404636,58.355846,0.31980202,0.05137105,0.5268696,0.08255912,0.019398205,2
0.99581695,0.20728423,0.045823347,0.6010231,0.12331102,0.39606968,0.10489427,0.23876269,14.118603,32.547977,-22.790737,15.065325,51.1238,0.11809707,0.06509747,0.66393447,0.07250699,0.08036398,2
2.7070491,0.24159835,0.033941876,0.48940745,0.13446969,0.4152936,0.12239274,0.2578743,-6.934018,37.0093,-21.705462,9.0450735,41.53882,0.021539774,0.01697966,0.47720417,0.08419412,0.4000823,2
1.1392349,0.16834892,0.04283074,0.5788514,0.12855814,0.58981806,0.14140949,0.19243963,-13.744738,22.711811,-14.829504,22.83374,57.939556,0.022640768,0.11284894,0.35184145,0.47781894,0.03484991,2
0.068072446,0.1734296,0.020546626,0.3914854,0.19516975,0.5361985,0.159356,0.29418314,-2.7349226,14.908087,-17.700861,8.0,49.138412,0.19718964,0.44886887,0.15653245,0.0813066,0.11610242,2
0.0,0.20841603,0.03805201,0.54681486,0.20069799,0.5916852,0.19101247,0.27137247,20.65986,17.810776,-7.653573,28.010765,65.15649,0.2578027,0.0037194393,0.51592284,0.14062372,0.08193129,2
0.0,0.1,0.03231092,0.658887,0.11559323,0.4500597,0.055488482,0.32289702,-7.184658,15.584084,-15.157185,9.17671,64.73143,0.18215549,0.06857848,0.31357032,0.36561736,0.070078336,2
6.2438188,0.14073879,0.038498517,0.62336123,0.07377398,0.5131274,0.169014,0.26661858,-10.467979,36.32067,-20.69073,8.0,57.005905,0.22950678,0.18591236,0.25165483,0.29991254,0.03301349,2
5.1473713,0.22028655,0.034643326,0.66417146,0.09146466,0.51969486,0.21573035,0.2259881,-0.089024514,30.839447,-23.206491,18.917372,61.90032,0.05593498,0.052970473,0.6612896,0.074606545,0.15519844,2
0.0,0.18615052,0.028168418,0.85,0.20208415,0.61313117,0.10685104,0.2795922,-22.596907,26.040974,-0.11911391,25.92442,55.917755,0.01191952,0.002195873,0.07060507,0.8048105,0.11046899,2
4.9522896,0.17138062,0.03224694,0.42997792,0.1878492,0.16646887,0.100602955,0.29540256,19.360716,21.888512,-6.721036,18.409803,56.026684,0.06435268,0.02374382,0.74580294,0.13205457,0.03404597,2
3.1271415,0.14233585,0.027175292,0.770814,0.08302041,0.4547379,0.13598989,0.2701356,11.1851015,39.817135,-25.011368,24.587505,42.40402,0.2499481,0.024411991,0.4832822,0.23210943,0.010248283,2
0.0,0.18106385,0.036697093,0.5443463,0.06665868,0.5543962,0.12244744,0.35597223,16.30296,27.983265,-5.616365,21.476385,53.043697,0.37351376,0.00014590994,0.41652572,0.17926703,0.030547589,2
0.0,0.1587643,0.023632979,0.44192806,0.110437386,0.581211,0.11909921,0.19399904,24.939178,32.758575,-15.200811,24.025528,55.343353,0.3290317,0.07523783,0.10614298,0.48678392,0.0028035596,2
2.5528543,0.11012556,0.024380071,0.49890295,0.2297906,0.3856759,0.20174661,0.33360228,-14.231742,21.695345,-27.778757,30.274471,54.415325,0.021333156,0.010041649,0.5967142,0.22988427,0.14202671,2
5.223546,0.23210485,0.028713927,0.63542473,0.16096085,0.48678178,0.2488437,0.18464126,0.2787712,19.267157,-24.405891,14.306411,53.274998,0.20178802,0.2644519,0.35537305,0.16604969,0.012337352,2
4.782405,0.15220499,0.034920726,0.4447618,0.12818143,0.52825546,0.11372858,0.3157081,-1.7034272,39.0005,-1.8371271,20.326996,52.532623,0.006954005,0.070130594,0.29565874,0.28547102,0.34178564,2
1.3839647,0.16912685,0.03042613,0.2060105,0.13371643,0.5905373,0.24561015,0.12615034,28.517256,30.628971,1.5077733,8.0,74.97657,0.08095585,0.0955551,0.20692018,0.41715166,0.19941722,2
4.377835,0.10867464,0.027382366,0.62596136,0.04593369,0.48269448,0.11222083,0.24906656,-7.459128,31.411324,-4.963361,28.822971,51.629574,0.07742423,0.050005365,0.5824588,0.123213306,0.16689833,2
2.5119753,0.15859501,0.038450327,0.5341221,0.12540486,0.47087225,0.16783315,0.33676156,-32.222828,32.80485,-19.327375,16.864763,58.92132,0.3331407,0.18696828,0.387479,0.03914604,0.053265966,2
0.7952376,0.22023758,0.034708355,0.42214528,0.20200868,0.4075114,0.07770022,0.2409847,-8.28078,38.770805,-6.8539343,19.63717,50.382042,0.4886058,0.003374782,0.37686187,0.11829093,0.012866601,2
5.881624,0.2172378,0.026325218,0.31085712,0.120281786,0.5745632,0.08582772,0.2627145,15.948048,40.363132,-7.08037,16.980673,54.099007,0.036607783,0.1806288,0.21502502,0.4130238,0.1547146,2
3.467252,0.18101074,0.021660829,0.5610207,0.12779371,0.5892355,0.11372891,0.28842825,9.593807,19.819199,-30.0,14.496065,39.88396,0.2478634,0.023408864,0.47739154,0.16874975,0.082586445,2
4.532519,0.15500718,0.028594805,0.6936441,0.15645559,0.56522864,0.17156805,0.106386594,-1.6839918,27.538742,-6.171398,24.530249,43.16894,0.21334843,0.15165249,0.055009037,0.54537797,0.03461206,2
0.0,0.18103296,0.02501168,0.36550483,0.083796285,0.5290256,0.14038546,0.28974128,-6.8422394,20.602234,-10.073064,23.223799,44.333187,0.45513374,0.12541616,0.17491129,0.24447007,6.8747286e-05,2
1.441018,0.20022714,0.023822635,0.54229933,0.15664728,0.4694085,0.047763377,0.20204183,6.137562,31.483892,11.449342,15.376768,33.43353,0.51716727,0.061901044,0.16119568,0.25741208,0.0023239201,2
5.46044,0.120121166,0.035996653,0.8320176,0.09861097,0.36950794,0.06332919,0.33457878,10.191343,26.380316,7.889434,31.38641,51.699303,0.07839233,0.0025940123,0.6604032,0.25321916,0.00539135,2
2.1579204,0.19002415,0.039018262,0.64231884,0.115035355,0.3511602,0.043582223,0.26129624,3.9066622,27.07726,-12.784531,25.23561,39.518047,0.15990922,0.06046027,0.44332713,0.30271167,0.033591725,2
2.3313217,0.21065995,0.029525142,0.50071394,0.121088035,0.5635795,0.14585774,0.287029,-6.280719,27.866524,-7.5471053,30.53184,37.330967,0.28348482,0.045787968,0.5682128,0.08910086,0.013413522,2
0.0,0.1775888,0.029954297,0.4856246,0.12112232,0.57591045,0.13734998,0.18449748,-0.55786824,27.396498,-10.759104,8.0,76.092155,0.25074315,0.22216031,0.06144546,0.18186173,0.28378937,2
3.5905957,0.17922089,0.02408123,0.42984286,0.14510697,0.46946332,0.13639088,0.32338583,-9.843463,52.59763,-16.671757,14.856403,64.12717,0.3386339,0.0060068667,0.5006792,0.15248182,0.002198201,2
0.0,0.15094458,0.021493658,0.51237524,0.1363191,0.46936017,0.1358623,0.26512474,18.610586,14.0,-25.63205,26.062595,74.97369,0.11747086,1.8046821e-05,0.33997175,0.07952408,0.46301526,2
4.097323,0.19188717,0.036366023,0.43932164,0.13090262,0.4655946,0.092051506,0.1613589,-2.3698094,28.522152,-18.685827,10.697109,49.598557,0.06343377,0.060659256,0.40632302,0.2056393,0.26394466,2
0.021418288,0.24433002,0.019835858,0.4613905,0.1460946,0.5838263,0.13841835,0.23094921,-16.829273,16.420527,-16.544588,16.373919,46.857895,0.057805132,0.25076362,0.2807716,0.4099378,0.0007218343,2
2.3717973,0.23625259,0.025044577,0.48421556,0.094613045,0.53078294,0.2016345,0.31343383,40.0,31.379152,-0.051586192,12.074224,55.30098,0.07080215,0.2932479,0.15446003,0.47187033,0.009619581,2
7.7250667,0.15697563,0.02478822,0.26097095,0.032113347,0.38832352,0.15840556,0.2758019,-13.111177,17.155197,-9.869523,22.080336,55.18122,0.17231621,0.04424,0.13844857,0.6253385,0.019656716,2
4.0973387,0.16501811,0.03339243,0.48082903,0.13956879,0.5010795,0.07146074,0.3160256,-16.07799,29.317747,-17.650522,16.906082,46.557858,0.050527032,0.029992068,0.47043625,0.422021,0.027023641,2
1.9606342,0.23462157,0.028420728,0.85,0.10562261,0.25003996,0.11322192,0.24084839,-21.663488,23.318819,-19.363716,12.2246475,41.57339,0.1742197,0.00018017736,0.590488,0.19383422,0.041277904,2
5.570472,0.20379992,0.02544317,0.2974733,0.1627316,0.36590013,0.09854918,0.3510017,-12.368174,39.59266,-7.593861,31.451069,57.853275,0.109375976,0.0004017813,0.4533321,0.10027522,0.33661494,2
0.8295021,0.20299438,0.040874016,0.7363871,0.11240264,0.23010814,0.17404974,0.3648906,13.432093,16.519552,-15.134147,23.879026,31.720318,0.2095844,0.05890093,0.28962725,0.21021572,0.2316717,2
0.04134676,0.107670166,0.04304172,0.66465855,0.045106564,0.33719102,0.07709911,0.14343484,-28.458942,17.702023,-22.532064,23.736588,57.715508,0.031788718,0.11088615,0.34045872,0.5168642,2.2383974e-06,2
1.905905,0.21659267,0.03311678,0.6046109,0.13400707,0.34833395,0.13903998,0.30743533,2.899107,19.594051,-21.297012,20.723255,47.133747,0.46551454,0.0104136495,0.20152135,0.30936787,0.013182609,2
6.2960277,0.1687812,0.031149443,0.42867383,0.19257732,0.19003808,0.1127918,0.37213883,-10.492129,33.26662,5.6296835,25.332739,60.065273,0.23340467,0.077517904,0.32226548,0.328892,0.037919953,2
6.12747,0.18933932,0.025972953,0.6473603,0.15564206,0.5806864,0.09106147,0.29968825,-14.607099,31.755495,-13.267814,23.234617,63.606304,0.054002628,0.0024532054,0.41322044,0.4260866,0.10423712,2
1.5100031,0.15178235,0.029852774,0.78577954,0.068971045,0.37895006,0.14033082,0.26329252,-31.300604,27.198217,-0.9878625,8.0,57.60511,0.008893341,0.045295164,0.26766416,0.43150297,0.24664438,2
2.1481748,0.24598388,0.02036067,0.6742967,0.108729504,0.40123832,0.11888651,0.17343359,-0.79697657,35.61667,-29.652042,33.05735,36.708977,0.3030837,0.21013604,0.17903359,0.28252116,0.025225546,2
4.260949,0.14100228,0.0379099,0.55032384,0.11516556,0.3366811,0.16717851,0.24447222,-30.84601,14.0,-0.17309693,31.903969,32.67426,0.23165432,0.033160448,0.50564086,0.2072884,0.022255998,2
10.284519,0.2581008,0.028946774,0.5162395,0.13080505,0.5078645,0.10556476,0.2305413,-5.051471,27.655722,-4.2161074,16.459827,31.734573,0.057235524,0.045563415,0.5417876,0.34168068,0.01373275,2
2.2872286,0.18114658,0.024499511,0.41776854,0.11065032,0.6056932,0.0708324,0.32785597,6.145046,29.679916,-3.088407,8.020061,44.63087,0.05135432,0.0069570155,0.6412979,0.27022597,0.030164786,2
7.1475983,0.17330551,0.02734774,0.5299192,0.052190613,0.5027228,0.119632296,0.335944,-40.0,31.449316,-27.98279,12.062193,32.812805,0.035717405,0.019738339,0.05526128,0.78422594,0.10505704,2
3.7484133,0.14467755,0.035650443,0.5960847,0.13312478,0.48176128,0.14250277,0.25457552,12.489678,30.43605,-11.679896,12.292001,49.80673,0.28216413,0.051117565,0.44256672,0.1517419,0.07240969,2
5.559798,0.1590908,0.027948061,0.5210578,0.21161652,0.20306645,0.16051981,0.19974296,-35.591656,32.112427,-20.183405,21.787792,39.581,0.04101247,0.00029964847,0.31863767,0.407815,0.23223521,2
6.0407085,0.17186762,0.023701103,0.50344306,0.10732636,0.4278351,0.12068467,0.117248274,32.68659,33.88876,-23.708612,16.845201,43.423832,0.0039873854,0.00014116341,0.38220412,0.6131861,0.00048120567,2
3.5279224,0.18539113,0.013284982,0.5054987,0.07782041,0.51766896,0.17215182,0.30741867,-3.495821,47.381126,-30.0,15.451465,50.134594,0.01240295,0.032291017,0.22068562,0.62364066,0.11097975,2
2.914992,0.2015788,0.029376538,0.79045004,0.21123007,0.58390194,0.0629344,0.30146837,-15.533745,36.29707,-22.768465,24.116886,54.903824,0.16072623,0.0068769427,0.27848312,0.53565204,0.018261656,2
2.378429,0.17165619,0.033004597,0.54188544,0.23604676,0.5127835,0.17898664,0.12003527,3.6879053,16.309715,-23.499811,18.970575,40.58682,0.044438712,0.23301211,0.58736986,0.102675065,0.032504257,2
4.0518928,0.2015466,0.026076823,0.547479,0.11961275,0.69054353,0.15845397,0.30264178,-16.220163,37.417503,-4.143133,26.465792,45.022617,0.2535445,0.06444423,0.2828137,0.3792403,0.019957267,2
6.5634775,0.22731072,0.02364766,0.15579952,0.15188378,0.35259223,0.10782513,0.32728028,-40.0,28.527458,-18.068981,19.416403,54.37599,0.10502897,0.0011365878,0.33436307,0.40059206,0.15887934,2
6.9681845,0.22234888,0.020997422,0.6604577,0.15103693,0.35259593,0.18240872,0.1,20.491146,24.727928,-13.552795,31.66174,48.6356,0.13589413,0.0011948596,0.41387224,0.32204825,0.12699051,2
6.631687,0.20506795,0.026990963,0.60361195,0.18443957,0.48600188,0.1455611,0.1956506,-6.2515883,16.839455,0.011859855,35.517284,48.281982,0.2114306,0.0039716186,0.54503906,0.20139964,0.03815911,2
1.6021675,0.20001245,0.021086166,0.59651285,0.08414973,0.5933248,0.1938644,0.44038272,1.362739,27.22276,-11.286147,21.501131,58.29227,0.19905655,0.015745362,0.25629964,0.28829768,0.24060075,2
1.2954708,0.13758916,0.021034041,0.60664946,0.1385066,0.61266226,0.09115446,0.27159214,-2.9754195,31.653112,-19.159595,17.622932,39.32687,0.5023735,0.089166686,0.17298488,0.116772756,0.11870216,2
0.5157462,0.18835732,0.026167655,0.3731535,0.08550065,0.19575611,0.09586808,0.42723465,-14.948826,36.621384,-9.958939,19.390331,60.035194,0.37572494,0.124700956,0.12566173,0.23091076,0.1430016,2
3.4620826,0.1366106,0.045069773,0.47195148,0.15726575,0.4532522,0.15748613,0.2835174,-20.105667,19.957932,-19.836615,27.266344,77.48825,0.07696318,0.004082968,0.31281516,0.5992115,0.0069271745,2
5.798724,0.22067948,0.04868104,0.77979887,0.21565154,0.55429935,0.13336496,0.34523538,13.130617,26.126562,-29.558393,25.956877,53.448837,0.32363826,0.18740632,0.4828358,0.002192881,0.003926742,2
1.3049144,0.19154327,0.039421137,0.30534384,0.15666649,0.55095494,0.058014385,0.24682398,9.222296,25.414913,-8.262468,8.0,44.69433,0.14770119,0.009268905,0.33598858,0.50685656,0.00018476867,2
2.4510448,0.2251879,0.035154413,0.3144613,0.097502716,0.50778306,0.2235048,0.22159411,-0.77995545,24.748817,-5.5225616,23.742237,32.692276,0.16825993,0.0017280496,0.31155097,0.4697955,0.04866554,2
4.939995,0.22701164,0.01449777,0.29509488,0.1897847,0.42977303,0.21759166,0.15660733,18.39094,16.175253,-13.939914,17.130896,44.091457,0.026529329,0.09879076,0.17737523,0.42482135,0.27248335,2
2.0365238,0.19764619,0.051409762,0.48780802,0.1094469,0.15,0.13957211,0.30638778,-1.3392063,20.312653,-13.306026,21.78791,54.396313,0.039195683,0.023993226,0.2510363,0.17881347,0.50696135,2
2.4289255,0.15294668,0.03313637,0.7546833,0.16367269,0.68675095,0.0956546,0.20918512,20.117811,27.161741,-16.23465,19.834455,48.63323,0.13007797,0.00018468912,0.33955392,0.2522547,0.2779287,2
6.343026,0.1,0.021204557,0.55715966,0.10117801,0.51344866,0.096787,0.20160753,26.567001,35.531017,3.4712446,17.054508,49.37898,0.093534574,0.023923954,0.49149695,0.3666789,0.024365617,2
3.0710895,0.201713,0.05149061,0.6785266,0.073573574,0.33418787,0.14933921,0.15965928,19.4859,27.794434,-9.001084,8.177662,48.706154,0.19198063,0.37989035,0.28444248,0.14367816,8.366348e-06,2
0.83921707,0.1732767,0.029212222,0.21563461,0.10201225,0.40113577,0.20182544,0.2713777,7.3884063,19.111374,-13.275918,8.736006,44.061947,0.38958162,0.10278798,0.20954284,0.04222754,0.25586003,2
3.2890465,0.21201384,0.036674056,0.38922274,0.03,0.47127572,0.26226163,0.32247028,-18.174328,27.526646,-2.313452,17.892029,49.324867,0.74697423,0.0048536207,0.031359855,0.20986363,0.0069486434,2
4.300017,0.20793109,0.027483962,0.41314828,0.08580977,0.4970229,0.114929825,0.25258565,7.982203,18.707891,-1.4137235,18.893072,40.308258,0.09088762,0.0001910543,0.027108625,0.42456642,0.4572463,2
10.513597,0.2039358,0.03454095,0.75566983,0.24706613,0.27322635,0.11219974,0.24649924,-8.532431,36.570137,-7.5617228,19.395874,51.18803,0.032064017,0.07116103,0.6210415,0.2590118,0.016721671,2
7.5572433,0.18988422,0.035490286,0.53693163,0.03,0.32108808,0.12173028,0.3764764,12.962978,43.36229,-2.3307178,21.689533,51.877865,0.12936752,0.08648221,0.70267135,0.05458528,0.026893612,2
12.0,0.11365181,0.03688064,0.5080494,0.061464556,0.5000319,0.15042925,0.15648186,29.075357,30.731607,-6.4378395,14.1048565,66.775986,0.1781586,0.32882178,0.12471038,0.10510349,0.26320574,2
0.0,0.23055202,0.040267386,0.54477537,0.22708195,0.37075442,0.08726701,0.39621606,-1.6228511,35.947086,-11.506011,10.067065,40.78109,0.27196303,0.01046782,0.5399366,0.11821868,0.059413843,2
7.1736784,0.12972055,0.031242087,0.4798741,0.09202644,0.2265664,0.061863076,0.17511414,-20.15498,23.452692,-2.0683806,26.765062,58.805813,0.08272367,0.052792083,0.51201135,0.21822558,0.13424732,2
7.6587415,0.15410951,0.031678673,0.81388277,0.11983547,0.3450296,0.11835499,0.2613171,12.625036,31.947819,-21.343662,23.771946,60.16517,0.13816342,0.077862814,0.39851213,0.3741414,0.011320267,2
3.0914578,0.16678104,0.029616956,0.8079068,0.13923384,0.4385231,0.14549513,0.29556048,-0.14993744,29.316568,-21.547102,14.943097,46.99723,0.08682744,0.0032079413,0.49929738,0.33455175,0.076115474,2
1.822753,0.18073423,0.021647474,0.68358177,0.05759009,0.24332096,0.21571292,0.33836207,27.654348,38.553688,-7.0396156,25.957907,41.99649,0.05438263,0.0065316376,0.38111544,0.5362438,0.021726502,2
5.211821,0.16723531,0.022762535,0.6666605,0.19218782,0.63619244,0.076030456,0.15786912,0.97417545,24.227106,-18.785166,12.825388,66.03722,0.013142035,0.3155102,0.44210467,0.062983975,0.16625912,2
2.0223994,0.15776902,0.027534662,0.438927,0.13397259,0.58257693,0.1864705,0.2814288,-1.265301,28.82586,-3.7831402,21.44693,34.391865,0.16148043,0.45156282,0.115678534,0.028615316,0.24266289,2
0.0,0.21210267,0.040097848,0.5858659,0.108253025,0.5499752,0.12488994,0.22681504,1.7260594,19.620333,-9.493393,21.533203,40.244694,0.08813443,0.02542882,0.5811573,0.30210724,0.0031721338,2
0.0,0.1267362,0.033766,0.21506062,0.18720056,0.45090124,0.11780084,0.33948004,5.5446606,35.2929,8.703813,15.433056,37.134735,0.097329825,0.11255983,0.61874527,0.17083037,0.00053472584,2
0.0,0.16342424,0.029254569,0.4511039,0.07346105,0.2917123,0.052407306,0.22595178,-35.669857,23.784315,-21.87958,23.34738,41.893,0.079902194,0.011745934,0.43408746,0.47425127,1.3159742e-05,2
3.6993055,0.1,0.027890498,0.28258678,0.14191978,0.33929214,0.14959575,0.13422512,-14.608983,26.615015,-2.6812155,10.796362,47.172184,0.22060578,0.21005027,0.41546616,0.14702198,0.006855818,2
5.013778,0.138763,0.020664113,0.5906672,0.08925513,0.5987733,0.14374626,0.29550198,19.926397,21.434336,-16.952393,19.699078,67.800125,0.09558025,0.0050718063,0.6408489,0.25828147,0.000217603,2
0.076121055,0.11747574,0.022809418,0.5003887,0.07721922,0.34476405,0.2433882,0.26771846,-11.73716,27.744877,-9.070141,19.722961,44.94608,0.30514085,0.00074138993,0.31535873,0.37826195,0.0004970645,2
4.450949,0.20936066,0.0312386,0.63069457,0.24012582,0.43608755,0.11709736,0.39417735,-0.5237928,35.885265,-4.7167544,12.1589775,75.24084,0.1322813,0.053919286,0.38077682,0.2554323,0.17759028,2
4.429807,0.18747172,0.030066246,0.61384386,0.14630109,0.40525177,0.2076775,0.33725902,-4.1244755,32.646664,-8.041397,24.346205,60.804527,0.0029893864,0.0012313253,0.50154495,0.47046715,0.023767201,2
4.040219,0.14764546,0.03622624,0.68432903,0.18738006,0.42120346,0.11475987,0.20842561,-12.363121,40.93415,-6.930159,27.778818,43.95279,0.27963653,0.25405985,0.2382679,0.22791685,0.000118858145,2
5.0397277,0.1,0.028268166,0.40074012,0.11400667,0.4248961,0.112913296,0.33802933,-2.899373,23.546247,-7.7870207,19.482014,44.088352,0.16730882,0.0013985585,0.62822145,0.18311465,0.01995651,2
3.646638,0.118966945,0.03453952,0.24603312,0.08854835,0.4113567,0.04597841,0.27672908,-18.390789,29.50647,-14.390988,20.486961,52.352997,0.06892175,1.03375e-05,0.09550653,0.78385395,0.05170742,2
6.9986253,0.13603951,0.017749788,0.80692565,0.03,0.3858217,0.1874889,0.31986642,-26.657017,39.78317,-3.422761,17.951906,50.915825,0.19952019,0.0031435252,0.5619376,0.19394971,0.041448973,2
4.8712897,0.16557829,0.022404311,0.43410808,0.1241503,0.40168953,0.13688812,0.21689707,3.7090387,21.003944,-2.891811,19.256718,36.02766,0.14155822,4.6674337e-05,0.5072894,0.34340167,0.00770405,2
0.0,0.21031322,0.032108717,0.5088568,0.057083674,0.4149558,0.12975809,0.24342676,29.01168,40.273224,-15.320572,16.32186,41.235138,0.09780588,0.035145767,0.12761438,0.73919535,0.00023862939,2
8.520114,0.12245229,0.030130723,0.67645293,0.14472347,0.32667145,0.11548985,0.31549212,13.448581,43.216843,-19.815939,19.95207,31.435616,0.5675344,0.0044029104,0.28395125,0.12799616,0.0161153,2
0.11765291,0.12596935,0.035901546,0.47177354,0.07536633,0.27190694,0.14177386,0.32108003,13.82454,19.58055,-9.239002,18.079096,71.10263,0.119472526,0.04516075,0.51621795,0.3169587,0.0021900977,2
2.951405,0.11296228,0.03940504,0.344134,0.16339386,0.3955638,0.09444235,0.12248028,18.97812,51.449577,-9.879805,31.321587,51.67715,0.2161105,0.08581031,0.27438116,0.31789535,0.10580266,2
10.656369,0.18011145,0.03977053,0.8331853,0.24292651,0.33496317,0.15248516,0.3105077,3.699853,27.054125,-28.019241,18.273981,46.260086,0.15474232,0.00043486146,0.679635,0.16194543,0.0032423928,2
4.469133,0.1,0.042687897,0.43340856,0.28130051,0.43207985,0.08227053,0.21085633,0.42547697,14.334208,-9.692805,13.157433,41.965942,0.067680866,0.019511228,0.42086118,0.0972467,0.39470002,2
0.53237784,0.10939281,0.044566877,0.7930151,0.1560285,0.31196916,0.12330363,0.2864148,-15.466134,19.643461,-20.010538,8.0,43.30769,0.12617294,0.25218165,0.3846469,0.18526834,0.051730167,2
4.0103035,0.19885552,0.027150175,0.571401,0.13943253,0.21290804,0.15486908,0.15420647,14.187331,28.118332,-30.0,26.840767,32.40567,0.045580614,0.09542595,0.59695333,0.25593418,0.0061059333,2
4.5670557,0.2409607,0.048396796,0.6674159,0.10494937,0.6145534,0.20038068,0.33182123,4.9877124,25.831337,-8.060244,29.886301,51.95662,0.22137953,0.03681678,0.53958726,0.20079307,0.0014233235,2
3.6034846,0.18254822,0.053114668,0.66452295,0.10092284,0.3640917,0.14049265,0.31729472,-12.387791,22.431921,-24.079302,11.583868,59.314693,0.1799743,0.0034032103,0.45090982,0.34035164,0.025361015,2
1.4796886,0.16743943,0.019580744,0.45491442,0.09406913,0.17314877,0.19483231,0.2122253,-5.668879,18.369673,0.90054584,24.061655,68.80871,0.22488682,3.1751504e-05,0.65346366,0.1183738,0.0032439965,2
0.0,0.26,0.025290122,0.6068704,0.21412736,0.5291943,0.12937239,0.29812378,-20.27728,16.88272,-4.1445603,23.478136,59.515175,0.14890054,0.40301517,0.3063642,0.13745464,0.004265449,2
0.0,0.15913624,0.03288149,0.812983,0.12040212,0.38095826,0.08324475,0.26742068,9.454612,44.405727,-9.529308,19.875044,58.980625,0.007452579,0.0070027984,0.40692362,0.57568794,0.0029330517,2
0.66202193,0.1592691,0.031856414,0.7150971,0.24801548,0.43183202,0.23407972,0.31234002,27.806509,32.733524,1.9193999,11.953422,63.993362,0.04487315,0.019908326,0.22429568,0.54857284,0.16235,2
6.884764,0.1585433,0.016507737,0.690618,0.093561806,0.45406228,0.12422217,0.17312908,-20.332575,38.560337,-2.3515882,23.313147,48.13006,9.7933025e-06,0.18949348,0.7550193,0.036195796,0.019281652,2
0.0,0.24002618,0.022402752,0.62049115,0.13295713,0.55042094,0.17733935,0.18512437,18.810444,21.118076,-20.928843,28.999289,33.905483,0.09206851,0.34199587,0.23909518,0.20097509,0.12586538,2
3.4672418,0.20155859,0.03173412,0.5023726,0.07658554,0.4657042,0.0989621,0.21877234,21.76429,25.997763,-1.8676823,29.61838,59.335545,0.09197757,0.27211854,0.6248534,0.0049248612,0.006125695,2
7.1950026,0.20113495,0.028258597,0.3891265,0.16661389,0.26096857,0.15603717,0.26640928,-20.932755,20.422985,-18.840603,23.41659,41.428448,0.3774156,0.00035882342,0.0719415,0.5433332,0.0069509265,2
4.952291,0.19306248,0.03496766,0.75676066,0.12985805,0.2854919,0.14722627,0.38422355,-37.214344,25.0809,-2.8041558,25.882593,48.920204,0.0956405,0.06487097,0.7232818,0.1024309,0.013775817,2
7.2641654,0.16173351,0.045646004,0.432285,0.13832699,0.25665143,0.12999062,0.2820636,1.1322764,39.1557,-16.196287,8.0,37.862797,0.2619184,0.031598765,0.41455275,0.0687212,0.22320889,2
1.2409668,0.16707285,0.020043528,0.4444937,0.12450613,0.3693592,0.23145194,0.33617663,-3.1269255,25.681131,-24.608831,24.042545,63.84261,0.07809774,0.059882037,0.18945919,0.6722997,0.00026133482,2
4.88443,0.14141685,0.048513524,0.52035457,0.16783224,0.47578582,0.15143766,0.20865318,-3.9641643,28.665863,-7.7333198,24.143908,60.200535,0.36695763,0.010133772,0.493311,0.10467479,0.024922809,2
6.452724,0.16415477,0.045049403,0.29805407,0.17352362,0.33158198,0.11144787,0.22993332,20.27986,23.56784,-16.816525,17.53567,33.17207,0.46780932,0.00070019625,0.32489285,0.19036165,0.016235987,2
5.823515,0.19130373,0.016193263,0.46188468,0.18155284,0.34768832,0.20870195,0.22268641,-6.3356667,36.551964,-1.1967832,20.453722,51.21945,0.14239165,0.06781541,0.38970363,0.38736495,0.012724348,2
5.669725,0.17218134,0.020449676,0.40454537,0.092965335,0.34270638,0.039434932,0.25612196,40.0,24.514069,1.0652198,16.139986,62.49006,0.13613582,0.0006448889,0.82928234,0.031501353,0.0024355757,2
0.0,0.21236981,0.026769228,0.3023247,0.15604845,0.35899115,0.0570965,0.31666228,-27.644361,41.042824,-29.2762,8.971452,48.479473,0.08169565,0.042683035,0.5418397,0.33376414,1.7436221e-05,2
5.001187,0.19050086,0.022372635,0.3294044,0.11513006,0.5108289,0.1740023,0.24650621,-15.612636,26.49085,-12.004568,24.148825,49.82109,0.06983003,0.008791144,0.16482125,0.55387825,0.20267934,2
4.463267,0.18759288,0.0346559,0.5124908,0.20643005,0.39503205,0.14133741,0.2488064,-15.705962,51.80783,-5.4961452,33.080505,61.60064,0.39599735,0.13396196,0.25672343,0.2053341,0.007983181,2
2.5490146,0.14528568,0.035079878,0.67001796,0.15236868,0.5628566,0.10267955,0.31065443,-3.3714867,40.781303,-10.7478895,13.751419,46.82343,0.0445238,0.0069513633,0.21919519,0.69608784,0.03324178,2
1.1852466,0.13094017,0.031132204,0.50270784,0.15501158,0.36640048,0.1496115,0.23453245,25.5671,29.528606,-10.540437,20.395384,48.970985,0.17749105,0.14902762,0.31787434,0.05640265,0.29920435,2
4.351334,0.13494807,0.032992043,0.3521929,0.12615946,0.4340163,0.18331897,0.21580201,-20.103035,30.615246,-9.299523,10.577449,59.428627,0.19531769,0.0034597903,0.44155517,0.20319563,0.15647171,2
0.03799436,0.2235142,0.02892904,0.4174441,0.09932587,0.4074205,0.07716522,0.24651499,-16.263319,42.33661,-28.01747,21.473114,37.91645,0.052753553,0.05229971,0.42089796,0.31081113,0.16323765,2
1.7061005,0.11091416,0.033173155,0.56759274,0.14367248,0.465422,0.12562193,0.3977489,-11.424638,32.93265,3.977552,15.419721,41.798553,0.25539777,0.106369466,0.09788852,0.4765122,0.06383206,2
5.8264194,0.18759558,0.04530255,0.68828,0.20124471,0.495245,0.13192481,0.33164108,-1.6160758,35.398823,-5.38873,18.900148,29.470716,0.21651046,0.042129703,0.45337024,0.101688124,0.18630147,2
6.126008,0.18761754,0.010905146,0.6601359,0.101527125,0.43460122,0.14531292,0.40283996,2.9087858,49.02707,-18.502039,26.835777,74.09438,0.03008543,0.007925823,0.22842851,0.4450634,0.28849682,2
4.4462757,0.15262985,0.030143257,0.5523914,0.20598939,0.75,0.16221169,0.17883271,-7.023811,31.85757,-19.489794,21.957417,51.41166,0.49247468,2.0556468e-05,0.17368513,0.33237675,0.0014428871,2
1.6206207,0.17856383,0.033718113,0.74367505,0.16846836,0.6151658,0.031599674,0.29730546,-23.199396,14.0,-3.3348951,19.079205,62.602604,0.01891586,0.041670248,0.7865246,0.14454444,0.008344863,2
0.0,0.18684936,0.029209988,0.43694437,0.038487103,0.36746752,0.15680869,0.24392906,-1.750747,31.55335,-9.37665,13.401249,35.68533,0.022460425,0.14469835,0.34649405,0.27592194,0.21042524,2
0.66168565,0.13379419,0.032502837,0.34003186,0.09421914,0.5945719,0.03456977,0.24811938,25.803776,40.554306,-8.360133,24.78555,64.87041,0.11490789,0.03280264,0.42229733,0.40899953,0.020992627,2
6.8568277,0.14842251,0.03959004,0.47351384,0.25441933,0.58156544,0.12814924,0.16215351,16.478151,32.83104,-6.4574103,12.135839,46.467163,0.091841914,0.00014665963,0.38899544,0.50227326,0.016742714,2
3.5836256,0.17463635,0.025870187,0.70560336,0.13393135,0.27864668,0.077237405,0.36101383,-8.224441,19.577341,-9.723116,29.239079,66.52231,0.05355973,0.10117311,0.658122,0.15675548,0.030389681,2
2.6942325,0.17586821,0.04767172,0.6214062,0.09479935,0.18266751,0.13982937,0.15644476,1.2861937,29.233778,-30.0,20.732477,47.58329,0.1955149,0.3003232,0.12227237,0.38163114,0.0002583918,2
3.4903977,0.12312314,0.018121317,0.68004024,0.096394815,0.46244976,0.16328087,0.33226925,8.98746,43.355297,-16.095179,12.743831,36.992012,0.047241166,0.58920145,0.16866758,0.161332,0.03355781,2
5.053687,0.18013182,0.034964193,0.50320935,0.13319775,0.42074686,0.13285917,0.242414,15.929601,17.232357,-6.4114013,9.382698,63.04015,0.14469847,5.2275946e-06,0.79272515,0.029354349,0.033216793,2
0.0,0.18164648,0.029891595,0.5384817,0.18590638,0.15,0.09734133,0.20621884,27.62166,14.514035,-5.5539727,17.675705,50.715054,0.380817,0.069346406,0.15158013,0.1204712,0.27778524,2
1.5409205,0.21663195,0.032079194,0.48508492,0.1231157,0.45216238,0.06420465,0.20312773,4.8348293,22.46557,-16.739883,17.474083,35.929283,0.21664582,0.0059996196,0.18117133,0.3031006,0.29308262,2
4.9381986,0.17579146,0.03609121,0.38798815,0.10122388,0.442452,0.12815121,0.27350792,-21.106142,40.31849,-12.356522,23.181923,30.260323,0.12000484,0.19109474,0.2966548,0.36875293,0.023492673,2
3.7193296,0.1605215,0.02505478,0.522675,0.03,0.3638149,0.10964503,0.2443571,-27.549246,14.0,-0.3667882,12.80618,54.981323,0.5233323,0.09898934,0.19663621,0.114181116,0.06686104,2
6.318336,0.20734887,0.03881863,0.48410067,0.09450656,0.6262482,0.14682485,0.2703163,10.8515415,31.087927,2.0578947,25.503244,49.667908,0.07381888,0.24883386,0.53385216,0.14127028,0.0022248318,2
5.2602024,0.2212021,0.04580033,0.44515106,0.10508658,0.41003326,0.10846749,0.13100041,-26.054369,34.466507,-8.69124,8.0,52.471283,0.30449587,0.009207845,0.22796279,0.302353,0.15598051,2
0.6837888,0.12125221,0.02768026,0.60854125,0.15607092,0.38952583,0.20010678,0.12545678,14.683366,30.015736,-3.1126182,20.572472,52.805866,0.14319983,0.0036756713,0.63630414,0.18407579,0.032744575,2
0.0,0.15563375,0.025858156,0.53699744,0.1602754,0.43693057,0.13233423,0.14254816,-10.7338505,16.671268,-8.445005,14.930798,48.289276,0.025181755,0.06702787,0.58282,0.16082923,0.16414112,2
3.6128407,0.1,0.04012284,0.7204867,0.2119415,0.27335396,0.17597169,0.3261636,-21.873684,31.17668,-4.9417343,20.645899,54.55889,0.30908662,0.005633406,0.10762795,0.2660845,0.31156752,2
0.0,0.13806055,0.037859242,0.38783532,0.08048114,0.32697225,0.10504481,0.37137696,9.238645,20.189966,-12.097997,28.431059,58.65135,0.005945378,0.23763524,0.455561,0.2761801,0.02467827,2
4.522794,0.23587619,0.017474959,0.45680276,0.14667432,0.15,0.16675302,0.25154525,-18.413465,31.311386,-18.021044,26.32897,48.21662,0.09380027,0.00360711,0.7032249,0.18746665,0.011901045,2
7.771463,0.13349149,0.034420967,0.25223008,0.1480271,0.48323953,0.16119625,0.32208553,8.498135,21.983208,6.5009274,22.335798,56.23083,0.056237396,0.20726684,0.15469411,0.56637883,0.015422828,2
0.0,0.19503227,0.036203224,0.36905357,0.09000266,0.5468233,0.09596575,0.29426652,3.28738,32.986317,5.9966516,29.299355,56.870358,0.077708274,0.024900874,0.6801259,0.20424801,0.013016921,2
4.939372,0.19278912,0.029561777,0.6121417,0.18564321,0.47074273,0.055126365,0.3518205,-34.225834,29.552639,-11.721298,29.585037,62.8368,0.390784,0.04283914,0.45085084,0.11311054,0.0024154836,2
5.6107197,0.15301862,0.042004384,0.6398231,0.2252117,0.46141,0.19341297,0.35436678,25.490448,18.627762,-8.036583,30.74995,24.0,0.21785094,0.07505801,0.25130394,0.0825866,0.3732005,2
4.0371466,0.15819162,0.017166935,0.6217388,0.1411924,0.42597017,0.10900298,0.18346626,23.286285,34.972332,-10.284195,15.742414,44.842525,0.3503058,0.16348039,0.36208874,0.11323827,0.010886797,2
3.983652,0.23205385,0.0127981175,0.7125162,0.116128996,0.6168179,0.09769491,0.28348315,17.128304,28.678675,-11.466551,25.21611,56.61201,0.26315117,4.2926156e-05,0.63004893,0.10659128,0.00016565323,2
0.0,0.21409498,0.03851924,0.5994835,0.21469387,0.41779977,0.11498381,0.32996738,17.511793,32.8621,-11.035394,25.365568,75.14797,0.63952374,0.00030014093,0.20280701,0.14530717,0.0120619545,2
3.1966214,0.26,0.023496237,0.52768147,0.16183592,0.5427851,0.082664415,0.33024722,-13.116666,31.763304,-0.26112086,20.057987,64.174736,0.17427398,0.19908564,0.42334935,0.2032903,7.2551046e-07,2
2.9739697,0.1,0.029722748,0.6186553,0.079245836,0.5305391,0.16150054,0.32367855,20.864782,39.016396,-22.679876,27.231195,64.42998,0.17848705,0.09107214,0.31079563,0.32770973,0.09193542,2
6.149186,0.19771506,0.020936033,0.40480545,0.13030575,0.26982108,0.12955177,0.26770622,13.643887,35.177876,-18.100533,20.251669,81.88824,0.25483912,0.05783822,0.22413453,0.43824634,0.024941776,2
5.8798394,0.1,0.036818467,0.27242666,0.12190017,0.51362556,0.13261726,0.31735262,-37.65817,33.637672,-2.6572094,9.572895,48.977768,0.22568843,0.00013035792,0.6103703,0.113708384,0.05010257,2
1.4689685,0.17468207,0.032726355,0.4600531,0.097708344,0.30104974,0.18692039,0.17055842,-17.37793,14.0,-10.130879,28.886541,74.85458,0.075838,0.51315725,0.2516618,0.1564965,0.0028464668,2
0.0,0.167328,0.02893903,0.47789708,0.100039475,0.36745188,0.13498776,0.17398958,-13.6436615,26.059362,0.96110326,15.715923,58.197807,0.06358127,0.008170639,0.28876954,0.6394705,8.056068e-06,2
0.0,0.13030638,0.02012271,0.53589755,0.10652862,0.4131675,0.20877843,0.37559974,26.600113,14.0,-10.892494,8.0,38.239536,0.25709543,0.008931058,0.5441163,0.06690755,0.122949615,2
7.226153,0.15193449,0.028718077,0.39954135,0.18053535,0.585153,0.12900978,0.34618887,-17.384651,16.484406,-8.041303,42.0,29.479334,0.16571149,0.010436498,0.48706377,0.33678746,7.772953e-07,2
2.7681284,0.16413715,0.032669555,0.4290783,0.1252819,0.34894994,0.05470569,0.3807873,-10.559324,39.39755,-13.65456,12.42638,47.280922,0.20995595,0.0005214457,0.39447662,0.30911812,0.085927896,2
0.0,0.19359255,0.02574563,0.6376606,0.14430165,0.47463596,0.085671075,0.25923616,-23.112022,24.739454,1.9299921,24.472391,57.936,0.20209375,0.010017292,0.63352245,0.14620584,0.008160671,2
0.0,0.1302379,0.026018944,0.33674935,0.18837863,0.24763714,0.09363499,0.20156322,-8.595364,39.18492,-2.8856444,12.585264,46.81668,0.31952846,0.3097725,0.33765405,0.024710232,0.0083347745,2
3.6923997,0.14658678,0.030083038,0.5051239,0.12505865,0.4124765,0.13563904,0.25691494,18.619091,21.801971,-22.872168,17.035276,51.41249,0.12489964,0.15116026,0.04164707,0.6643218,0.017971272,2
3.3628795,0.19686651,0.03539029,0.4269286,0.07986646,0.37756494,0.20610425,0.40565982,-25.62058,27.63202,-5.364604,15.104799,73.004166,0.0219177,0.00047383195,0.3157672,0.51316595,0.14867528,2
7.9676824,0.20484398,0.033391543,0.26670742,0.18720943,0.58633375,0.13943195,0.21130429,8.493211,30.210428,-1.2271899,13.027037,50.548485,0.075637594,1.1981623e-06,0.3176969,0.35726684,0.24939746,2
2.759373,0.26,0.039408624,0.45898396,0.1209782,0.34502694,0.11857183,0.2578594,-15.785065,42.795444,-11.924503,26.070597,73.572975,0.2921026,0.0025707423,0.2163074,0.35281357,0.13620569,2
4.1585207,0.182769,0.029282272,0.38564134,0.22908296,0.2474175,0.11483943,0.35524023,33.904045,37.902924,-4.612263,35.898994,59.284454,0.13846864,0.02966671,0.6945348,0.12793982,0.009390051,2
2.8742504,0.20137104,0.03810331,0.45728177,0.19043642,0.3832606,0.15727226,0.275633,2.0683208,24.419683,1.4399569,20.040688,62.78821,0.033972867,0.0065597016,0.3756412,0.5715526,0.012273657,2
5.4567947,0.16706362,0.020672953,0.5323317,0.16646379,0.36121747,0.15077421,0.24285167,-1.5132176,24.477364,-12.555772,8.0,47.298653,0.031551648,0.016918372,0.5903605,0.29823658,0.0629329,2
8.280171,0.23213358,0.03318592,0.19407788,0.15131725,0.46449494,0.16988505,0.32288843,-10.456346,30.629543,-8.131136,12.683286,49.117504,0.16270347,0.35885638,0.120967746,0.27900583,0.07846656,2
5.833337,0.13872571,0.032760173,0.67512167,0.19613257,0.5938569,0.09481555,0.23661168,3.86912,50.43535,-16.339428,14.151404,50.205288,0.01598501,0.010697337,0.8299548,0.0996848,0.04367804,2
8.913081,0.1733469,0.0488606,0.85,0.15246396,0.3951746,0.24254097,0.3034124,-26.476547,29.71075,-6.188434,20.707325,48.947865,0.004064718,0.04535796,0.494603,0.26464504,0.19132929,2
4.622866,0.18606819,0.024638768,0.37879515,0.03142176,0.47946554,0.112774506,0.10100485,1.7526442,21.646105,-20.963762,17.086021,57.809376,0.030877281,0.3765185,0.42215806,0.15997376,0.010472442,2
0.0,0.19556355,0.02039178,0.4319888,0.1349138,0.4237524,0.0982326,0.1474034,-10.562084,22.086178,-4.856122,34.809265,65.48951,0.26138002,0.06459167,0.31624836,0.30917037,0.04860959,2
0.5279265,0.21346745,0.02383781,0.39718878,0.1685809,0.49579436,0.18973221,0.25364152,-11.342023,27.422928,3.8584154,19.320084,79.55157,0.18729807,0.006355494,0.41675842,0.37841973,0.011168271,2
5.4625688,0.16788022,0.024943026,0.35791564,0.08979341,0.31851548,0.17512661,0.36339658,37.07515,31.952225,-20.321907,25.648483,41.612576,0.04441104,0.26026282,0.10262732,0.58449006,0.008208751,2
2.276164,0.21172473,0.033279262,0.8191593,0.26961386,0.4330776,0.09780724,0.25852945,25.270752,20.945332,1.8885098,18.803167,49.982956,0.3305906,0.022313036,0.52116084,0.09468385,0.031251673,2
3.0055456,0.11943497,0.019915614,0.4735973,0.13267688,0.54921836,0.16389212,0.26635084,26.284533,37.64377,-11.633557,19.713572,61.93731,0.04170089,0.10842276,0.6542537,0.14617832,0.049444277,2
0.5695969,0.18609425,0.03276355,0.6245336,0.16808563,0.34447494,0.10869903,0.28748414,15.304734,23.205994,-17.703852,17.48554,50.737915,0.46038455,0.049985204,0.44133827,0.04823615,5.5818906e-05,2
7.333286,0.10050819,0.030273935,0.69679177,0.19861263,0.4150335,0.15094526,0.24118325,7.3444777,40.79602,-13.36494,19.962112,34.45139,0.037644662,1.6294399e-07,0.6488847,0.086101055,0.22736943,2
7.5942674,0.16696864,0.037315622,0.6771556,0.17020978,0.42757398,0.14173315,0.1573611,26.419662,31.449915,-10.932326,16.525482,59.538235,0.2344945,0.36560592,0.12757552,0.2586238,0.013700258,2
2.3130176,0.26,0.03495403,0.6884575,0.13466793,0.2578026,0.25728762,0.31820735,5.906013,26.122566,-15.181193,20.259743,40.362274,0.10127453,0.2605737,0.37632185,0.056211416,0.20561852,2
2.3423266,0.18665446,0.036626,0.32285118,0.16003755,0.52233434,0.19951685,0.2886072,11.129199,14.0,0.16625218,16.108152,52.354286,0.1140879,0.22416775,0.44979572,0.17249297,0.03945565,2
6.826271,0.15692583,0.033929214,0.6572186,0.13033974,0.3673828,0.18333052,0.29399225,24.962942,25.946783,-13.9666395,35.878788,70.647606,0.09076539,0.0031223285,0.25416532,0.044984948,0.606962,2
6.138264,0.19659434,0.039342396,0.46230787,0.13528414,0.4301718,0.16827805,0.19199042,14.690287,29.307253,-8.048328,22.751307,58.467937,0.16404542,3.4191307e-05,0.32027572,0.49187255,0.023772107,2
0.0,0.17410882,0.018075338,0.7667762,0.082634486,0.50945616,0.06733325,0.376856,7.9815454,29.708529,9.968922,24.055557,57.565395,0.16408236,0.3736431,0.3646804,0.09666856,0.00092557166,2
5.0384636,0.13100852,0.018355273,0.38783437,0.12699127,0.52161,0.13925105,0.23993324,14.321538,34.58777,-12.937081,18.81431,67.91507,0.17671023,0.11671299,0.14076641,0.5341487,0.031661674,2
4.487397,0.102216765,0.02983535,0.34101146,0.07985576,0.29313335,0.10805518,0.3701317,1.9980494,25.803177,-16.086597,9.672345,48.509075,0.011891665,0.0016430996,0.1345319,0.19863835,0.653295,2
3.5600126,0.17550386,0.03067453,0.51224476,0.13975927,0.4855071,0.12743497,0.12232497,9.141721,34.706657,-15.022396,10.553604,54.1075,0.09623912,0.15498857,0.66748923,0.044665202,0.03661788,2
0.36719736,0.16821906,0.02180776,0.60852766,0.119648114,0.5539245,0.13429852,0.2401509,10.873715,21.130678,-0.07830162,18.78053,47.862957,0.050597053,0.13400388,0.4132768,0.17026295,0.23185931,2
0.43254736,0.1658481,0.034481708,0.24302325,0.16508384,0.35704556,0.04425859,0.37660322,-22.220459,38.369667,-12.193406,18.549257,59.429214,0.22760905,0.0016589799,0.40548486,0.36283612,0.0024109823,2
0.0,0.20975594,0.019565077,0.45054427,0.06522045,0.5311738,0.115806624,0.26003554,-13.254014,38.496494,-8.645242,22.734814,34.021584,0.3589088,0.014130867,0.5139234,0.09064205,0.022394855,2
1.0307418,0.23168454,0.027855745,0.3468302,0.093585074,0.48546162,0.13635302,0.1,13.102432,32.364933,-18.288816,21.298647,39.350227,0.39970842,0.23091315,0.16553704,0.096103534,0.10773786,2
0.0,0.2057905,0.029856212,0.6498627,0.093988106,0.49516886,0.17626883,0.20280616,2.3727171,36.34651,-14.275834,16.706535,50.396076,0.02960175,0.021273337,0.29096976,0.43385553,0.22429962,2
1.3773296,0.16337597,0.034576647,0.42643404,0.13926464,0.53975147,0.09081823,0.28962287,-0.31814474,26.767626,-1.6816119,38.553978,57.23965,0.14025475,8.664183e-05,0.10553761,0.44745502,0.306666,2
4.206482,0.18216878,0.025967563,0.68021804,0.12774852,0.33015555,0.0904829,0.37049258,5.2836447,27.886118,-25.931461,22.433332,72.845314,0.20977996,0.0882618,0.613013,0.08894022,5.022593e-06,2
0.0,0.22131939,0.039724622,0.4038024,0.19482821,0.3230154,0.0871655,0.24986373,-35.68897,27.347702,-29.124163,16.90904,39.277214,0.06834632,1.784388e-08,0.7074054,0.2054346,0.018813685,2
6.9957685,0.21245752,0.043441545,0.55683666,0.14209114,0.5759702,0.11409282,0.34667796,-3.0496135,41.197243,-16.381294,17.36872,49.228107,0.37671006,0.048596334,0.087818,0.47285083,0.01402477,2
8.867813,0.20037253,0.042303916,0.3041112,0.14000522,0.39975736,0.073616296,0.2976452,-2.8949296,31.307337,-15.393864,25.048895,53.06425,0.01574005,0.24165815,0.2721298,0.43525782,0.035214193,2
3.7107546,0.15795009,0.044462655,0.49486324,0.08724222,0.26308304,0.19634409,0.24117026,3.2400768,22.620201,-14.10178,18.42858,36.201378,0.20640576,5.025392e-05,0.169053,0.5338733,0.090617694,2
4.825649,0.22148049,0.038528856,0.346893,0.12555899,0.4183574,0.16879545,0.3250918,15.389086,28.98201,-13.832819,26.670994,41.01344,0.30159876,0.005304291,0.5498549,0.091250554,0.051991522,2
0.0,0.23381267,0.034921467,0.74042886,0.07327747,0.42512694,0.2657529,0.33723286,-6.5739746,25.236652,-11.314174,19.39633,28.454752,0.14363569,0.25693434,0.2781271,0.32108003,0.00022281852,2
3.5502195,0.21280007,0.024006315,0.6722619,0.1646849,0.46757194,0.10342922,0.24988097,24.197468,31.123192,-15.568417,17.30128,56.647675,0.04010169,0.09043398,0.36386934,0.4807511,0.024843877,2
0.0,0.26,0.025487036,0.5436505,0.18153968,0.39205408,0.17302412,0.2196394,-17.522112,28.036545,2.1555307,9.93554,40.341736,0.24850678,0.012777116,0.6514969,0.01475867,0.072460525,2
0.0,0.20995696,0.0375903,0.664773,0.0646181,0.646808,0.06932479,0.15680067,12.487712,17.336386,-3.216379,27.273386,64.72865,0.3150863,0.079094805,0.5022863,0.095968604,0.007563989,2
0.0,0.22589444,0.015752641,0.43618354,0.14222339,0.3308301,0.20347722,0.29924363,-9.343048,19.868608,-12.645824,12.394996,55.02441,0.28199065,0.00049016235,0.6027878,0.08535511,0.029376274,2
2.5369275,0.20562793,0.040588558,0.6029214,0.13477528,0.2053899,0.11927177,0.22965702,21.020758,26.178894,-2.3509972,25.252375,47.691387,0.18404579,0.0019035523,0.38315555,0.42208597,0.008809153,2
2.8779275,0.17481622,0.025150351,0.49925572,0.20021293,0.26224756,0.1257874,0.30656147,3.975508,41.941666,-30.0,15.817933,40.996338,0.266078,0.00065449765,0.22191975,0.499489,0.011858772,2
2.781599,0.13295746,0.025727205,0.58849835,0.09001893,0.34989554,0.19377181,0.29049286,-21.709757,14.0,-8.088553,26.022774,54.608273,0.0420056,0.015960183,0.30897078,0.6312473,0.0018161576,2
0.0,0.14922912,0.036207043,0.52967227,0.102009326,0.4953271,0.1907289,0.29465064,1.8586146,33.128872,-2.875732,28.982391,46.94567,0.00956454,0.0040013446,0.43232006,0.4918612,0.062252883,2
3.3184562,0.14964345,0.032243416,0.50280684,0.15320018,0.41354436,0.08100177,0.25850266,7.210436,44.023693,-17.110146,14.7272835,56.472233,0.053516146,0.04996346,0.3239205,0.45741567,0.11518424,2
0.9138628,0.1316439,0.026643787,0.23971564,0.11560723,0.47972283,0.124699384,0.1807129,4.057765,38.688396,-6.147881,14.1167,63.85754,0.05200268,0.1636196,0.53853965,0.24490969,0.0009283886,2
3.3861024,0.16853413,0.02271472,0.41438025,0.11823283,0.35754982,0.20124644,0.30309483,5.9196043,29.772667,-17.791597,35.52887,40.889668,0.33322948,0.059876636,0.28783014,0.3180456,0.0010181502,2
2.2920792,0.18012933,0.017989663,0.7834452,0.11731014,0.4873463,0.111604124,0.32865912,-4.048168,27.955227,-8.111532,23.211828,44.799328,0.21629183,1.4523666e-05,0.1429253,0.640415,0.0003533408,2
0.0,0.22765468,0.012694643,0.4939752,0.16612904,0.24783345,0.14529687,0.43275675,-10.0643425,35.769146,-24.533407,25.057735,65.35215,0.016337208,0.08175403,0.74696475,0.15277174,0.0021722391,2
0.96191883,0.13179156,0.04170527,0.40430626,0.19680594,0.45692778,0.15690273,0.2284226,-29.590002,43.57312,-2.4397259,10.531547,66.687004,0.12949322,0.0003609268,0.4910922,0.37701195,0.0020417096,2
4.6327815,0.21567659,0.028267486,0.5187681,0.13587701,0.5094186,0.20044737,0.19668719,10.493708,36.46297,-11.435129,12.873607,38.418396,0.17609608,0.00045090847,0.2816441,0.23094939,0.3108595,2
5.5160108,0.19072603,0.022889884,0.28307042,0.12646666,0.32691097,0.16338916,0.18827793,9.138343,31.671398,-9.145668,21.482046,39.931503,0.19031456,0.13034548,0.07189724,0.59624356,0.011199164,2
0.0,0.19506086,0.036012154,0.44066694,0.17322053,0.63928765,0.11782598,0.26649883,34.380848,40.892044,-12.18613,17.342777,39.804054,0.43653184,0.016289093,0.2555589,0.24466176,0.04695837,2
0.70758444,0.17615226,0.023765787,0.53975606,0.15033337,0.21246308,0.031829726,0.32619303,-0.7460055,31.604343,-0.6220735,12.967235,52.853794,0.19603267,0.36563647,0.23356931,0.18492286,0.019838687,2
1.6582247,0.26,0.023922244,0.5858424,0.14794089,0.52162945,0.16517721,0.33236012,4.9953094,30.829706,-8.947179,21.953623,33.30403,0.29134637,0.08654357,0.20776916,0.3533369,0.061004005,2
6.5145707,0.14855035,0.039517455,0.5637776,0.19668272,0.53770214,0.1386178,0.37982142,2.717645,35.71419,-2.0390348,8.042192,50.402668,0.30578065,0.090191536,0.55934954,0.039453313,0.005224979,2
4.407452,0.15766603,0.03593224,0.7388691,0.086665146,0.33359465,0.21879336,0.29698032,15.594952,24.256918,-16.903322,22.124313,49.51891,0.024767775,0.25813198,0.42805362,0.2233829,0.065663725,2
0.0,0.18470924,0.031465244,0.410861,0.12683661,0.47540286,0.15878741,0.18603453,-9.258746,56.91708,-5.8138657,13.696236,42.62891,0.2830915,0.0034338287,0.65634394,0.05225505,0.00487572,2
4.476298,0.19582362,0.025566196,0.2864581,0.09095644,0.33430398,0.10166793,0.28678668,2.7111092,31.421526,4.2626905,24.960255,51.079582,0.39533284,0.049088374,0.34546188,0.18919201,0.020924876,2
6.806232,0.18899654,0.03186871,0.4579156,0.11318227,0.47252765,0.067684375,0.12306032,0.49008578,28.336798,4.693177,20.708118,51.05997,0.17739768,0.16436961,0.6273866,0.030652206,0.00019390279,2
3.6492033,0.17800246,0.034643896,0.42702872,0.07625516,0.41061547,0.121375285,0.24575715,13.384079,37.59792,-30.0,23.69564,45.71443,0.17400545,0.0049472493,0.13049082,0.685784,0.0047725155,2
0.67497206,0.20105682,0.032064464,0.5396221,0.12109186,0.43738997,0.14813913,0.24028194,39.991627,39.867306,-9.850272,29.37898,70.173386,0.48276946,0.001093914,0.45876697,0.057340417,2.9237744e-05,2
5.5445404,0.20406465,0.039715204,0.4683828,0.15850645,0.3670723,0.1352354,0.302208,5.957539,23.837461,-26.24538,15.326454,45.10929,0.28147575,0.19279456,0.12975436,0.3488814,0.04709395,2
3.5549662,0.17845567,0.021989446,0.5331279,0.03,0.36771303,0.06689389,0.30078816,-26.005056,14.618196,-15.364851,13.148247,50.505016,0.46460953,0.033883817,0.36429518,0.11149604,0.025715424,2
2.2509737,0.25346965,0.027935226,0.52703613,0.123678245,0.34441823,0.03,0.21824281,-21.098196,27.022095,-16.966034,28.410505,42.773495,0.1251056,0.25754064,0.4636235,0.12939644,0.024333823,2
5.67933,0.19766527,0.03445547,0.64433825,0.13550924,0.51433986,0.08215103,0.22032021,18.992907,32.562084,-5.453182,31.848858,61.64064,0.1750047,0.00015698526,0.09956315,0.4730952,0.25217995,2
2.9882834,0.16897821,0.02541862,0.5094634,0.12621985,0.63740665,0.03,0.27451172,-29.950058,23.325403,-12.879078,28.969893,36.391457,0.10115072,0.003448227,0.7013875,0.06124784,0.1327657,2
3.242059,0.2297381,0.037622683,0.5421767,0.056216773,0.7105061,0.080921106,0.30335018,5.696792,29.771969,-18.897839,8.0,51.78272,0.00086145685,0.0030204526,0.23954168,0.53710675,0.21946968,2
5.5805964,0.1,0.040742066,0.77864254,0.18777871,0.5495218,0.14207444,0.32149643,-13.151545,28.84629,-6.193165,24.214087,39.11587,0.18069069,0.08802278,0.5790304,0.15174901,0.0005070807,2
1.497085,0.13499139,0.030474633,0.2658012,0.18712363,0.43670496,0.20230503,0.2359991,40.0,15.277545,-21.878517,13.461235,29.421299,0.32213745,0.54187375,0.050657686,0.04134093,0.04399021,2
0.0,0.17184249,0.03306254,0.5387825,0.19717559,0.55703604,0.03,0.26655954,-21.820492,35.95079,-19.232475,26.271011,41.968468,0.03518491,5.6113917e-05,0.9238122,0.03634767,0.0045991093,2
3.975752,0.13288288,0.028330075,0.49398753,0.112077855,0.47959682,0.07873657,0.19707768,-11.91492,38.084354,-15.328292,18.230446,42.37958,0.09564251,0.2766819,0.35893866,0.19867112,0.070065804,2
7.67048,0.21213245,0.027658723,0.51848567,0.14862284,0.39632362,0.1497659,0.19799477,14.064141,31.771269,-13.519336,17.647284,56.448532,0.32716188,0.20780236,0.099384345,0.30539438,0.06025702,2
0.0,0.21077037,0.040266655,0.5983039,0.1035195,0.6742962,0.10747239,0.1346829,-4.1724033,33.492065,-9.742534,17.25133,39.849003,0.33651787,0.0010797152,0.39446086,0.26753673,0.0004048378,2
5.200176,0.24524423,0.023310652,0.38618734,0.0863803,0.555074,0.13813132,0.22571298,-12.945534,24.120567,-9.621027,15.800818,25.102007,0.41000512,0.21988906,0.2413635,0.1257232,0.003019119,2
3.1043358,0.15689524,0.036613975,0.4256715,0.08375789,0.3487224,0.14886107,0.3595197,-17.379053,28.924593,-17.735048,11.046161,26.142216,0.082972586,0.03437515,0.18416934,0.3812558,0.31722713,2
1.3975841,0.20269993,0.02605695,0.62136626,0.15003215,0.55355936,0.10940938,0.36918512,-11.824283,36.055134,-9.145856,17.322088,51.952194,0.33155048,0.07289459,0.3613631,0.1176041,0.11658774,2
1.0610082,0.23118952,0.023235768,0.48787433,0.18179771,0.5073032,0.19023459,0.3097175,-16.312323,17.69884,-10.736839,20.918894,55.614285,0.28343803,0.104549706,0.41799235,0.14138001,0.052639887,2
5.7088785,0.18650153,0.03806393,0.36726922,0.20431778,0.3257382,0.25144893,0.34039208,-0.22836778,20.801847,-11.494726,30.467073,52.106915,0.071394734,0.001250789,0.4878952,0.29536077,0.14409852,2
5.0396514,0.21943538,0.035571232,0.6291887,0.13752274,0.4472668,0.07664009,0.32670057,34.651947,17.167461,-26.946032,23.585339,44.896706,0.072305955,0.03189323,0.4945734,0.24293719,0.15829022,2
0.0,0.17599784,0.024773475,0.606109,0.1058908,0.43153828,0.17634633,0.28214136,37.124878,45.15716,-7.1060586,17.972277,53.79695,0.57760274,0.008591176,0.215676,0.19811757,1.25348415e-05,2
3.9138632,0.23258856,0.028653704,0.5346356,0.13516651,0.15,0.23539133,0.1,36.814106,27.505543,-5.8338156,17.454752,27.826786,0.07554348,0.0003837529,0.08128753,0.7977334,0.045051794,2
7.1169257,0.14955911,0.029003879,0.5722853,0.18856329,0.2694072,0.20235772,0.42859325,-2.3433585,42.93156,-4.2203197,8.0,25.839275,0.025433056,0.042931672,0.5543555,0.23698197,0.14029782,2
5.0922523,0.117938966,0.03188076,0.59519047,0.22112136,0.5695647,0.095547296,0.25549373,12.8853,29.333055,-10.28647,17.256773,32.50711,0.14297153,0.057030533,0.18411453,0.61558324,0.0003001808,2
0.0,0.16484466,0.026084563,0.4966597,0.1988583,0.3526522,0.113591485,0.25513923,2.2855055,46.144207,-1.1352148,20.940409,47.836765,0.01259102,0.006385968,0.68157315,0.21867312,0.080776714,2
4.938005,0.17648552,0.043892454,0.55656046,0.19394098,0.5098303,0.043371264,0.37225294,-14.770318,41.091286,-6.9892874,15.71808,59.377842,0.081182435,0.03996087,0.081027836,0.7975347,0.00029417052,2
0.0,0.19750224,0.021130607,0.33128747,0.20807488,0.59154505,0.1015019,0.2811829,-32.475636,23.83927,-15.97393,16.312822,37.918053,0.58048594,0.045814507,0.0535574,0.24623597,0.073906206,2
3.6542492,0.19804087,0.017871944,0.4790013,0.14367984,0.19117628,0.103016764,0.44626945,-31.717564,31.02086,-12.46798,8.0,39.273174,0.10446026,0.0055062603,0.23549786,0.61163896,0.04289668,2
0.756976,0.15162343,0.029063426,0.6546909,0.15408942,0.63308394,0.15287624,0.21182814,2.791874,20.965065,-17.576504,10.2665825,57.576706,0.16322544,0.04737639,0.6142333,0.17231569,0.0028491549,2
4.207485,0.14005873,0.014100143,0.83966064,0.19300519,0.41921687,0.07318858,0.3425473,-24.544788,35.958065,-21.748472,12.298981,44.98592,0.3102518,0.108762644,0.18191394,0.39880487,0.00026672697,2
0.9908112,0.2450574,0.023785792,0.5284794,0.16574885,0.48629868,0.13360946,0.25282866,-14.318267,39.699623,-4.873187,14.938121,52.17115,0.1024104,0.04728098,0.46122277,0.2393891,0.14969675,2
0.0,0.17449139,0.024936877,0.3744072,0.18335336,0.67243874,0.14041598,0.27702755,6.6419992,46.916462,-14.431106,8.0,51.185505,0.14569907,0.32535625,0.13062309,0.027232883,0.3710887,2
3.944725,0.16097099,0.030121325,0.45680207,0.10961093,0.5555962,0.1067068,0.20834814,-40.0,42.399986,-4.970681,18.670982,35.045593,0.011467957,0.0867989,0.5791204,0.3216276,0.0009851737,2
3.3461645,0.19275656,0.0284212,0.29226476,0.20992981,0.41858342,0.17191733,0.22591822,26.421436,33.894695,6.760304,19.369469,71.52658,0.18097526,0.13729762,0.15146308,0.27226046,0.2580036,2
5.4648447,0.14120822,0.03188807,0.61067367,0.11505034,0.37588453,0.10739846,0.36032492,0.951451,33.18373,-1.4411554,22.876524,39.395065,0.21254645,0.0034347128,0.10479693,0.6718457,0.0073761954,2
1.4092063,0.15140465,0.023759501,0.5168764,0.19561182,0.38603982,0.14627339,0.30625606,-6.7756414,27.782305,-21.518433,16.990633,72.77815,0.14618543,0.019299412,0.7167365,0.08620349,0.031575166,2
0.0,0.21167505,0.026972562,0.36665085,0.13552286,0.3720895,0.065048344,0.299631,-11.490833,46.41311,-17.534904,25.773115,56.55671,0.7529368,0.00429434,0.08197307,0.16076988,2.5926309e-05,2
5.02814,0.13942035,0.03462993,0.48133,0.113327,0.59146255,0.091075696,0.1557318,8.512332,22.223475,-6.178284,32.490963,53.27211,0.15128545,0.14271495,0.3860715,0.2514579,0.0684702,2
7.340697,0.1268311,0.011844937,0.61584026,0.04032207,0.5047742,0.17801507,0.15770274,-17.365265,20.659132,-7.708088,10.146409,32.117313,0.18330728,0.016639533,0.052349214,0.7204944,0.027209604,2
1.266557,0.16577496,0.033365782,0.5176103,0.1291084,0.46513543,0.046449393,0.20541064,23.77286,20.12429,1.3633684,11.264986,54.10535,0.1101416,0.1166378,0.41088516,0.34964862,0.012686814,2
4.4584193,0.19036159,0.012842856,0.40677,0.07763909,0.41368988,0.16763273,0.24227875,15.61642,39.671753,-15.549616,22.345455,49.031948,0.025803253,0.42988887,0.37131214,0.08076142,0.0922343,2
2.0648732,0.23498811,0.030084789,0.6634567,0.09386144,0.52737796,0.113626935,0.26280725,-13.040523,38.66665,-24.527203,24.102478,47.272865,0.0046713348,0.053509578,0.53427523,0.3883265,0.019217322,2
8.797633,0.1936204,0.034159355,0.56153464,0.16546094,0.21384603,0.03,0.2921439,-3.5307553,34.00333,-21.175293,11.468268,34.37185,0.3713324,0.011084324,0.37840834,0.239145,2.9902923e-05,2
1.4222519,0.20064461,0.032461748,0.39525703,0.06409514,0.6635133,0.10775979,0.34156346,21.83383,32.817303,-0.004475316,31.807888,60.510002,0.12644577,0.22671518,0.21691287,0.3899539,0.03997227,2
2.861726,0.13909325,0.025038123,0.51383543,0.20152248,0.40784648,0.16670974,0.37291655,7.303703,19.352245,-10.290913,13.402085,61.053432,0.46319577,0.119872615,0.34020883,0.046216127,0.030506656,2
0.0,0.18747303,0.03205536,0.1928528,0.2660203,0.32573453,0.24534391,0.28360653,-4.071664,32.442646,-3.5540335,18.28329,29.463188,0.20578682,0.09136784,0.55950385,0.12798005,0.015361437,2
7.719259,0.1352292,0.022461481,0.5490257,0.115843005,0.57758284,0.22328277,0.21078604,-13.399525,41.09839,-15.261551,24.67234,42.800488,0.58935153,0.0012054695,0.3305879,0.05328447,0.025570655,2
1.3969157,0.21661666,0.041056205,0.85,0.20022596,0.5747842,0.083475485,0.32106623,-2.0223825,20.262192,-19.198086,30.04549,46.55783,0.34636402,0.02725167,0.21394989,0.411164,0.0012704284,2
6.895414,0.18454254,0.03665024,0.6737081,0.070149474,0.43109804,0.16995665,0.28289792,-7.4436746,19.01484,-5.308758,13.030792,54.075634,0.12485516,0.23445803,0.5099444,0.088721566,0.042020865,2
0.9896311,0.17792797,0.022407841,0.4842813,0.16000445,0.5992999,0.10760994,0.30267066,5.562757,32.803326,-25.164494,25.186874,51.718834,0.22505884,0.038709868,0.22570303,0.41565874,0.09486951,2
2.7638333,0.20022641,0.041014936,0.54682374,0.15775199,0.56035167,0.09942849,0.354422,-5.649667,36.895935,-6.993507,19.231377,49.141087,0.14314279,0.07320209,0.5023617,0.14532171,0.13597167,2
0.65593123,0.16037455,0.03155691,0.5910943,0.29375666,0.48558065,0.18029834,0.24286994,-17.413887,37.34176,4.3433037,9.725987,55.829945,0.49598935,0.035662256,0.30281925,0.15838742,0.0071417247,2
0.19609028,0.16059937,0.02096271,0.60082346,0.12139051,0.24317355,0.14135836,0.37193117,19.754856,40.894318,-30.0,15.711621,72.4028,0.019823559,0.12253354,0.35375544,0.23904428,0.2648432,2
2.1207442,0.14196306,0.03934064,0.49183938,0.16311085,0.4551688,0.1415481,0.17026974,9.781749,31.444126,-21.275507,11.567975,46.457508,0.021750858,0.0001296551,0.5607736,0.09941893,0.31792694,2
2.58454,0.2512436,0.04314851,0.18230213,0.13077383,0.4410593,0.04612999,0.32099348,-17.956812,15.086349,-12.115336,24.775324,62.38783,0.101044655,0.2976524,0.3778597,0.21870904,0.0047342256,2
1.9054945,0.17088576,0.027954025,0.45673934,0.121426135,0.4101473,0.08168549,0.22444487,-10.613903,34.645275,-16.56181,10.03152,71.03908,0.22121362,0.08018134,0.28569147,0.40852034,0.0043932153,2
0.0,0.16735983,0.032927874,0.41943407,0.1330921,0.39552402,0.084967636,0.2857229,12.77761,40.696705,-13.160291,23.050245,68.33155,0.023115722,0.041332595,0.4065558,0.51969844,0.009297412,2
3.8510063,0.20774962,0.029895037,0.49407133,0.13056651,0.53018886,0.15563399,0.29301712,-15.097536,24.404844,10.214643,19.88636,57.89893,0.36253744,0.043995757,0.2761457,0.30989188,0.007429212,2
0.0,0.18046682,0.03463496,0.3965154,0.10833579,0.2906096,0.16659416,0.24544702,-3.0631523,28.765484,-18.431355,22.317507,57.852203,0.03750064,0.04752614,0.41738513,0.15164834,0.34593976,2
1.9863327,0.1,0.0363586,0.59996134,0.15339336,0.5832803,0.2167719,0.2251109,-5.2345862,14.0,-14.027313,19.95851,55.161816,0.101736255,0.00018203634,0.392696,0.33524716,0.17013854,2
0.0,0.26,0.037888467,0.81309223,0.095213875,0.43395475,0.082945675,0.21053262,-13.020092,27.480274,-21.789787,13.820275,70.29626,0.15252481,0.19822162,0.29950756,0.20675987,0.14298612,2
5.7009106,0.16081354,0.015216968,0.6552246,0.12002945,0.3389472,0.21795951,0.29008704,-19.108704,44.379814,-25.97334,22.633615,45.356205,0.30675232,4.7988635e-08,0.39234605,0.30073252,0.00016906053,2
6.6963634,0.14641148,0.025854249,0.49848828,0.2360753,0.40518105,0.11698572,0.31440067,-0.986144,26.000078,-7.546121,20.8622,45.50672,0.058065657,0.39663714,0.20199272,0.02190113,0.32140335,2
4.775642,0.17349316,0.03772266,0.73600596,0.13420533,0.4638859,0.13395111,0.39744234,-16.747606,20.495163,-28.156143,16.34891,42.09182,0.051807113,0.06600428,0.47105357,0.21347204,0.197663,2
1.5712706,0.15935507,0.0244146,0.6503061,0.18433158,0.61307454,0.124155514,0.25209072,-10.736096,47.64081,-24.978,37.892036,79.27538,0.5188171,0.19529933,0.04919947,0.16333245,0.07335161,2
0.7753739,0.16012228,0.03277753,0.61813116,0.13619189,0.52522284,0.14267166,0.1625241,15.289997,35.53493,-11.543775,11.681606,68.4132,0.013644308,0.058863066,0.7560218,0.17140959,6.123764e-05,2
2.2389297,0.18465057,0.022668745,0.42280322,0.17841835,0.58174497,0.16486156,0.30307192,-12.907808,34.284462,-6.12339,23.501764,42.759487,0.03859508,0.07443678,0.18890259,0.2924618,0.40560374,2
2.8354938,0.10559684,0.03542318,0.4868963,0.1312617,0.43241915,0.18187766,0.14824377,8.232274,31.402794,-20.671043,24.113207,35.54457,0.92855936,0.004478542,0.047093503,0.013310836,0.0065577496,2
4.447893,0.20939194,0.030299831,0.5963579,0.03,0.414535,0.11778037,0.3821207,17.230804,23.931116,-19.392618,17.946703,47.61866,0.13767461,0.34622353,0.21633862,0.13626224,0.163501,2
4.193559,0.21816596,0.034831923,0.8321246,0.13845377,0.662828,0.13443714,0.3230596,-1.928082,27.628988,-28.338928,21.702662,50.849976,0.41590813,0.069392525,0.07550999,0.29801154,0.1411778,2
0.0,0.112419315,0.03315976,0.7242621,0.08992378,0.4234697,0.08444512,0.19940686,9.177102,44.952305,-6.903734,23.090813,53.058605,0.09715326,0.03816063,0.11481908,0.22038779,0.52947927,2
4.9864345,0.19822286,0.018758113,0.5974692,0.124994576,0.3742723,0.1638912,0.15904377,-15.425216,23.820757,-11.646684,19.452318,31.534958,0.43958676,0.0075577544,0.37010628,0.17685942,0.005889793,2
4.1568284,0.1457602,0.04675938,0.53274035,0.17441438,0.3620201,0.14330195,0.20966986,13.341321,42.28807,-11.898712,16.059786,41.127373,0.02380241,0.32169056,0.37818655,0.26360452,0.0127159525,2
0.65452015,0.16248675,0.019537153,0.62303895,0.23081991,0.47538385,0.09114066,0.3071782,11.611153,33.141827,-25.115055,19.409658,64.583916,0.39625955,0.041653287,0.5437286,0.016854936,0.0015036598,2
0.097483635,0.19406903,0.049883064,0.58881414,0.069580846,0.30991024,0.06782991,0.21615387,26.189993,33.189754,-3.8828256,15.728718,57.34595,0.22507791,0.001301564,0.5045554,0.2520902,0.016974954,2
3.1848843,0.21465653,0.012717809,0.73848253,0.12805247,0.46197277,0.13803977,0.32203662,21.094805,14.9685955,-17.003944,29.571987,41.616116,0.07839261,0.14896567,0.6768067,0.08218468,0.013650325,2
3.5402312,0.19324253,0.030544648,0.3445027,0.14085084,0.45966965,0.19532613,0.3356625,4.760075,33.8261,-3.1051147,26.099203,61.608456,0.2694004,0.071239136,0.17487065,0.25613558,0.22835426,2
0.0,0.12443212,0.018739415,0.5138237,0.14244452,0.51093906,0.20930801,0.22998805,40.0,29.419275,-18.559069,20.504122,61.730244,0.040317573,0.21985406,0.46241644,0.24978334,0.027628595,2
3.1748042,0.18256548,0.042926006,0.62253654,0.1427747,0.23002875,0.06532185,0.3318507,15.907851,15.481696,-8.737519,14.763767,76.68476,0.09024207,0.06812356,0.4297487,0.41173968,0.00014598249,2
3.553522,0.19957796,0.021884646,0.72255933,0.16816542,0.20018496,0.17672397,0.35455886,22.911993,30.375502,-19.547674,17.751822,47.407494,0.09124194,0.586945,0.031133894,0.25216296,0.03851622,2
5.574143,0.14909215,0.021240031,0.80172884,0.11811334,0.38746476,0.16987488,0.30960217,-8.299538,26.169422,-2.3815424,15.841504,41.913727,0.07707322,0.01713314,0.2534982,0.6522954,4.822079e-08,2
2.6669385,0.14616692,0.03027327,0.29025584,0.13007434,0.42326695,0.19924285,0.30816883,-6.637426,32.38431,-24.095348,19.28239,48.21349,0.10750517,0.015231846,0.5298746,0.19548808,0.15190029,2
0.0,0.17714241,0.041442003,0.40130648,0.15971191,0.3059432,0.15377735,0.23063861,1.3017589,22.315342,-8.987166,8.728531,61.11421,0.24599023,0.03042456,0.5483092,0.17284736,0.002428635,2
3.7561135,0.20294526,0.039863113,0.4986436,0.10505933,0.27579165,0.113281384,0.4121492,-18.04237,20.863888,-24.207657,16.06504,34.95442,0.008402625,0.06871452,0.7940283,0.12537888,0.0034756856,2
0.0,0.15733106,0.02821826,0.32318088,0.110444695,0.49188697,0.1692958,0.20127265,0.68129253,30.854626,-16.275574,12.285232,50.049065,0.028421525,0.10623591,0.4682257,0.18601136,0.21110553,2
0.45012847,0.18961725,0.027436262,0.7590462,0.1366811,0.402573,0.03,0.239014,-0.7069339,26.442099,-5.6072636,15.049007,50.465874,0.10595648,0.000849855,0.5521678,0.028755734,0.3122702,2
0.0,0.12957804,0.03417233,0.5277893,0.11044626,0.5370372,0.080422275,0.3356988,19.695967,26.962662,-23.41136,32.76697,65.944,0.3773342,0.0025061264,0.10658947,0.10856036,0.40500987,2
4.481602,0.19081937,0.029533733,0.6852511,0.09110878,0.27488852,0.08652424,0.2436717,21.009653,19.016012,-7.311562,17.702343,43.551632,0.34323904,8.774854e-06,0.22651786,0.43021855,1.5788954e-05,2
0.0,0.10714349,0.030645117,0.48270562,0.08525761,0.42701665,0.09636562,0.24899293,2.1791782,29.483816,-4.4453936,21.32054,48.237633,0.37439546,0.07026612,0.28655747,0.11194278,0.15683816,2
5.997974,0.19239268,0.028866261,0.57051563,0.13782035,0.64069706,0.053995974,0.17471597,-6.7090287,35.769318,-30.0,18.394749,56.272232,0.4803202,0.10581314,0.19413444,0.14445002,0.075282216,2
0.0,0.21525599,0.034883663,0.30469754,0.20851462,0.40431732,0.10178216,0.2371511,32.22907,32.47074,-7.243464,24.367018,42.61958,0.10319486,1.5755342e-05,0.62653655,0.26637587,0.0038769615,2
0.0,0.17332414,0.0336072,0.35042796,0.15962215,0.36998883,0.10231829,0.43901417,-27.366976,26.6828,-0.742986,17.239637,40.44085,0.0129324095,0.17715992,0.15838404,0.35831904,0.29320458,2
1.9562453,0.20229542,0.042171363,0.353257,0.0923895,0.54944986,0.11682425,0.24481982,-27.931923,15.224529,-19.482927,16.122684,72.470695,0.052204933,0.045146376,0.24788481,0.60115236,0.053611495,2
0.0,0.18981184,0.024905058,0.2523904,0.21741655,0.586231,0.14419158,0.35953078,8.652479,22.33269,-20.594675,15.174581,56.689987,0.11852381,0.03141324,0.83572674,0.0137614785,0.0005747222,2
6.9497404,0.124914914,0.024831396,0.6632033,0.11493355,0.36377633,0.06743808,0.23505802,-1.2483165,23.301533,-28.259624,14.78285,64.58644,0.10649995,0.041436672,0.5933713,0.23095186,0.027740223,2
0.96136504,0.13275701,0.029258452,0.50706214,0.21935515,0.37258825,0.1073611,0.19539839,-5.5300756,37.550495,-21.614958,30.510025,58.71571,0.102695584,0.21552218,0.6187452,0.033884373,0.029152673,2
6.4626126,0.16551818,0.028382206,0.66785717,0.13629228,0.54384035,0.12542465,0.21544537,-32.926075,37.223133,-1.8110445,22.663145,48.59342,0.087068334,0.19096631,0.33629546,0.24842454,0.13724536,2
2.082273,0.174057,0.03690292,0.49182245,0.15330628,0.47600356,0.037304234,0.32076874,-15.808955,32.80208,-16.174904,15.676178,42.733685,0.037518516,0.0054111625,0.6526255,0.15835592,0.14608887,2
4.068547,0.14869821,0.02156086,0.6781823,0.1217181,0.47870857,0.12631652,0.11722587,26.60351,26.879839,-7.0010657,25.868406,43.224865,0.28331906,0.00013528086,0.37474135,0.17870428,0.16310005,2
1.4119204,0.1311905,0.040160477,0.6522143,0.1250665,0.46840099,0.14193627,0.38932446,23.533913,41.730335,-18.245096,28.036572,41.184288,0.309499,0.12375375,0.4130079,0.08670385,0.0670355,2
10.131446,0.1,0.02772431,0.49089018,0.20911287,0.43392465,0.16790232,0.30340236,14.231077,35.660835,-13.120845,15.000106,41.24107,0.21738124,0.121299535,0.038388055,0.6136771,0.009254089,2
0.0,0.24694303,0.03945052,0.5389491,0.13102306,0.56031114,0.06400575,0.2438319,-14.69057,14.0,0.4592319,17.942823,40.63894,0.008426831,0.65470356,0.060485736,0.15650006,0.11988384,2
0.0,0.2481884,0.05025006,0.56204426,0.18714428,0.60662633,0.1224205,0.21445411,-5.996111,44.238194,1.4671735,20.056017,59.366432,0.30140862,0.027402863,0.47820514,0.19217353,0.0008098327,2
3.7805922,0.14620174,0.038211923,0.67651546,0.14236301,0.31642666,0.19198863,0.23348318,-7.2440667,28.537802,-10.471,14.608505,38.473522,0.19347124,0.36465535,0.315815,0.074120276,0.05193813,2
0.0,0.12238223,0.034998916,0.50429255,0.13421169,0.54645467,0.043204818,0.3505449,-12.183266,38.464508,-14.078029,16.533772,66.71558,0.03531846,0.36690542,0.48586148,0.09694459,0.014970044,2
3.6129007,0.23819964,0.038925357,0.56271964,0.17119747,0.4347306,0.12966181,0.15955499,-9.794638,34.234997,-19.904163,16.540403,59.047195,0.15264201,0.0024486613,0.8342033,0.0107053425,6.776954e-07,2
2.7920668,0.1,0.027645716,0.28776023,0.1340911,0.2856863,0.05387431,0.266141,-1.8163618,18.388397,-3.9790642,18.968592,58.07411,0.22175035,0.0060630282,0.4858755,0.28567913,0.00063200097,2
1.4117908,0.22111504,0.032103993,0.37692812,0.10060951,0.32908288,0.10852353,0.34903198,-26.562078,25.793663,-13.197174,41.418045,52.857162,0.14786582,0.04954661,0.47807366,0.22037674,0.10413716,2
1.7791541,0.20547076,0.024622139,0.3990154,0.102074675,0.39086327,0.089750096,0.12817885,21.254757,14.0,0.9526391,13.679509,54.999435,0.29003838,0.075099535,0.16153963,0.31425908,0.1590634,2
4.227746,0.16601577,0.025130676,0.5865959,0.16895166,0.5669778,0.1487136,0.2260194,-2.4395638,23.03388,-28.82519,9.699784,44.924866,0.5750868,0.071961716,0.046268426,0.26485592,0.04182717,2
1.916197,0.23572108,0.032467183,0.40347412,0.03,0.31589586,0.11523803,0.16405721,-9.0391655,31.276808,-16.318613,26.849766,39.88081,0.2858448,0.00022582621,0.31053254,0.39821032,0.0051865373,2
2.5417223,0.15360986,0.030765707,0.52611256,0.15880868,0.22391817,0.06616939,0.17978254,-28.37373,30.61574,-13.471774,21.283014,44.662277,0.27671915,0.00017558354,0.5516928,0.16095616,0.010456327,2
1.5065564,0.21362008,0.03345124,0.4844037,0.06811397,0.40822333,0.20616114,0.28515726,14.089839,23.97029,-6.881104,17.84955,34.259697,0.3568215,0.012371803,0.49872485,0.055436566,0.07664527,2
7.88515,0.17001346,0.03107374,0.50946474,0.14874616,0.38271034,0.13890244,0.31544513,-18.757576,27.723167,-24.927834,26.060446,55.499294,0.48266897,0.00040475425,0.11499975,0.36167097,0.04025555,2
6.9288025,0.13133419,0.02774107,0.6391681,0.20692946,0.5684761,0.17934215,0.2413079,8.674991,30.991184,-13.360302,11.433752,38.016224,0.077773795,0.24860598,0.6199373,0.04081517,0.012867782,2
0.0,0.26,0.037389822,0.53358257,0.09579641,0.4708301,0.07523838,0.16504537,-15.855799,36.042995,-2.2589154,22.203161,57.82194,0.16166005,0.1245455,0.34695733,0.18536796,0.1814692,2
3.0076265,0.15166096,0.025060015,0.47141418,0.1662004,0.5254957,0.11034196,0.20939788,2.0533748,24.362146,-8.8524275,18.682873,58.160374,0.024444744,0.0090284655,0.5947606,0.13695371,0.23481247,2
0.55634606,0.16282883,0.032008838,0.56940114,0.19620985,0.39279228,0.1799553,0.29778528,-23.083118,28.64543,-8.654613,20.241507,53.117283,0.114315726,0.021935698,0.75379765,0.028635507,0.08131544,2
0.0,0.21253546,0.039181195,0.751252,0.11120999,0.29387626,0.09250146,0.26750597,-3.0649722,18.714336,-20.130705,20.350595,43.92211,0.48725438,0.1541596,0.23318878,0.12268881,0.0027084486,2
0.0,0.22961222,0.03567572,0.5167753,0.10764598,0.59746,0.12974627,0.18738085,-1.3982451,19.03295,-14.17365,36.686783,39.850174,0.10210548,0.09497069,0.35920358,0.3392567,0.10446355,2
2.0236437,0.1272503,0.02976864,0.31643203,0.1587521,0.36922053,0.12672696,0.23584546,2.909063,40.17095,-22.246727,16.47572,41.290325,0.021999199,8.47485e-05,0.936724,0.041150764,4.1307216e-05,2
2.2540333,0.23763391,0.015631542,0.3027075,0.20249873,0.5176884,0.03,0.32458863,15.901645,43.761974,-1.8715613,14.099084,38.909706,0.15856677,9.6823285e-05,0.7497495,0.064367965,0.027218966,2
7.0677032,0.17974819,0.027279254,0.4579451,0.25412038,0.39583588,0.12656198,0.28406143,9.296743,31.848963,-7.769715,23.751451,49.860455,0.09048777,0.20390272,0.073771395,0.33660218,0.29523593,2
6.142304,0.1764842,0.046995837,0.32893732,0.10297789,0.5189114,0.10905693,0.19682255,28.134312,27.072346,-10.719757,27.15191,48.682064,0.2476443,0.008670047,0.36798352,0.2840912,0.091610916,2
4.4754977,0.17330264,0.028015224,0.15,0.17238112,0.47624412,0.12170558,0.28787538,-25.748316,25.761492,-10.221304,10.539382,72.87652,0.70715386,0.0564546,0.19962005,0.03665182,0.00011965749,2
5.2137012,0.17933118,0.029959071,0.4561042,0.115984365,0.4553774,0.09402594,0.23066512,37.64389,40.98597,0.14151731,22.73188,72.29526,0.13582379,0.3646631,0.33668047,0.15694973,0.0058829286,2
5.555141,0.11762695,0.031356614,0.55709594,0.08355047,0.4895932,0.06555469,0.22478282,16.923546,14.0,8.177918,11.830575,68.32421,0.057306204,0.009272623,0.7224175,0.19632436,0.01467934,2
4.4628,0.19626278,0.03341852,0.7075816,0.12830763,0.41107148,0.08932325,0.27924222,-7.9630575,50.464943,-11.17945,10.518693,47.608406,0.0034495639,5.9464295e-05,0.22201997,0.5637043,0.21076672,2
7.154272,0.18816863,0.024758263,0.49735865,0.12846316,0.23541744,0.103660956,0.19313224,17.802523,30.727474,-11.172435,18.44642,33.02282,0.014519563,0.062497634,0.06865858,0.85147,0.0028542075,2
0.0,0.16530743,0.036064196,0.54647,0.14432116,0.47466797,0.16034663,0.23917653,31.797037,14.0,-8.0272045,15.355779,52.21322,0.14171568,0.13722906,0.56463706,0.1104336,0.04598462,2
1.5377575,0.18822716,0.03327023,0.57734495,0.16093579,0.5774547,0.10200877,0.34329033,20.0267,52.145035,2.529953,10.974415,47.031376,0.3734423,0.0058492427,0.14174521,0.47756892,0.0013943486,2
1.1141095,0.17179534,0.016220393,0.51242274,0.15162867,0.4346788,0.13549614,0.44287246,-17.773512,14.0,-4.2410984,14.041814,50.460182,0.08010703,0.2537855,0.3448586,0.13812739,0.18312152,2
1.3455995,0.17703764,0.009646481,0.39987803,0.20075287,0.40237245,0.1400565,0.15006745,0.73855066,14.0,-8.006537,16.362123,55.18237,0.064154685,0.11949931,0.7028266,0.11196453,0.0015548273,2
2.5451174,0.19670518,0.025704714,0.8256653,0.23391177,0.47133377,0.10295518,0.208542,13.586045,21.93325,-4.2706685,24.34421,58.44268,0.3101619,0.01641056,0.54027635,0.074604355,0.05854682,2
7.8977284,0.17096312,0.020313235,0.3517588,0.14077282,0.5575084,0.17857032,0.34911913,-0.5670998,28.58075,-7.8256564,13.128134,28.663004,0.04476485,0.5862018,0.05683771,0.19140133,0.12079434,2
5.6860337,0.14890744,0.03247453,0.5624614,0.115388446,0.40627348,0.11124733,0.18211205,7.9175096,40.812702,-25.955591,20.505972,65.54585,0.1228111,3.5947012e-06,0.62086254,0.22864506,0.027677713,2
6.669372,0.21035387,0.027005171,0.38301063,0.13002916,0.260651,0.10194554,0.2610531,9.1751995,26.89642,-1.2955565,8.0,61.49189,0.52179384,0.008494016,0.15020132,0.2939882,0.025522612,2
2.766215,0.13699764,0.033760965,0.5169342,0.12847751,0.45895353,0.18524347,0.39579746,-17.75872,22.750217,-19.95573,18.46318,43.11683,0.48008168,0.018664567,0.25766504,0.20346776,0.04012096,2
2.6303911,0.22206002,0.03386566,0.5614228,0.1104291,0.48375002,0.13684899,0.2190455,22.656193,27.226774,-12.8551855,25.138287,60.674896,0.3829949,0.13769002,0.23870644,0.24027823,0.00033041782,2
4.735112,0.16625181,0.021954,0.46968976,0.06506197,0.46089363,0.03,0.25240692,1.6484555,27.178036,-19.738174,16.65252,46.9793,0.13185313,0.080696054,0.14278445,0.63379914,0.010867201,2
4.296151,0.21503016,0.027085863,0.31797296,0.072616264,0.3806473,0.03,0.17986512,-0.80648273,42.95147,-14.622209,23.74215,50.41901,0.016703192,0.06834389,0.31767878,0.5596715,0.03760263,2
4.2943363,0.23751368,0.025573732,0.4478932,0.17418775,0.4801343,0.20967197,0.3180401,-16.19192,39.4963,-9.602516,8.0,48.23374,0.0073557533,0.00873868,0.94458395,0.024077917,0.015243687,2
9.955204,0.17762676,0.037464432,0.66861236,0.17749302,0.41230083,0.13414504,0.14477737,-4.354307,24.565147,1.5878686,12.186795,41.313206,0.028107716,0.12805441,0.16721883,0.5252669,0.15135217,2
4.757564,0.21488386,0.028594535,0.27468035,0.15626769,0.38754353,0.121306196,0.22160931,16.861408,26.899492,-16.212553,23.933285,34.93772,0.27449438,0.00085946626,0.37131226,0.2623164,0.09101746,2
0.6386663,0.20521341,0.04000776,0.7446339,0.12789807,0.40570936,0.03,0.17916764,4.3152037,14.0,2.6334107,24.420286,82.80256,0.14071807,0.027436363,0.472878,0.3301596,0.028807953,2
0.88826996,0.1873121,0.040452838,0.51423,0.11474457,0.4607642,0.12268691,0.24751045,12.737286,35.686436,-28.013485,33.079567,57.541714,0.20799114,0.45289043,0.15573715,0.12540385,0.057977453,2
5.5255737,0.20410848,0.02891555,0.6072138,0.07138016,0.47369704,0.077266075,0.39989182,-0.6113915,29.53539,-24.309256,24.935135,51.66229,0.30620793,0.023855377,0.3454704,0.323355,0.0011113014,2
5.291346,0.16880514,0.025261082,0.34190026,0.10742712,0.37835813,0.11422066,0.29702345,1.5846562,33.489933,-20.47182,28.112152,71.75094,0.4823799,1.3445081e-06,0.18164839,0.3321179,0.0038524664,2
5.936194,0.24567573,0.022994822,0.47764394,0.103399456,0.46388566,0.0935808,0.2867078,-29.551445,35.68699,-4.3496757,13.287767,29.822151,0.08940429,0.26309755,0.23315252,0.2728469,0.14149873,2
4.562651,0.18337116,0.03567957,0.40009916,0.069283664,0.485821,0.11552164,0.29069364,7.0437446,44.005444,-21.306993,19.964636,47.05756,0.05391947,0.0029763381,0.28662997,0.65623087,0.00024333576,2
0.0,0.15078612,0.02919717,0.5442995,0.15088464,0.5068896,0.13967821,0.26838836,-3.5089011,26.493069,-24.469551,10.341013,42.602886,0.5523207,0.05839729,0.25838315,0.12536436,0.005534472,2
7.6100526,0.16264014,0.024169073,0.33621973,0.10305618,0.49782446,0.14863919,0.3598731,5.7117968,30.486546,5.965325,27.601395,44.081932,0.5284433,0.0027734097,0.3613338,0.090409845,0.017039694,2
7.0286384,0.21550027,0.037176657,0.40692052,0.14202422,0.5963222,0.12673377,0.3241638,-38.715168,44.097603,-13.3263445,17.968363,50.370068,0.0128783975,0.048805565,0.52977103,0.4084034,0.00014159233,2
1.8431455,0.14318407,0.037323195,0.81012017,0.06603727,0.52234226,0.13533029,0.17891727,40.0,28.437708,2.8768983,23.395214,44.74479,0.040981043,0.018335965,0.36774048,0.5578302,0.015112292,2
4.099491,0.25567982,0.02241222,0.59703493,0.16937877,0.68050075,0.040778168,0.33823812,1.3232983,29.187344,-1.6825539,8.0,28.6372,0.0030316082,0.0045091775,0.7890604,0.20245855,0.0009402862,2
3.5574152,0.23222443,0.032892324,0.55696994,0.16146363,0.5637835,0.12580387,0.28646868,8.311111,53.7558,-3.9357963,8.0,37.81972,0.0046281237,0.0045487946,0.78490424,0.0749286,0.13099024,2
1.8853736,0.1307533,0.034709614,0.55455005,0.11433024,0.5599659,0.14034599,0.30184367,6.9711366,29.594496,0.5843201,32.336685,38.954464,0.022584507,0.31460443,0.36995003,0.28534952,0.007511543,2
0.0,0.2109332,0.04361255,0.71879625,0.20866957,0.2928433,0.12603524,0.1293624,-5.688224,45.617607,-14.692245,42.0,44.667564,0.5045579,0.00073768164,0.08041226,0.4068384,0.0074537694,2
4.723438,0.1412891,0.028679797,0.48101845,0.13595463,0.53075725,0.2042931,0.27005294,7.590374,24.972023,-23.547825,22.472149,38.556828,0.15756838,0.13700813,0.28355125,0.41914618,0.0027260734,2
0.0,0.14665823,0.030001547,0.6404695,0.1467872,0.5421273,0.11678736,0.26027414,21.369259,25.913054,-6.8211265,30.839676,47.86634,0.20155177,0.058355153,0.13160352,0.6084652,2.4377969e-05,2
1.2138689,0.16124238,0.03528834,0.15,0.06190096,0.43469462,0.0637831,0.22149083,3.2095528,14.0,-15.520937,14.848797,48.236965,0.020673351,0.05393921,0.6873585,0.22407867,0.013950247,2
8.135473,0.15030636,0.040151495,0.48201388,0.1008655,0.19427177,0.12997617,0.34511966,15.449287,35.505013,-5.986826,8.973909,24.145418,0.025934495,0.22811204,0.14090748,0.56396306,0.041082937,2
4.2490315,0.20901777,0.03320495,0.4536464,0.10745554,0.16049303,0.101286724,0.15549923,13.842674,36.454437,-2.976804,31.558504,37.124416,0.7727443,0.08136786,0.075186834,0.07036321,0.00033779166,2
4.1494713,0.19014408,0.031803645,0.42135063,0.1791007,0.40645415,0.043755483,0.48189062,12.715204,30.804583,-20.05627,19.059534,52.597015,0.26751536,0.18026534,0.41069582,0.12639308,0.015130421,2
2.1164067,0.19690605,0.025509512,0.6109057,0.18818383,0.37544462,0.114771746,0.19176036,33.315926,34.127304,-17.913418,18.512957,48.667606,0.43030274,0.0186561,0.37059948,0.17382741,0.006614303,2
0.0,0.1801204,0.027410991,0.47982088,0.11149053,0.26103118,0.20379142,0.3029102,6.347519,37.87557,-12.889824,31.649666,28.907022,0.12815453,0.0757255,0.7306521,0.06123247,0.004235415,2
4.24285,0.15888509,0.02880812,0.47588232,0.14851657,0.48645604,0.11155459,0.28500456,-1.3830656,16.662931,0.6991848,17.580877,59.659626,0.010094136,0.017645666,0.47764844,0.49310848,0.0015032851,2
4.4967175,0.15917434,0.03561003,0.3823792,0.18283817,0.303982,0.18416397,0.35178033,-0.7659091,30.630898,-19.854992,11.752927,57.28455,0.12448063,0.0028982782,0.44733644,0.23714654,0.18813811,2
5.3825274,0.22422555,0.03359005,0.4409589,0.123001635,0.24010488,0.16587819,0.38698423,7.3547363,44.92928,6.341055,10.29147,77.95665,0.012034821,0.033681978,0.63025177,0.3230897,0.0009417399,2
1.8221587,0.16604686,0.024486372,0.19896515,0.066891685,0.68760026,0.24834408,0.23953897,-24.339602,27.45431,-28.446909,19.973421,71.160965,0.27843034,0.007152527,0.11315064,0.5562105,0.04505598,2
1.7739673,0.23582679,0.036798142,0.45267397,0.17554437,0.5005599,0.15269499,0.2823081,25.190044,17.616915,4.188862,26.1057,39.763885,0.2646639,0.23740819,0.2548442,0.23897074,0.004112984,2
4.704268,0.15458144,0.028647317,0.28773123,0.16124354,0.38889506,0.1338221,0.24009903,-4.3892374,39.735584,-9.601497,17.98462,48.46972,0.24793701,0.06156206,0.60906166,0.05920602,0.022233225,2
0.0,0.18183939,0.028761305,0.73169833,0.15455367,0.27049297,0.1344696,0.20231882,-1.6560279,31.335876,-6.655717,19.20804,50.38021,0.04128991,0.0008610696,0.6685665,0.20239604,0.08688648,2
5.4392104,0.19237556,0.03614434,0.61005145,0.18798064,0.33372238,0.14392401,0.2723881,-23.457767,29.754875,-6.2438183,14.554276,65.30372,0.15987541,0.025427422,0.40714946,0.37955347,0.027994262,2
2.5192301,0.22727758,0.03714203,0.636948,0.19209366,0.36529693,0.11700474,0.26809967,1.97039,26.33652,-30.0,16.37978,46.569935,0.03463827,0.0006931667,0.9109244,0.03326506,0.02047911,2
3.8791084,0.21877454,0.032767154,0.30187425,0.1710577,0.3747638,0.10457814,0.27078,-24.399544,38.283035,-14.832155,30.998474,66.14909,0.040486623,0.15541899,0.48927546,0.2775729,0.037246022,2
9.923099,0.19229576,0.04497249,0.6257127,0.08145183,0.40128115,0.153052,0.2435188,-30.284662,25.049547,-13.468824,19.034048,53.404522,0.07892153,0.00050166814,0.386215,0.5224958,0.011866028,2
2.184258,0.1829871,0.015001812,0.39991823,0.06436161,0.29827935,0.09836821,0.29382017,-13.142914,43.013958,0.12059124,14.573609,40.4191,0.12976272,0.026663909,0.18104146,0.5023005,0.16023138,2
3.417933,0.14365156,0.037725203,0.54151964,0.1575258,0.33518213,0.036654532,0.32472622,-4.4379764,30.76282,-12.823553,31.50217,35.851364,0.19070654,4.650061e-05,0.17100058,0.23034859,0.4078978,2
3.0898874,0.17230237,0.02200499,0.47199732,0.1432656,0.23467194,0.06448529,0.18558356,-15.437045,39.11904,2.2540092,18.024725,62.210503,0.38310114,0.041492373,0.29837853,0.27567488,0.0013530762,2
0.0,0.26,0.029864868,0.29320443,0.14701702,0.2024096,0.21234404,0.3131825,5.1449056,38.06562,6.215119,18.756777,61.612144,0.07805137,0.18279143,0.36122334,0.12756006,0.2503738,2
4.834397,0.1416604,0.03019608,0.34436783,0.22454539,0.255733,0.11404888,0.37930498,22.072052,19.369516,-6.126962,18.181536,63.126057,0.26585835,0.064508356,0.6029199,0.027012078,0.039701324,2
0.0,0.15749823,0.029603496,0.598895,0.1858795,0.36682615,0.16841625,0.1806999,3.9279368,34.299595,-10.060215,8.5832615,24.0,0.48270005,0.00012097924,0.30384472,0.21313326,0.0002009727,2
5.2724,0.124714874,0.022779247,0.5941208,0.13078865,0.40304393,0.09510971,0.28083113,-39.896763,27.58511,-22.212,17.009861,48.43832,0.013551167,0.02001472,0.5963532,0.3629147,0.007166219,2
0.9251608,0.15010913,0.019204766,0.29414132,0.103192054,0.49583802,0.17446269,0.3018115,-0.3318267,35.909092,-5.5375204,21.388134,65.04122,0.03234059,0.53278255,0.0989853,0.32708457,0.0088069895,2
0.78526515,0.13267435,0.014686988,0.6705032,0.17224577,0.4898281,0.15011653,0.32483387,10.453621,29.456291,-15.028743,16.94721,32.833588,0.20774189,0.11724237,0.5085199,0.14178717,0.024708664,2
2.8846655,0.13096681,0.028405946,0.44275528,0.1631219,0.5148531,0.22955196,0.33275583,-6.6645017,14.0,2.1093018,26.808554,56.821697,0.030470628,9.183983e-05,0.70067394,0.2648845,0.0038791217,2
0.0,0.1929134,0.031149358,0.30768743,0.12924096,0.40340412,0.19583009,0.35430685,5.679484,37.11453,-26.450754,12.91429,43.35668,0.31118113,0.123313986,0.24316241,0.306228,0.016114457,2
2.6639278,0.20921771,0.034823824,0.4176247,0.03,0.51864475,0.1667844,0.27951613,4.7674556,14.0,-18.53302,21.90042,38.704777,0.16203892,0.093981154,0.3066418,0.12072848,0.31660968,2
0.0,0.19410683,0.03936014,0.29668403,0.09207705,0.1828027,0.10056288,0.20018809,-19.795284,31.274168,-2.4903681,16.281364,41.275665,0.0045096683,0.22804879,0.39523917,0.32526338,0.04693899,2
0.0,0.13913281,0.036791474,0.3911898,0.18236694,0.5124511,0.071212105,0.24494219,21.681421,47.054718,5.4361734,26.457401,68.95994,0.14476183,0.011913773,0.4512647,0.34167746,0.050382216,2
2.3446867,0.11263786,0.037973233,0.42826086,0.07538794,0.4352236,0.1229867,0.37103468,-5.2115226,42.609947,-4.5263886,30.613573,60.746902,0.19329977,2.7243948e-07,0.5003414,0.30550826,0.0008502786,2
6.6705513,0.1,0.02206391,0.57738125,0.16895458,0.55540365,0.13095185,0.20842291,-5.91934,33.620926,1.0368183,28.453037,48.591637,0.34904456,0.029782683,0.25096616,0.18236925,0.18783735,2
5.166725,0.13124129,0.03890292,0.6219027,0.16218387,0.15,0.10955341,0.30632117,8.136115,25.398354,-9.885708,20.41171,76.409225,0.2063597,0.16497374,0.3907893,0.20549828,0.03237897,2
1.3686627,0.13896091,0.03306326,0.6594564,0.09044784,0.5494507,0.16525696,0.32916042,-28.891365,29.435392,5.374983,19.657484,28.50052,0.20658706,0.08850124,0.084655285,0.39481738,0.22543901,2
2.5088472,0.16164616,0.019675415,0.61792725,0.18499482,0.2448504,0.13387571,0.31284738,22.787931,39.462376,-9.171678,19.182627,42.32191,0.07331551,0.10405503,0.31636655,0.50049925,0.005763678,2
1.3710293,0.1904904,0.038635958,0.2145028,0.1360245,0.5743016,0.12987907,0.33505926,-17.682951,22.897087,-6.4182916,12.364716,69.19902,0.03313374,0.010455293,0.638284,0.20967826,0.10844867,2
0.0,0.16452907,0.023012683,0.28326535,0.13257752,0.3388312,0.20620541,0.26777816,32.565918,33.76224,-9.426031,26.195824,47.842632,0.28011027,0.002857566,0.2801987,0.30199707,0.13483642,2
0.0,0.24337776,0.02178164,0.6646823,0.08252093,0.48985276,0.13523243,0.2629008,20.276623,22.342415,-14.108261,8.0,47.511784,0.09174369,0.004563634,0.1383458,0.5996148,0.16573209,2
3.7940657,0.26,0.042409707,0.43008184,0.20488018,0.42965785,0.062237155,0.39711586,-18.187529,27.466032,-7.1769223,17.110113,48.54671,0.3005429,0.33133203,0.26099613,0.091949336,0.015179611,2
0.8091014,0.17574288,0.031983238,0.4792115,0.08039274,0.5617815,0.18119614,0.4080713,5.999093,25.753033,-8.913295,31.192684,44.507656,0.27600935,0.008975245,0.62618965,0.060569324,0.028256414,2
2.8180833,0.103436746,0.021726137,0.5948866,0.07982396,0.45814368,0.14047548,0.37124935,-17.208115,33.72845,-6.8841496,8.456918,61.1416,0.25641403,0.018788986,0.45513767,0.05670603,0.21295327,2
0.0,0.15852523,0.02576476,0.6935658,0.14707576,0.6284397,0.11637466,0.3084446,-19.681362,34.936966,-30.0,23.240885,40.091354,0.24137446,0.00024153233,0.59302187,0.16413312,0.0012289991,2
5.3753104,0.1693288,0.03853094,0.57050675,0.090982765,0.35359445,0.08220196,0.22967935,-40.0,49.381516,-20.111557,25.19773,82.26614,0.0837983,0.104130246,0.3959138,0.3614117,0.05474594,2
4.9169965,0.20743902,0.020460295,0.37101802,0.24339929,0.31581,0.19305998,0.2795618,11.4172735,28.625938,-16.625746,15.881031,33.02614,0.002405627,0.2673603,0.1563478,0.5738163,6.996477e-05,2
7.669904,0.12655583,0.02893295,0.31694886,0.090598546,0.36157233,0.21451448,0.2609499,-8.217135,32.904495,-26.355192,12.55288,70.303375,0.1847777,0.010594407,0.59126043,0.21332802,3.945735e-05,2
7.08482,0.115076885,0.028928308,0.33943045,0.17965882,0.5159996,0.09637991,0.34705305,14.130486,40.57638,-20.778631,8.092834,59.904297,0.01778838,0.008166122,0.2572473,0.5061499,0.21064833,2
0.23507528,0.19048163,0.05184501,0.6836829,0.22214733,0.5209728,0.14487927,0.2973284,4.058951,29.77449,-4.377867,16.569307,41.811783,0.004084394,0.0011326297,0.7526393,0.19161558,0.050528113,2
0.42014462,0.15812689,0.018403573,0.6290775,0.17578362,0.28554755,0.15195005,0.31086406,-21.91318,30.876215,-8.294903,14.357574,53.085213,0.37249064,0.0009905976,0.17464419,0.20455533,0.24731925,2
4.0541015,0.1574954,0.018734284,0.50690234,0.102237985,0.33823425,0.042823,0.2676692,15.138617,35.48341,-1.6887909,9.737721,60.13582,0.13319945,0.00023183246,0.31648317,0.22978039,0.32030517,2
0.34102184,0.14481162,0.02552742,0.2862163,0.15716878,0.4746091,0.12781513,0.1,9.346556,23.912086,-2.3748827,26.79595,57.51289,0.43844467,0.025163531,0.39967528,0.12983827,0.006878227,2
3.7057247,0.16384865,0.024943022,0.633789,0.20776443,0.5894463,0.04293964,0.36186683,-8.6325245,31.808182,-1.5825266,13.782015,27.182785,0.017017918,0.00028078226,0.8858838,0.0945606,0.0022568663,2
1.9613514,0.18796349,0.030342875,0.5283949,0.065043345,0.35572216,0.12908684,0.2654893,17.552385,22.699287,-11.057736,23.02799,54.636032,0.22226147,0.21386318,0.14572588,0.1515072,0.26664227,2
5.7499113,0.1,0.026290411,0.38500625,0.19487935,0.2688159,0.24315067,0.3377682,-4.8683796,27.13184,2.0036197,13.774029,33.33999,0.028463764,0.09178774,0.4797304,0.3920471,0.007971006,2
5.8357854,0.18065447,0.036837496,0.49186784,0.16455483,0.5603797,0.05754261,0.24632555,-14.150324,49.320286,-17.179953,23.585026,62.57785,0.21155708,0.044270523,0.41761917,0.31351992,0.013033339,2
2.080814,0.20750397,0.030765904,0.57604873,0.23450033,0.23021388,0.22381273,0.3835547,-3.4325228,28.700098,1.4902756,21.294352,62.83907,0.34831798,0.15601677,0.21493599,0.14101568,0.13971359,2
0.0,0.19788629,0.02233918,0.43316734,0.1614184,0.5047934,0.21881905,0.23255892,-6.6545854,31.9956,-2.6370642,27.09903,33.568573,0.18151632,0.04855757,0.33083555,0.4071119,0.031978667,2
6.031106,0.26,0.028162595,0.34456936,0.14760935,0.17977087,0.12972125,0.26502588,-26.711702,14.0,-4.983827,8.663781,26.28468,0.031443074,0.033133864,0.18926603,0.7088259,0.037331164,2
1.1667182,0.16249989,0.027904682,0.52832824,0.17418933,0.42555425,0.15575778,0.2711172,-40.0,33.965572,-11.701362,14.492767,46.340767,0.011901415,0.20240077,0.63705283,0.011828813,0.13681619,2
2.929567,0.17628343,0.03921824,0.53780156,0.078002654,0.39761293,0.11582931,0.1644175,29.643248,47.783802,-18.312866,26.299158,47.104233,0.14559424,0.011653624,0.5147933,0.32748204,0.00047681722,2
2.5898607,0.23094213,0.03699334,0.21594845,0.09921753,0.3461048,0.107641056,0.29873088,20.381067,22.363647,-11.533845,15.299721,50.09375,0.09315222,3.892258e-05,0.48308143,0.39361107,0.030116372,2
4.152364,0.18216151,0.03578272,0.48919794,0.14346762,0.612742,0.14016646,0.3279192,26.605738,39.755825,-26.743465,17.10938,55.05463,0.10038855,1.3185705e-05,0.6556724,0.20327906,0.040646825,2
1.1328372,0.24021937,0.024259226,0.37362444,0.113815576,0.42999995,0.09126279,0.29938054,16.23522,24.42075,-1.1678865,23.669771,48.14142,0.4106335,0.16787718,0.35474816,0.033082806,0.03365837,2
0.0,0.21267398,0.03258148,0.5715004,0.109423645,0.4198124,0.15365534,0.4322217,-7.449691,15.100488,-16.351774,17.756414,51.24542,0.45711982,5.0670107e-05,0.46309355,0.07240842,0.007327522,2
3.4546504,0.18575393,0.020866191,0.24447554,0.2418955,0.40918204,0.13207515,0.20762429,-3.1678886,26.06238,-15.736391,20.617857,39.99833,0.033386707,0.018170226,0.45923996,0.38561967,0.10358343,2
5.479488,0.17954102,0.03529953,0.30893663,0.22969846,0.34783995,0.07663289,0.1492737,-11.088418,23.850443,-29.835278,19.000376,37.6705,0.06241033,0.015326646,0.18800889,0.73311716,0.0011369786,2
2.6303859,0.17061129,0.039809834,0.15,0.03,0.6593183,0.16547671,0.18661399,9.740371,31.037773,-22.093649,17.483185,57.242783,0.12874535,0.032635387,0.35922065,0.42966402,0.0497346,2
2.621228,0.17861143,0.013385142,0.56223994,0.14200437,0.39477545,0.16678527,0.27588803,8.512943,27.27575,14.614187,10.207039,56.237427,0.039854795,0.041324556,0.54750043,0.363126,0.008194195,2
0.0,0.14617908,0.029407434,0.2751753,0.08041204,0.66257244,0.18615033,0.3539223,-6.1714344,21.012638,-18.045437,16.577957,45.706966,0.05105964,0.0036267943,0.08442222,0.80464464,0.056246676,2
4.5421953,0.20709608,0.029399114,0.30106506,0.19753109,0.34093192,0.10601522,0.2822171,7.8864098,34.79441,-1.4209346,23.635305,37.366577,0.060209587,0.19293088,0.4267857,0.2985307,0.021543128,2
4.7590914,0.25657213,0.037375864,0.48632622,0.15112801,0.4421856,0.1814471,0.23547274,20.882053,40.561893,-24.58365,17.613773,68.62791,0.42944565,0.0008014005,0.27600417,0.22280721,0.07094156,2
2.6782377,0.10752683,0.025403278,0.47609687,0.21325622,0.3826165,0.23833455,0.374798,-0.051933795,35.844986,-25.242706,23.295218,70.527626,0.21395503,0.10157026,0.2757995,0.099380635,0.30929458,2
0.07693517,0.22715393,0.025291486,0.5955364,0.096930675,0.34358087,0.13148403,0.26190102,-20.946606,31.602768,-12.096259,17.557411,63.671623,0.08495297,0.046249513,0.23489878,0.41787168,0.21602705,2
3.2454994,0.18968034,0.03142988,0.6106461,0.092496395,0.41732055,0.13593411,0.17383634,8.217301,29.302832,-11.264784,23.239388,57.595802,0.20061532,0.0034590608,0.7306067,0.041581675,0.023737302,2
3.4976616,0.22177704,0.03501501,0.66953236,0.12905043,0.6397681,0.16393334,0.33991122,-22.014664,35.269592,-17.933064,15.530881,36.92419,0.36233902,0.060352024,0.23400074,0.22245137,0.12085683,2
2.8770652,0.15651865,0.031802583,0.7421955,0.11013983,0.5945137,0.03,0.31515685,-14.559435,25.046066,-11.967422,11.684537,65.37369,0.31939757,0.10359517,0.3844631,0.17801769,0.014526473,2
0.0,0.17274545,0.03720679,0.6563993,0.13538012,0.4429409,0.061694473,0.28663155,4.971346,37.572666,-19.669344,25.919392,56.943924,0.01315348,0.2711564,0.16858535,0.5378781,0.0092266835,2
3.760987,0.23062126,0.03567042,0.5498856,0.19934818,0.27599534,0.10246341,0.383509,11.136047,18.467657,0.21917105,12.153076,37.707664,0.021445349,0.17797929,0.4663778,0.11751191,0.21668565,2
3.4880004,0.17802827,0.026023254,0.5326048,0.16336752,0.47863632,0.11294776,0.26269662,1.7159106,14.298019,8.192788,14.996595,58.466244,0.12129221,0.020266805,0.42868078,0.24618363,0.18357658,2
4.256283,0.21299982,0.030352326,0.5924959,0.12517568,0.37652227,0.1356095,0.28959262,-18.233042,35.522514,-1.4634295,19.914642,43.87402,0.11764082,0.5956983,0.19923411,0.024817046,0.0626097,2
2.5911808,0.1564622,0.03456144,0.19686955,0.142696,0.32418904,0.143363,0.20170033,40.0,20.340818,-25.580132,8.0,59.947845,0.69985974,0.026703654,0.23875277,0.034589365,9.448293e-05,2
6.8506637,0.17206718,0.023831502,0.47679892,0.06087324,0.51664025,0.06135005,0.22073126,-9.391232,23.199919,-7.461642,15.8317995,63.7328,0.25144273,0.10232434,0.21743593,0.21663989,0.21215713,2
2.9943123,0.20037284,0.024734696,0.22589456,0.04235416,0.28631604,0.18761268,0.23682962,8.18913,20.65912,-17.7425,15.236974,56.2382,0.0060261227,0.109254934,0.2804368,0.49447006,0.10981207,2
7.185038,0.1961867,0.018501922,0.38976336,0.20055449,0.45246392,0.14665626,0.31851578,-10.515128,35.36842,-17.74809,17.944529,39.98156,0.033558626,0.072450414,0.2265533,0.29916057,0.3682771,2
3.6685946,0.21307535,0.03961896,0.27861682,0.10193244,0.4935851,0.13299043,0.22267242,-16.917303,22.822916,-4.837559,18.16878,57.41468,0.14882301,0.28835347,0.1364428,0.39207804,0.034302663,2
0.0,0.16636153,0.047523897,0.55833226,0.21169373,0.519073,0.15452725,0.2632405,0.9358685,42.51088,-10.860099,16.52461,56.73775,0.14808364,0.13224924,0.2002258,0.025156824,0.4942845,2
5.50744,0.17999917,0.024767127,0.5901662,0.12467575,0.28608495,0.09923326,0.25439614,-7.9606714,36.912964,-10.796767,18.623562,41.582623,0.26361126,0.0023633344,0.4804933,0.24771613,0.0058159726,2
1.9074104,0.21876635,0.034791723,0.68241477,0.14671488,0.64062804,0.11807392,0.26631317,1.7145219,32.379314,-11.478939,30.062284,45.90764,0.09312848,0.015958568,0.48894203,0.3151199,0.08685103,2
1.667689,0.23770483,0.040181153,0.35489163,0.18152887,0.4719975,0.07586567,0.21649712,-11.806625,44.39443,-20.945024,36.266544,72.85947,0.30027425,0.125458,0.094392456,0.47965395,0.00022133719,2
6.114287,0.1464398,0.020853473,0.4013352,0.18737912,0.43677437,0.03,0.2555075,2.4244254,21.591259,-22.125689,23.36056,69.8758,0.10567766,0.08774712,0.4408349,0.3408071,0.024933202,2
0.0,0.22752109,0.03298191,0.6624169,0.11428636,0.27765453,0.11818082,0.18932031,-13.505673,31.170872,-14.790756,17.564915,43.43043,0.33948562,0.0069264583,0.17464617,0.45895737,0.01998439,2
0.0,0.14925255,0.04082159,0.42319626,0.14355443,0.33781722,0.21623044,0.26722184,19.376682,14.0,-13.916252,13.517279,25.740866,0.061151464,0.016170502,0.7189842,0.06726381,0.13643005,2
2.3426437,0.18831141,0.028105522,0.39219984,0.1390904,0.39369327,0.10156611,0.2680267,5.3622484,25.249851,-7.838165,14.670169,67.78917,0.029283099,0.39187145,0.09937269,0.36262858,0.11684418,2
3.9043558,0.19128749,0.029592702,0.60688686,0.15891813,0.433109,0.052165616,0.27508047,-2.2570274,18.146528,-3.1134832,18.176107,75.44161,0.42076984,0.004904509,0.4045949,0.13258085,0.03714991,2
5.602668,0.16050795,0.041294474,0.5777917,0.14965832,0.47770363,0.15823634,0.30916035,-0.29656968,38.189606,-13.755126,27.75872,68.884254,0.28819898,0.12857513,0.48032427,0.0869164,0.015985215,2
3.4345367,0.1728979,0.026864454,0.6435685,0.103493705,0.394026,0.1060646,0.3966438,-6.785499,41.34529,-10.227816,12.633748,45.743843,0.21680161,0.0003236108,0.53857094,0.13916281,0.10514102,2
0.0,0.109232485,0.025666006,0.57234937,0.14747362,0.6101684,0.1518686,0.15388718,2.148614,27.557297,-2.8002083,22.334017,58.04787,0.28696075,0.10991407,0.15658401,0.42695546,0.019585676,2
0.0870291,0.20899075,0.028789138,0.44087785,0.0668339,0.39094275,0.16304094,0.2440333,26.957165,50.570095,-14.503704,16.163557,38.90345,0.4842434,0.00013528469,0.29168868,0.1868401,0.037092563,2
0.0,0.16889635,0.044847056,0.70613873,0.14015298,0.45960596,0.10467326,0.20608403,-10.282851,22.397995,-7.677736,26.545124,62.973206,0.039326925,0.1250925,0.23171966,0.5448369,0.059024032,2
0.0,0.17832536,0.036677808,0.632487,0.14592019,0.5728147,0.15073946,0.29181725,2.887359,19.312447,-9.82688,17.180733,43.012806,0.04996042,0.26967266,0.4556001,0.22224548,0.0025213184,2
2.4895308,0.1571057,0.034618024,0.49742833,0.09097352,0.37047735,0.12822728,0.31955594,-13.8159075,25.135433,-15.191862,14.4966955,42.377068,0.2507058,0.0012328968,0.33785906,0.4075221,0.0026801233,2
4.5327272,0.20912199,0.0345341,0.63293636,0.12590222,0.27234444,0.031606555,0.18507007,-40.0,33.43893,-24.70004,14.960432,48.97568,0.03843255,0.011455188,0.55509937,0.07964723,0.31536564,2
5.9136353,0.18741173,0.0214043,0.49799672,0.1143276,0.38663262,0.103770904,0.29227072,11.032086,38.516834,-21.457186,31.95675,43.277245,0.08596564,0.067380704,0.45138174,0.33558646,0.05968546,2
4.48924,0.13403352,0.034855224,0.36090028,0.11527512,0.5458846,0.08851223,0.3305771,19.41094,37.137894,-1.6010919,19.459515,58.81851,0.41361997,0.049538556,0.35573646,0.17424428,0.0068607163,2
1.3257694,0.1755021,0.026991643,0.5166026,0.17788202,0.4446018,0.05459224,0.29974982,7.8410573,26.948624,-28.157368,27.425701,39.751225,0.28655085,0.030719576,0.11638359,0.47944847,0.08689753,2
6.2470803,0.13859785,0.028879318,0.788947,0.1631175,0.5175353,0.087635234,0.2463632,40.0,40.108513,5.75838,22.219126,81.048294,0.51631516,0.0682505,0.3208701,0.013022246,0.081542,2
2.3688638,0.1808141,0.02846943,0.6562194,0.18806541,0.27888325,0.16356033,0.3173183,-6.4753137,25.327784,-18.766262,24.024025,56.606316,0.16108231,0.120804645,0.24882236,0.45009613,0.019194564,2
3.1813831,0.20731078,0.038008805,0.5623899,0.24391396,0.2427448,0.13070117,0.25214833,-16.119345,56.181427,-29.689293,17.150919,45.802025,0.20505726,0.041710444,0.17967995,0.5476441,0.025908276,2
1.0132005,0.18770689,0.04512858,0.36550567,0.19486842,0.50606835,0.03721301,0.33338502,21.310833,39.66772,-17.414055,18.982101,38.28024,0.19761677,0.0014660768,0.07928958,0.26968047,0.4519471,2
2.264877,0.19737417,0.023197021,0.32258207,0.06319185,0.47847286,0.07445532,0.2946816,22.428514,14.0,-30.0,12.353996,46.273808,0.059520416,0.06315645,0.21168804,0.66066605,0.004969074,2
1.736445,0.22228435,0.039087858,0.4633399,0.10722303,0.32668257,0.13075902,0.2568182,19.766684,25.616076,-29.063904,12.720027,47.501396,0.36393937,0.0016352292,0.10303826,0.39278692,0.1386002,2
0.0,0.14725344,0.02935589,0.408878,0.20710412,0.2990025,0.12985149,0.18194564,-19.453865,23.19618,-11.006166,18.102186,46.743675,0.19212876,0.017582161,0.2533414,0.47486877,0.06207891,2
4.9111,0.1624545,0.0368938,0.50266033,0.12025519,0.4167647,0.11397836,0.27120176,-12.5790415,49.074024,-27.656229,17.376322,44.05787,0.35653064,0.06798482,0.30637193,0.20883946,0.060273156,2
3.5030358,0.10800725,0.033232093,0.52263314,0.11693215,0.43115172,0.1676693,0.19498545,-29.567272,21.608887,-27.14929,18.735012,40.125008,0.004111743,0.064484134,0.33159888,0.2208232,0.37898207,2
5.384669,0.16482034,0.025922846,0.28661653,0.15670648,0.29024097,0.14845003,0.19390757,35.51438,14.0,-11.459111,25.14757,60.882587,0.21977712,0.13646685,0.27267918,0.3347893,0.036287557,2
0.88808876,0.1554678,0.025801742,0.3743054,0.12576658,0.42824978,0.101431504,0.24563776,-16.563847,39.157314,-11.269745,32.72807,66.95647,0.05236417,0.14223994,0.18293838,0.6108616,0.011595931,2
5.1164136,0.20616044,0.029144166,0.4468162,0.22546916,0.26254642,0.09623525,0.26467553,-21.717623,14.0,-7.024235,12.806723,39.654194,0.32240877,1.7758595e-07,0.5548012,0.121236235,0.0015535642,2
0.0,0.19845392,0.033735428,0.5654405,0.1319323,0.36020476,0.11992252,0.18639131,-1.8761432,26.860323,-9.697718,22.391088,49.40678,0.34759128,0.12026153,0.2963482,0.22996753,0.00583143,2
4.6243134,0.2400348,0.034843367,0.5710481,0.2605906,0.27891502,0.03,0.258433,2.1123705,37.327515,-12.5755,15.607918,28.409475,0.1836805,0.6987033,0.01571066,0.10180044,0.00010507884,2
5.027389,0.15994336,0.054639995,0.34499002,0.11199841,0.4236094,0.1446056,0.25335884,11.992353,26.602736,-6.303587,8.130894,43.451347,0.046598267,0.0032205724,0.346941,0.51342803,0.08981217,2
0.0,0.19586413,0.035254307,0.31628764,0.10714285,0.3599095,0.067176074,0.2280119,-2.3447807,42.914715,-2.9308894,36.25122,73.63155,0.046751555,0.05551371,0.44926253,0.24014491,0.2083273,2
6.3502474,0.20961276,0.020521907,0.35801795,0.09823715,0.5986893,0.19047643,0.25203198,-12.228447,33.64936,-11.376237,19.219791,64.39805,0.10461195,0.016620152,0.6112964,0.02293508,0.24453641,2
7.6754537,0.26,0.040975,0.6194767,0.10065085,0.4733217,0.04440123,0.31512412,-7.1232815,21.899366,-6.9379053,17.065424,57.426384,0.07013883,0.015285844,0.6539238,0.26057127,8.0238744e-05,2
1.2754939,0.1974225,0.03568727,0.42893115,0.17617284,0.27924937,0.14848018,0.24286309,-10.863699,32.075485,-30.0,25.960806,36.124813,0.04246313,0.0003118634,0.35825303,0.3753205,0.2236515,2
7.348195,0.178078,0.029622292,0.5159607,0.072803535,0.54607004,0.03043864,0.31070176,25.08448,45.825817,-16.403711,36.55974,41.636868,0.066547915,0.07318315,0.43452346,0.4083554,0.017390061,2
0.0,0.18502542,0.022061402,0.5625604,0.08978251,0.41300637,0.09771809,0.26442,-0.113851495,32.32993,2.3642666,21.866821,43.808598,0.3140663,0.022033466,0.2913911,0.37197667,0.00053247216,2
2.5912,0.19861223,0.028699905,0.6841371,0.1659813,0.5274405,0.14977588,0.3412931,11.426164,34.868397,-17.635067,37.49703,62.259003,0.0032989392,0.00019644659,0.58266294,0.40664446,0.007197198,2
0.0,0.23493521,0.040298864,0.31692028,0.031503145,0.28148043,0.17586882,0.32681993,-3.766761,34.314495,-6.9885073,19.62654,65.614426,0.29911548,0.3205177,0.213246,0.13927436,0.027846463,2
5.788941,0.16298003,0.03492346,0.6819295,0.06637104,0.50881654,0.1733506,0.2551264,-32.8831,23.631836,-9.688497,26.881184,50.10429,0.36258012,0.00394536,0.23652825,0.38388106,0.01306524,2
0.0,0.15156302,0.041791767,0.5866903,0.13740124,0.6826866,0.16436414,0.22234444,29.573572,15.176348,-18.31643,14.097462,60.90632,0.2208362,0.254795,0.118492305,0.2991001,0.10677638,2
0.0,0.26,0.04136726,0.7501454,0.16040352,0.50678897,0.16991156,0.30395147,10.44822,33.608673,-7.499015,14.183297,41.280563,0.088513374,0.08623272,0.7952664,0.028424462,0.0015630305,2
3.7869933,0.13492735,0.032581814,0.7107792,0.123188965,0.36557087,0.17413786,0.23327893,6.980885,43.214222,-16.591316,21.941256,53.968803,0.24430808,0.0008147118,0.37912554,0.36807618,0.007675508,2
6.108844,0.21422543,0.0057385545,0.51644987,0.16178131,0.5747204,0.101699,0.160292,-38.166943,35.504616,-16.934046,29.063381,62.71416,0.23415719,0.044776462,0.42794785,0.18462452,0.10849398,2
1.786534,0.19664957,0.023711419,0.38775182,0.09696942,0.35468385,0.110586464,0.32148692,-2.5037825,18.036837,-17.04418,16.317001,69.27264,0.06671759,0.057767287,0.63784635,0.029672537,0.20799625,2
3.4089181,0.1928791,0.018596943,0.5991426,0.21569471,0.49473742,0.16348062,0.22714518,27.763445,33.95852,-20.711042,26.353949,36.220104,0.16535217,0.027704043,0.56775934,0.031586114,0.20759833,2
8.285708,0.13089503,0.04226871,0.3320852,0.18554914,0.70638067,0.18435335,0.1250896,23.32185,38.63881,-22.05384,22.4923,67.55988,0.25611746,0.12722138,0.14100307,0.40124562,0.07441249,2
0.14795364,0.26,0.035041537,0.53243566,0.09928675,0.36739576,0.12154364,0.26465094,-3.9177907,40.89142,-16.908306,17.936895,79.09477,0.0010279323,0.19523244,0.6917351,0.097770005,0.014234506,2
0.055699587,0.18705858,0.02919209,0.38842872,0.13057764,0.4983,0.10215654,0.33552346,21.94852,35.733818,-11.361691,24.954248,33.14541,0.0575306,0.07092935,0.51429045,0.28573883,0.07151081,2
6.256867,0.15939453,0.026749767,0.46381593,0.041781664,0.67754215,0.10048239,0.22872122,28.26428,32.481853,-15.818068,14.358267,31.187437,0.3021952,0.04362917,0.49608734,0.15646042,0.0016279005,2
3.6729894,0.12681274,0.039586842,0.17273983,0.18648222,0.55500364,0.08735951,0.24563804,-2.781527,24.43172,-16.473219,27.118538,69.77181,0.122819826,0.09969677,0.14708872,0.61532974,0.015064959,2
7.274518,0.1,0.023721782,0.48738846,0.07603155,0.52254254,0.15220931,0.3049058,23.724377,28.515127,13.644703,18.32818,45.76031,0.00726964,0.003607657,0.60569525,0.32415023,0.059277207,2
0.0,0.20816585,0.020583931,0.5180124,0.113068506,0.20119911,0.18537684,0.23814842,22.915892,39.16201,-4.781875,25.038134,48.173355,0.018195583,0.19231284,0.52966106,0.25508538,0.0047451453,2
0.0,0.14649524,0.019895291,0.42010093,0.12534964,0.3214012,0.15296029,0.26272997,15.099054,22.573256,-28.530361,21.44825,65.08771,0.08474155,0.4153137,0.31098863,0.17923029,0.009725833,2
0.0,0.16927552,0.031765256,0.4873525,0.07117789,0.54097784,0.12779918,0.33265337,16.842638,22.232935,-9.498225,20.620214,40.23917,0.02721856,0.19527388,0.38838914,0.38787794,0.0012404661,2
5.1201496,0.15590383,0.024379795,0.33740857,0.0983522,0.39977276,0.22459891,0.31742424,-15.717484,36.617447,-9.102969,8.0,54.13396,0.047237977,0.06241045,0.06930027,0.48181957,0.33923173,2
6.60168,0.20151246,0.03887423,0.61693215,0.1586209,0.37762114,0.12906528,0.28583688,14.128177,33.577503,18.0,16.022963,34.57243,0.078401536,0.09776019,0.6590262,0.16233496,0.002477105,2
6.2120633,0.19558151,0.030757995,0.50373566,0.11509928,0.5781381,0.19847147,0.15330808,-2.2600615,43.346138,-8.61954,13.029939,61.425297,0.22414339,0.0018857293,0.406558,0.34171134,0.025701527,2
4.6662087,0.21008277,0.019623846,0.8357723,0.1835875,0.516335,0.07509423,0.3108859,-16.27535,38.357517,9.063,23.859114,61.362804,0.0329382,0.018616151,0.30087554,0.6422176,0.0053525325,2
6.7584476,0.21160904,0.028823148,0.54383844,0.17708333,0.33831188,0.14043593,0.24233815,27.37158,25.197037,-16.025492,18.380253,53.13172,0.018099295,0.21031985,0.47937176,0.19589406,0.09631504,2
1.1778196,0.1513606,0.02290486,0.55736935,0.097557075,0.5283307,0.08053459,0.30427402,-2.1211584,44.101597,-19.77233,8.294231,51.231705,0.13752948,0.07995681,0.5020453,0.256766,0.023702452,2
0.0,0.12613356,0.029667974,0.42959926,0.11731771,0.32149094,0.08363797,0.1638206,4.220788,32.923103,-23.565943,23.957039,50.909626,0.011738136,0.0021837747,0.53438157,0.44003657,0.011659958,2
0.0,0.17406113,0.03936613,0.67882633,0.11734259,0.24598387,0.089299716,0.3356401,2.536547,36.53431,-3.1729949,18.839413,49.027164,0.03418702,0.005559438,0.23989142,0.25294006,0.46742207,2
0.0,0.2006937,0.029383972,0.43574286,0.11980288,0.47462678,0.1330536,0.21116722,-28.017904,27.022964,-21.15962,19.585054,50.196976,0.064686015,0.060844872,0.7603577,0.01418618,0.09992527,2
0.0,0.18433064,0.025257744,0.7593075,0.2137394,0.28766015,0.10679614,0.30017248,-5.321746,34.81397,-18.47854,23.221312,61.546688,0.30879614,0.0043309373,0.42194942,0.22678477,0.038138736,2
0.0,0.10522793,0.03413045,0.7549644,0.14958215,0.2856012,0.03,0.33532637,13.9253645,25.52534,-6.858352,21.769693,29.6562,0.788355,0.017698184,0.16254629,0.030372484,0.0010280306,2
0.22356866,0.1822994,0.027150305,0.42316008,0.057036858,0.31363013,0.1081998,0.2973525,0.25880894,14.0,-15.265198,34.09292,73.09677,0.011820955,0.009832124,0.29233485,0.43477562,0.25123644,2
4.820335,0.139977,0.03483204,0.45845783,0.10725851,0.4555608,0.09870396,0.29703137,-6.3528533,46.587826,-10.484371,26.375244,53.33288,0.46892235,0.0010993098,0.42934945,0.088811025,0.011817838,2
3.88289,0.18088533,0.033169016,0.3911654,0.11689265,0.5299335,0.042550158,0.27617735,6.003249,22.446777,-24.570562,20.491516,78.10499,0.059162304,0.24815771,0.67120725,0.012888975,0.008583783,2
7.5254345,0.21858087,0.022108223,0.29948163,0.16117585,0.4002967,0.15263563,0.18461616,19.333496,25.2169,-30.0,22.310102,54.095665,0.17740269,0.025039375,0.5579428,0.11855818,0.12105696,2
0.0,0.1,0.02002838,0.5440619,0.23010834,0.29081845,0.16325809,0.36278045,-29.418339,24.64021,0.84970605,18.486462,51.20513,0.28898516,0.32639274,0.12225929,0.16221218,0.10015063,2
4.119385,0.2402846,0.027561836,0.5006797,0.17936526,0.3000698,0.16083512,0.3466845,-1.8838829,46.63827,-0.41298908,16.597118,58.59525,0.08346309,1.2248534e-05,0.24196734,0.6618947,0.0126626305,2
6.948206,0.13815844,0.033799957,0.5991916,0.13489614,0.24872185,0.21516071,0.24321736,0.34686708,34.64755,-14.468424,26.17954,36.08442,0.5185967,0.002315212,0.36576572,0.11248682,0.0008355383,2
1.4673218,0.21983631,0.04435029,0.49247772,0.09746256,0.5210975,0.07389741,0.1,31.849888,36.002884,-10.948968,31.307772,38.258762,0.014638337,0.1942252,0.5604792,0.008591406,0.22206582,2
1.6643529,0.21364138,0.021436106,0.63083893,0.21105023,0.32667592,0.075129144,0.34046882,21.715601,39.004745,-21.398796,18.84278,48.66556,0.29553512,0.1095828,0.40101758,0.14604612,0.047818407,2
7.145209,0.16795285,0.022405611,0.49282584,0.12516235,0.46205178,0.12827933,0.14254671,-24.849424,37.113205,-14.613353,23.817785,51.97895,0.18258671,0.18637274,0.36086205,0.22510494,0.045073546,2
1.932334,0.19817819,0.03824165,0.47075295,0.06897493,0.21804915,0.1240469,0.30724943,24.116728,32.30171,12.231092,13.64573,63.450394,0.34108755,0.0072036805,0.42182118,0.20749904,0.022388559,2
7.2996883,0.1519409,0.03194203,0.5130956,0.15788287,0.58720344,0.13667893,0.21899782,-2.7136412,32.00713,5.925223,24.533587,52.00234,0.06888743,0.15734212,0.62863463,0.11644857,0.028687287,2
0.0,0.11096398,0.028949184,0.6139801,0.07821374,0.43314233,0.17179793,0.30361724,-28.9701,43.79613,-9.185197,13.520854,68.49553,1.2804583e-05,0.03404893,0.23413147,0.6686347,0.063172065,2
7.857452,0.22550955,0.035752743,0.44455856,0.17298448,0.24632531,0.11720841,0.19948773,-24.17846,19.406195,-30.0,21.4373,24.0,0.18359195,0.048841387,0.31483534,0.43742177,0.015309571,2
6.7722583,0.15267327,0.040300656,0.63624316,0.12030245,0.36196488,0.18164271,0.2703894,24.575253,22.35502,-6.7685795,23.120596,72.76092,0.017791966,0.0014606827,0.7255569,0.2539043,0.0012861184,2
0.13083066,0.25203106,0.038669746,0.3894335,0.12471402,0.45641586,0.09143407,0.150557,8.181747,36.14988,-14.638506,29.246857,46.143433,0.2354405,0.030224089,0.32778198,0.26268062,0.14387284,2
2.0753279,0.21532086,0.024746582,0.45288393,0.03,0.328237,0.10465061,0.27106777,-17.694689,33.280174,-16.13122,8.0,59.26013,0.21940657,0.00097162934,0.1721786,0.41308558,0.1943576,2
0.0,0.14621574,0.033877313,0.22021092,0.19387652,0.4780554,0.074445106,0.26969072,28.49301,27.184898,-12.057334,31.24251,65.463234,0.5719868,0.023158457,0.286835,0.10407551,0.013944248,2
1.5192751,0.2035422,0.039411765,0.44880867,0.08104445,0.58782536,0.03,0.3202596,12.777198,51.699352,7.286528,28.511742,35.273468,0.03426982,0.16223401,0.7143005,0.0547992,0.03439646,2
0.0,0.20111512,0.028050076,0.33172056,0.10388389,0.5440979,0.042492457,0.2365161,-4.6089745,19.618002,-10.516152,23.72203,68.407166,0.27136642,0.031123217,0.51235753,0.1826449,0.0025079404,2
0.0,0.24890144,0.033356104,0.58313066,0.1495447,0.43138164,0.17474696,0.2898078,5.3819785,30.717953,-2.020148,17.85878,60.107857,0.070471875,0.4036692,0.41620162,0.0876825,0.021974789,2
0.0,0.16044201,0.025676984,0.57635134,0.1327063,0.6057274,0.1851274,0.24224089,-15.784343,32.803913,-7.7162786,27.48993,72.36101,0.32327583,0.0071012266,0.20259748,0.22871861,0.23830687,2
6.110516,0.17070925,0.022746613,0.682508,0.25481248,0.45767754,0.06604455,0.30174932,35.984158,26.602467,-8.030187,33.23179,51.987152,0.19387236,0.028638044,0.5515831,0.22529429,0.0006121851,2
0.0,0.1973315,0.03369133,0.7492375,0.05375414,0.41902152,0.1765725,0.29737797,-21.352613,24.247284,-5.306406,18.150576,51.023876,9.407948e-05,0.076322034,0.33894983,0.1675175,0.41711655,2
7.1183043,0.18072645,0.037768804,0.4755749,0.12084611,0.42218974,0.03,0.3315752,-23.190662,27.479567,-16.142937,30.214403,42.164196,0.12372069,0.0017546117,0.42230478,0.4129227,0.039297204,2
5.7436314,0.12438948,0.03649646,0.3893203,0.17930903,0.44468507,0.07842542,0.18791118,3.5042405,44.54343,-25.530071,26.949354,42.60566,0.056276612,0.006685843,0.15103564,0.7368221,0.049179755,2
6.952227,0.22059354,0.019697461,0.57037103,0.11784828,0.4862966,0.10662095,0.2635997,40.0,26.784578,3.9966578,28.778385,50.28917,0.31404182,0.055687536,0.34258556,0.2621209,0.025564156,2
4.034164,0.24392727,0.040909745,0.44179317,0.1398336,0.32673246,0.1826861,0.28986552,-25.303682,33.74099,-27.19838,25.518742,58.06657,0.11645026,0.053689923,0.6907548,0.13473922,0.004365811,2
7.947437,0.18613304,0.035068315,0.40927696,0.2692376,0.5700365,0.22032131,0.39735368,14.674714,24.750156,-9.070055,20.177355,60.07391,0.16811171,0.08379254,0.42656907,0.07304831,0.24847835,2
0.0,0.1290939,0.03944883,0.4974338,0.14329219,0.5897231,0.10684366,0.4087879,1.2562008,36.60952,6.1869035,11.778006,38.934746,0.055132315,0.0011094038,0.2812486,0.37514463,0.28736505,2
7.1050253,0.17547563,0.02300759,0.41171166,0.21003373,0.7305903,0.12657857,0.17484047,7.189722,39.894413,-8.504767,16.668644,49.84083,0.05827906,0.25241485,0.46701226,0.21805163,0.0042421888,2
12.0,0.14362772,0.037190914,0.80892533,0.17248331,0.22811875,0.18203557,0.2269598,20.55708,28.476793,-5.9414644,24.84779,53.762226,0.09643347,3.4952016e-05,0.74490243,0.1406393,0.017989833,2
2.2094634,0.16963482,0.035589244,0.46043772,0.1768744,0.43821454,0.24239051,0.1,-12.337791,36.367714,-5.93804,18.66589,25.20175,0.54875755,0.007770732,0.14548299,0.2948421,0.0031466414,2
2.8339403,0.1874176,0.020361792,0.49539846,0.13007927,0.33796296,0.18939716,0.42373666,-4.6379375,29.011192,-0.29515234,8.0,61.36504,0.6002741,0.09529546,0.16846965,0.09940036,0.036560424,2
0.23575756,0.20624195,0.034021992,0.62141734,0.058551975,0.5120234,0.06949257,0.2922308,-12.408261,30.429405,1.6260549,15.908372,47.90642,0.115025625,0.07789177,0.20167589,0.25998795,0.34541878,2
3.1991522,0.23620647,0.02225612,0.8284968,0.19438282,0.5810378,0.17379475,0.31064376,25.229961,34.088985,-26.285069,12.280472,51.175323,0.33933973,0.09528958,0.39076006,0.15506247,0.019548142,2
3.5584347,0.20508447,0.030633515,0.46617594,0.16783911,0.4392395,0.097698614,0.247868,22.900448,32.85776,1.1744505,21.850363,68.47622,0.18989177,5.8894708e-05,0.37771818,0.30951944,0.12281172,2
0.0,0.13768062,0.049058873,0.2191969,0.1667828,0.39787593,0.200049,0.26973063,-20.233055,32.15102,-12.595069,26.094225,39.052494,0.060190726,0.03079845,0.31201062,0.44665873,0.15034147,2
4.8360944,0.20727453,0.03283468,0.4885159,0.13250054,0.3770664,0.16164947,0.3490512,6.857119,16.748363,-19.549988,21.591467,40.53855,0.20754646,0.015357755,0.6105108,0.057422724,0.10916225,2
6.3287973,0.1685704,0.0296091,0.24410963,0.10759312,0.41210476,0.078857906,0.19676551,18.876999,18.884792,-22.736094,9.66931,24.0,0.5998676,0.0122384615,0.13335139,0.21614517,0.038397428,2
0.3564953,0.17308226,0.018645914,0.4225619,0.2061301,0.48052058,0.18525776,0.19096595,-28.624273,14.438949,-9.410003,17.386276,50.03488,0.10233219,0.035474304,0.36740533,0.49437934,0.00040885087,2
1.7267555,0.17943878,0.03284177,0.72462714,0.1563359,0.47974923,0.15644778,0.253152,24.986683,17.389812,-17.572369,12.749333,63.997948,0.20558362,1.171001e-05,0.52096415,0.23041353,0.043026984,2
5.5446115,0.18540293,0.029310854,0.37978777,0.04856139,0.6151237,0.14992096,0.27069616,-1.1724901,34.14091,-11.226688,19.097586,25.537786,0.47825965,0.022920866,0.2993569,0.18178256,0.017680027,2
0.21239308,0.22050422,0.014443567,0.3430971,0.13732544,0.41655028,0.13149928,0.30887935,-8.162269,26.822805,-12.014811,25.423035,38.420494,0.22634497,0.38375422,0.17294161,0.094070196,0.12288899,2
5.229796,0.19987297,0.02179962,0.62872505,0.12480144,0.5456319,0.103816986,0.2713784,25.141573,24.313725,-9.067041,20.78098,52.78723,0.035149608,0.035171017,0.44859987,0.46290517,0.018174313,2
3.858211,0.13257922,0.037650835,0.4672877,0.03,0.32988074,0.16086458,0.21085842,20.3548,46.22332,-4.018894,20.333834,45.26872,0.46495572,0.0236967,0.123748705,0.23009594,0.15750295,2
10.004667,0.11991581,0.040860187,0.6814862,0.1025974,0.28487074,0.24007913,0.24334937,-24.63556,40.821915,-0.21280871,31.159641,45.38113,0.15251866,0.1800552,0.37971726,0.13961323,0.14809565,2
2.615436,0.20600802,0.031121133,0.4581155,0.26980478,0.55794185,0.22541039,0.282388,12.978712,15.69048,-0.42576343,13.856582,52.64791,0.09231707,0.0012170995,0.6169314,0.24489254,0.044641897,2
1.3985708,0.2015478,0.03862136,0.5967809,0.03,0.48715276,0.1207804,0.31624183,12.252835,22.18795,3.188915,27.955267,72.84152,0.14098492,0.0012105198,0.5197324,0.33739528,0.0006768378,2
3.7413964,0.230445,0.030804308,0.26862666,0.08229073,0.37517846,0.03,0.33995795,-39.24768,21.463173,-14.603512,18.039928,51.30257,0.013834336,0.16669089,0.50822204,0.11948622,0.19176652,2
3.3470047,0.17606124,0.024488242,0.3597716,0.03,0.32819307,0.102620676,0.25077817,10.101195,30.561327,-19.309072,37.685986,53.68731,0.46584174,0.40855888,0.010622575,0.114360206,0.00061660836,2
7.895847,0.19119987,0.04814622,0.47228295,0.060853425,0.3816968,0.13730411,0.2204773,-7.418583,18.376305,-12.844794,22.082542,56.58652,0.022462593,9.342099e-05,0.37362134,0.54624575,0.05757689,2
7.7383847,0.19909717,0.019242289,0.43941963,0.048081946,0.46496695,0.14426154,0.20713125,20.321556,23.870089,-16.8937,8.0,27.430307,0.0077559883,0.15161349,0.66257024,0.17509042,0.002969837,2
0.8112951,0.117824525,0.033925556,0.85,0.08077627,0.45776394,0.17492263,0.35167563,-15.395384,33.758434,-25.123306,17.473085,54.70119,0.059940398,0.0013904665,0.5018807,0.3765638,0.060224663,2
2.4233425,0.11550993,0.02533351,0.6523866,0.2257986,0.26542658,0.1663077,0.23946057,2.2076082,28.796915,-14.567899,11.209306,32.304634,0.3174091,0.28316295,0.2358023,0.15974386,0.0038818114,2
0.9161574,0.20943557,0.028873067,0.64840746,0.18529767,0.28664532,0.16704653,0.21654235,-9.636617,18.20916,-5.125195,35.039276,51.136612,0.19788624,0.1361954,0.57615453,0.082240194,0.0075236335,2
0.38477308,0.19476907,0.0432513,0.47438553,0.1270467,0.45565137,0.09832851,0.28170222,-11.442695,30.91429,0.105313584,15.107208,63.935253,0.0641425,0.008607882,0.73422486,0.18457633,0.00844844,2
0.0,0.2338692,0.030899107,0.29104808,0.22369161,0.5095094,0.10384834,0.38300267,-39.38481,31.165064,-12.939893,28.845129,45.8017,0.39098775,0.012796651,0.26532635,0.1898815,0.14100775,2
8.066502,0.25374964,0.027950743,0.75098866,0.11619674,0.34474325,0.07592703,0.20529692,19.1789,31.932215,-1.1882888,26.755075,63.692394,0.015686752,0.09960749,0.5663639,0.31575376,0.0025881291,2
0.9890085,0.16798401,0.026170764,0.25688052,0.09223156,0.26898026,0.14299737,0.31138822,20.891642,17.33141,-11.9342575,11.92582,30.078846,0.10074918,0.002143739,0.5206782,0.37511802,0.001310857,2
1.661675,0.16590036,0.035036113,0.4174681,0.118348986,0.4434915,0.17325853,0.23815185,1.2971467,38.828312,-30.0,9.422089,54.1221,0.17284907,0.18678172,0.6180159,0.02100833,0.0013450182,2
11.310466,0.12573706,0.022965249,0.58601,0.06082293,0.17505378,0.18345141,0.27777636,6.67124,25.524027,-25.599709,26.982601,54.31166,0.49034384,1.248309e-06,0.15306608,0.21726519,0.13932367,2
1.0794164,0.20072319,0.031295437,0.85,0.04569464,0.39315018,0.03,0.32678083,-13.20593,19.638344,-7.9251657,17.669632,24.0,0.17651604,0.063421264,0.3992644,0.1624636,0.1983347,2
2.4507759,0.1,0.029462706,0.7610685,0.17298907,0.5112349,0.1535254,0.35511956,19.347866,30.630852,-30.0,20.135653,56.95197,0.09038074,0.17236522,0.22229607,0.21761476,0.29734322,2
3.8014493,0.14118704,0.02427782,0.5934399,0.15658288,0.41040695,0.07789801,0.23292793,4.437304,35.962917,-25.350847,21.189411,24.0,0.42379123,0.20724663,0.10210907,0.2646921,0.0021609713,2
4.0142646,0.19234602,0.019082157,0.82236415,0.07563706,0.2518556,0.15951025,0.32252765,1.1225414,35.366608,-27.24681,8.0,52.82107,0.28591242,0.05065384,0.5354181,0.12539117,0.0026245024,2
1.1439805,0.15364529,0.030811995,0.42593378,0.16336612,0.6207206,0.07756665,0.28662187,26.484247,41.584175,-14.101945,19.51407,56.118095,0.08104115,0.3338522,0.49221492,0.028691877,0.06419985,2
6.3698525,0.17810965,0.02755971,0.5676237,0.16536486,0.4406803,0.1667257,0.29819477,-23.42051,24.284573,-9.631327,28.037165,45.63266,0.09859753,0.027772404,0.39196044,0.41472277,0.06694686,2
3.4817693,0.1717193,0.032328513,0.7188614,0.109780535,0.46499193,0.09762945,0.35649538,-34.95528,15.424752,-29.098988,8.0,52.75452,0.1619627,0.0019395695,0.04526748,0.790546,0.0002842578,2
3.3369951,0.13552086,0.013193092,0.28962517,0.09235483,0.54536575,0.09868959,0.22025864,8.004414,27.051174,-4.453758,25.723177,77.91944,0.14574425,0.19008978,0.2081683,0.42412233,0.03187536,2
0.9787739,0.1,0.026865305,0.5564273,0.17958075,0.41820887,0.1701757,0.32424033,-3.7574596,14.0,-11.911257,18.481567,44.161366,0.00610383,0.2012926,0.44359642,0.345298,0.003709152,2
2.6082432,0.20800336,0.037360087,0.5663509,0.16238877,0.40694156,0.10241985,0.28098083,-20.432278,22.497238,-25.23016,12.040145,36.690136,0.030434538,0.39532816,0.2564344,0.29107,0.026732868,2
5.924133,0.1728861,0.01734336,0.56162,0.22700012,0.5872384,0.17793992,0.35286847,3.0964904,26.98644,-11.6231575,22.425133,75.23123,0.16658887,0.00938715,0.6398823,0.18221353,0.0019281401,2
5.934015,0.19358289,0.045533184,0.34348965,0.16180058,0.34180027,0.16709605,0.2987052,6.540361,25.55949,-19.57722,19.879456,53.032726,0.033145458,0.055776186,0.20703335,0.63142246,0.07262256,2
1.7126856,0.17765936,0.03343779,0.5654169,0.051361732,0.54976183,0.124436446,0.25942254,15.826494,34.58621,-19.719593,29.540844,64.573616,0.10985347,0.30777973,0.2911382,0.29113513,9.344713e-05,2
0.67797756,0.1769467,0.029397031,0.5441737,0.06338647,0.3043386,0.10732497,0.33098632,-19.853222,29.808392,-24.687637,16.091814,30.963642,0.010570595,0.001343682,0.7583701,0.078048274,0.15166733,2
5.6355762,0.18653983,0.031390037,0.41755882,0.12911503,0.3525761,0.19381128,0.23025201,-7.366287,34.027668,-12.194097,29.025566,24.0,0.110199615,0.00061577634,0.36879018,0.5203407,5.3709227e-05,2
